y	x	showSelected1
6.48711936689923	-1.42649808871625	406
8.83110578946941	-1.53157361061826	406
7.43104088561711	-1.47684285186024	406
8.30060282685798	-1.57846820326856	406
2.0913083035928	-1.06115952590629	814
4.02675366424358	-1.71093128500436	814
0.705089026956021	-0.719154437880353	814
1.40641103569075	-1.43509307915342	814
0.372569711891572	-0.459654135668942	668
0.00600551725196134	0.0118131086732019	668
0.404207265867802	0.663665680108746	668
0.111118792530004	0.358915693115561	668
0.235169973274679	0.397344675838331	668
0.151626072747632	0.365205349924233	668
0.310527015822165	-0.964039570562586	668
0.247768272732394	0.563060826600112	668
0.0625465270492054	0.266627115175975	668
0.0607131516888846	0.26536920306207	668
0.313039231856208	-1.27668790996138	668
0.501833177367217	-1.92693535575958	668
0.373167238617778	1.11964790609123	668
1.46292623163811	-3.89017451709462	668
0.313039231856208	-1.27668790996138	668
0.906986617282364	-2.97754145829741	668
0.312842928655189	-1.27795488736983	668
0.0390385236513994	-0.165995901517122	668
0.317800856675647	-1.27266443213812	668
0.317750161176215	-1.27270649800707	668
0.923801018162395	-2.98219302127868	668
0.776792816642238	-2.70662069556785	668
0.218517631294127	-0.747174700671328	668
0.646757492883705	-2.37077728022036	668
0.615774918457635	1.75491055623067	668
0.621862370215723	-2.37105194074326	668
0.62302778395601	-2.37022774580066	668
0.226832788396469	0.901957376552323	668
0.90614685835462	-2.977981440892	668
0.0395177751743318	-0.167503736762668	668
0.317750161176215	-1.27270649800707	668
0.501833177367217	-1.92693535575958	668
0.317750161176215	-1.27270649800707	668
0.317750161176215	-1.27270649800707	668
0.892701528362609	-2.98283119410466	668
0.48249935977077	-1.92710545610806	668
0.487888357893364	-1.93101694731389	668
0.621862370215723	-2.37105194074326	668
0.501833177367217	-1.92693535575958	668
0.613080850264737	-2.37852296794475	668
0.217499311058925	-0.752427968695644	668
18.8239418893943	-1.77146204995174	406
16.9961992209091	-1.48440980220025	406
16.2984619016965	-1.61531345077175	406
6.56522865507646	-1.3398886369376	814
8.38020160210551	-1.95786229810903	814
1.7261740430723	-0.90660030077064	814
1.94689981433593	-1.01567334422552	814
0.356160185246082	0.270006428349408	814
0.0959609819835794	0.122836084963957	668
0.162992022658916	-0.241098034513159	668
0.638593194533719	-0.875752902629686	668
0.368027991021815	-0.625339194270965	668
0.352448732067747	0.55052131043964	668
0.411532208320901	-0.795728560681628	668
0.0733178104974537	-0.180203426061411	668
0.141243078022129	-0.347410701844683	668
0.154389042571669	0.406572439362006	668
1.00711469558026	-3.20942269485098	668
0.475337221149318	-1.00595190489937	668
0.653806023376385	-2.37464705940409	668
0.51012610348234	-1.34624652985668	668
1.3751648469689	-3.74118299589525	668
0.923801018162395	-2.98219302127868	668
0.134103307722624	-0.491680817131469	668
0.894143696496843	-2.97842143297777	668
1.55036129332742	-3.88428323576117	668
0.0401559264919559	-0.129977803474409	668
0.410572883217692	-1.16012849355376	668
0.0399412992940366	-0.166446859278822	668
0.987470938585249	-1.95365751200882	668
0.22639578198474	0.687440936402426	668
0.0606430256734126	0.263430194200273	668
0.689026362894369	1.67078950576	668
0.0311087526441201	0.106964777885778	668
0.483042957846023	-1.92676514965655	668
0.222354166182952	-0.752964638423205	668
0.635450040496641	-2.37436752964166	668
1.02327168051518	-3.20366405610256	668
1.13543576543995	-3.40476703405873	668
0.0608156865347318	0.266919334293789	668
0.906986617282364	-2.97754145829741	668
0.309268554402933	-0.96462396275921	668
1.27020572903749	-3.58029630828316	668
0.782914112248885	-2.70698383580736	668
0.360096862188176	1.12197628791162	668
0.62302778395601	-2.37022774580066	668
0.0624941468940538	0.262082917425871	668
0.487996430070766	-1.93084221322313	668
0.501833177367217	-1.92693535575958	668
21.7613035010819	-1.32564947967513	406
15.2457241119922	-0.955930898670718	406
11.3565331411146	-1.18472812433517	406
14.4585891259176	-1.60485319783776	406
8.49420810929345	-1.48306541114102	814
0.859617382290441	-0.328367275065567	814
3.10800811717825	-0.929268979819018	814
0.409649345623703	-0.287877099167228	814
0.772586642812675	0.45901284379321	814
0.474899862574875	-0.464557742219538	814
2.12510380975342	-1.3064428911459	814
0.600399247901538	-0.755677743700148	668
1.00739558251255	-0.895092711107959	814
1.39715075542588	-1.38968142381191	814
1.66631877948984	-2.11908422666478	668
1.23602867520484	-1.28526452213048	668
0.0334325745186715	0.079581042403494	668
0.0217592965483112	-0.0523655008248549	668
0.0015300152308341	0.00481131556981469	668
0.736070259600092	-1.15643132343054	668
0.377290479797801	-0.852559397208577	668
1.07686299350104	-1.66014403568455	905
1.17592587750799	-2.1938618186304	668
0.894988686458688	-1.55729086931171	905
2.09796628990681	-4.355397514743	668
0.370956854243781	-0.845504756034441	668
0.58803572674483	-1.14835151438713	668
0.729889683687602	-1.66222084336883	668
0.54251979649316	-1.12760367193058	668
0.96003263760357	-1.94076316844643	668
1.17342991840139	-2.19330890874428	668
0.30006207333105	-0.662481336425116	905
0.0384210514004542	-0.126441273183866	905
0.818985187266135	-1.80315620312502	905
0.795215374780669	-2.71117269649696	668
0.220448965572615	-0.757721919356139	668
0.714082173276836	-1.64915698887173	668
0.278133513508217	-0.686381740027676	668
0.179140652599135	-0.499614099932337	668
0.961414095028852	-3.22010389654462	668
0.263774397188101	-0.697594637216647	905
0.0546698370778621	0.120508310565446	905
0.795215374780669	-2.71117269649696	668
0.578070103305096	-1.50996392380257	905
0.0383384131052412	-0.125327746545732	668
0.925271985405218	-2.98130290015837	668
0.975112098698478	-1.95821417393693	668
1.15227712022473	-3.4096436177066	668
0.35050010511779	-0.837282924777246	668
0.129959871515153	-0.489735744403573	668
21.2966621352918	-1.04526138839424	406
17.4463499795723	-1.00076082675148	406
19.6008970994606	-1.38910020169248	406
13.1511751047959	-1.2742777309068	406
6.49033683520071	-0.829423971266179	406
2.80152942033254	-0.520608588173482	406
1.85810334199705	-0.484951452620696	406
0.262109358226923	-0.127403607132746	814
0.992313908172387	-0.451082704926404	814
1.12452368739301	-0.535431139382882	814
0.829399384112729	-0.476089767736201	814
4.74549464633925	-1.60720643392354	814
2.17900855845082	-1.01678658047993	814
0.41377102124381	-0.3492953235129	814
1.95539506444768	-1.19259427491451	814
0.00918416923286509	0.0123916815941027	668
0.215420643528345	-0.262496045335984	668
0.19611720580733	0.246758122406017	814
0.916681321924028	-1.02686889531575	905
0.569514109948087	-0.641114054589727	905
2.01502669081445	-1.76749291599101	905
0.491388678517016	-0.61452808674104	905
2.37262374851673	-1.95987717688155	905
1.08495419215267	-1.40460700906844	905
0.873584002636642	-0.88973934226515	905
3.54072763286944	-3.54288670190184	905
3.50405649343752	-2.19560299303847	905
6.11519346615493	-4.31648307332522	905
1.26852764110672	-1.15410912314862	905
3.58508090064637	-2.93175671580121	905
1.69126208768802	-1.81808466431897	905
3.11623404796337	-2.77394609049798	905
0.502601558280959	-0.944669801978107	905
2.57251608117879	-3.15720024529663	905
1.95809415743148	-2.00667833088081	905
2.58072429194272	-4.65251755120304	668
1.22170171646032	-1.61650105572548	905
2.07223883387832	-2.32577157572245	905
2.44158573320733	-2.9984992242059	905
0.225716891568452	-0.454815607152605	905
0.087152845884632	0.182699176798559	905
1.37605972835589	-1.96356449483356	905
1.45944906385855	-1.94460386101493	905
0.71441876278478	-1.1502562514203	668
0.679708153876497	-1.27674943770682	668
1.46241187381531	-1.96179859419525	668
0.27231081378457	-0.677536073628881	668
0.627782806677589	-1.0719598184299	668
0.70547759283441	-1.6637375520892	668
2.08223430368986	-4.37136826518242	668
24.2347565195634	-1.29480790962548	406
18.4227672893975	-1.02237792953709	406
10.8631446887181	-0.896858334013898	406
5.56361446897002	-0.621984373728729	406
2.99416848524202	-0.439297711144046	406
0.258244935427141	0.0922444736491317	406
0.273184348944643	-0.113335262181881	406
1.90529633372788	-0.586970765415883	814
2.28562643099403	-0.660596851667757	814
2.80508610846495	-0.789620785205664	814
2.38151293950888	-0.775185013432548	814
3.18913647693531	-1.16671478206819	814
0.155882517038858	-0.152743660637818	814
1.93242121541412	-1.09694272958758	814
0.0331984434548059	-0.035183947264466	814
1.77008650684456	-1.04219210340334	814
0.296582507160459	-0.285587330883634	814
0.948720949333118	-0.816779137206951	905
2.13438168032115	-1.39169704925505	905
1.28737031212073	-1.33067876236647	905
0.925523769155213	-0.90007361570026	905
0.585393644436259	-0.591173938447024	905
1.51728472628859	-1.27465762615357	905
3.63537342648355	-2.93576746640233	905
0.526569557961997	-0.674272561037817	905
1.64897755604494	-1.67133989900063	905
0.959018105634454	-0.857999500839413	905
0.239438742601286	-0.296908046332717	905
1.90208008703915	-1.59153871181593	905
1.86782657327015	-1.94554527231594	905
2.79612210590535	-2.69184470750966	905
1.06901879226812	-1.51061514627778	905
0.94754653778386	-1.13509192601608	905
1.55545346918689	-1.80610223751052	905
0.830595563364106	-1.26871372561106	905
0.878816070292667	-1.54276680195257	905
1.79931817216914	-4.13705834976475	905
1.39011983933825	-1.50247026232448	905
1.86085217185844	-1.92897255782224	905
0.455921929863655	-0.651625274870697	905
0.152263383391344	-0.282367039800195	905
0.770101804951445	-1.41224586376298	905
3.01805329793103	-4.90396544790935	668
1.86893595685709	-2.24232076220196	668
0.833903305773078	-1.02577399153495	668
0.76650212575199	-1.09446104893436	668
0.320342085743399	-0.968610273807461	668
1.38298500461209	-1.86973824600122	668
0.624555132559364	-1.51115505666974	668
0.694439058027966	-1.67161261718717	668
7.89955997838264	-0.411897644356679	608
2.39967670592736	-0.206810896219065	608
0.848067187693314	-0.115237829301213	530
6.01878019876452	0.41264272484968	530
12.8758645350834	0.727816938462874	530
6.24020242077459	0.518647674968173	530
0.775684771132804	0.155660786586538	902
0.562736247362709	-0.136005196751153	902
0.393582786973705	-0.109648908168697	902
0.346846537507287	0.0988059856725695	902
0.14736472541606	-0.0565417405641558	658
0.0410925207577085	-0.0195545696155563	658
2.33664513515881	-0.495592277695557	658
1.48733381384427	-0.442725870104862	398
0.0668159092142615	0.0412959201470092	398
0.0908845593071866	-0.0525270165263829	398
0.234005840677592	-0.133161097064079	398
2.09613268720789	-0.64682223553411	398
2.4280235267969	-0.771773295723851	398
0.755784877444279	-0.344873792272227	398
1.47200884011749	-0.553685186783957	398
3.01594693945343	-1.00972971106633	398
5.03134515922794	-1.2644753812567	398
7.84639390377452	-1.68203577594921	748
6.39262576582818	-1.74743664559247	748
8.61879581253604	-2.08505034986256	748
2.48890726757502	-0.957835519648445	748
5.65095793302021	-1.83598349679377	136
3.96573014302767	-1.56771765639391	136
4.39878432580166	-1.55087285191958	136
2.1042243217705	-0.956340531301884	136
4.94709190079391	-2.10730325995224	136
2.60878508526907	-1.21511390320772	136
2.04466970107713	-1.18620728225074	136
2.3126664720369	-1.41086045434481	136
3.34684951174119	-1.34512265841848	136
4.46224279888184	-1.93172079641221	136
1.30249431853659	-0.924431971541466	136
4.63160855357396	-1.82411699628855	136
2.65840510310303	-1.35506952382302	136
2.33808799958811	-1.08557682055308	136
1.625710263858	-1.08789890988404	136
4.23576461276553	-2.04114938583841	136
3.31124192113107	-1.69416855777436	136
4.08581898282453	-1.82913871192811	136
1.49824651259251	-1.05194619528672	136
1.18085911724577	-0.940060337186573	136
3.18937492067433	-1.9532985041919	136
0.752882001157805	-0.779501826835502	136
3.18325769693652	-1.97480576134658	136
8.02901604527893	-0.40687484746603	608
1.91925897390074	-0.168475349601541	608
0.318003252658326	0.0509848994858203	530
0.572781452163616	-0.0875891330781271	530
0.632025745201383	-0.104314332243213	530
0.543462873577371	-0.104361727733509	530
4.27444906570828	-0.448575807170695	902
2.16764906443886	-0.326613732117773	902
3.67696543312257	-0.439827751805468	902
3.18760672890233	-0.460702708850818	902
1.33986051081255	-0.278524489926438	902
3.04114321920312	-0.54288956959891	658
3.37559089548098	-0.586313454400049	658
0.652828052227546	-0.210503276952993	658
0.17927829727033	0.0797166915930634	398
2.63910252124438	-0.635405448889473	398
3.24849723539736	-0.77094905036113	398
0.904057933668611	-0.353654863737702	398
1.09295060740225	-0.404904400753608	398
4.02099757554218	-0.908498878384831	398
2.19389642869201	-0.675905279340333	398
2.99726690239012	-0.861555259928248	398
5.77533213711999	-1.15698954105464	398
5.09729677113881	-1.18263495598881	398
7.77132203156536	-1.78540458577809	748
5.41871522074345	-1.39174566756255	748
4.19050684046805	-1.27067659790847	748
3.96410592326847	-1.31812982379776	136
3.67165743174372	-1.23015482546049	748
3.02828651042287	-1.04320364211226	748
2.33786176287161	-1.08789388686835	136
4.71695302984156	-1.56655647036827	136
3.59021951959288	-1.30974304367367	136
0.896530671463407	-0.553370190031194	136
4.19950910407987	-1.44960255516752	136
3.58223602195777	-1.30285406600898	136
3.16388059930139	-1.51179148622666	136
2.08475950460404	-0.944325133094992	136
3.69551061016357	-1.45583799077582	136
1.6719800738761	-0.822292215225838	136
2.04259405235197	-1.02379273478864	136
1.22093262711267	-0.765457816107525	136
1.42725578866665	-0.878927202736699	136
2.70413859666553	-1.23692193868546	136
1.6765717576107	-0.914994586769769	136
1.6776937481057	-1.07755695140645	136
2.33936474190149	-1.2480043789327	136
0.787624560132928	-0.723404829591205	136
1.4657871273519	-0.947305159094153	136
1.23670302983958	-0.924882678348013	136
10.2999109010997	-0.478477523613847	608
5.0259711072002	-0.308212364166352	608
10.7306810346562	-0.573780411496223	530
6.05416079531168	-0.432657235633017	530
5.62224353924303	-0.46619425981925	530
10.6144154997257	-0.817569535985904	902
5.47910293275127	-0.530281926928005	902
8.65402966262757	-0.758994282617395	902
4.14412827391988	-0.509918661499739	902
3.77512846546302	-0.51150725208006	902
3.02736649629448	-0.461972082615951	902
3.89787601205779	-0.572915077220482	658
0.264134271728127	-0.0952353582453487	658
0.556506272697637	-0.182786327853283	398
0.372023106024642	-0.152301199911989	398
6.61370240488968	-1.12817037660945	398
1.50554501226796	-0.437245011068841	398
0.85154482211211	-0.304051862478455	398
2.04907503350989	-0.581143633848773	398
3.69867076203197	-0.907702380169672	398
7.01395473729227	-1.32079358660554	398
5.15852318535708	-1.03489447573964	398
4.99027140009325	-1.09677885210159	398
5.3964665193391	-1.234108626753	398
3.33160209625056	-0.978755392796197	748
4.90801053237433	-1.28064691552627	748
2.22770778680681	-0.804891112785555	748
6.82624270662674	-1.8165942455908	748
3.99626749449206	-1.25480862799173	748
2.22946045889851	-0.911134100479802	748
0.829268282170138	-0.452339819205356	748
2.32968691121832	-1.03700900038174	136
3.94383904281233	-1.37321051166255	136
5.18751442416468	-1.83562433754844	136
2.8398150258167	-1.15721302973361	136
1.47980384295932	-0.816295729275006	136
4.88934863880024	-1.61211275951699	136
5.9166276898424	-1.87311632638454	136
6.46578707507712	-2.09536257309543	136
1.26996855154861	-0.712947659385225	136
2.58347679914552	-1.26927001031131	136
2.24703484680841	-1.14770737894723	136
2.78726575456898	-1.27845503251394	136
0.633391245379262	-0.456294540247032	136
5.30836432558423	-1.92393430907426	136
1.81464747456209	-0.954712826923154	136
0.877837211550776	-0.657661385793195	136
1.23288711744386	-0.860195640831151	136
1.58405416203065	-0.914510382039088	136
2.60376436271689	-1.3982429283277	136
7.53821543278421	-0.384327360300675	608
7.75868003894973	-0.427641121591659	608
5.14034706042975	-0.371891892502231	530
4.69553970291491	-0.389038455206517	530
10.8437766190382	-0.748781440506388	530
7.44863774876046	-0.587003850909495	530
10.4458145815945	-0.794778505624306	902
3.61382833804125	-0.433201985884964	902
2.03465329096959	-0.32404062428918	902
4.10957330719726	-0.533967825587738	902
5.96859380736685	-0.725863609426758	902
2.00808904398812	-0.378396218802337	658
0.296255018818388	-0.101384748301608	658
1.69865315077856	-0.406483109283719	398
1.80983837597298	-0.445438482606796	398
4.35373506444915	-0.854900860398929	398
2.09493273305603	-0.502854473583511	398
3.00175056395932	-0.676116737545336	398
5.24416716233322	-1.07622492139694	398
3.87413778980663	-0.814467923020266	398
7.1464834054362	-1.19267391338723	398
4.75307667029212	-0.975574586738457	398
4.56272768639374	-1.00839084011354	398
1.79327512990275	-0.627235502235051	748
4.52277360095967	-1.18328588930573	748
7.18426048149114	-1.49814129950826	398
3.66812550637671	-1.08484010273753	748
2.71762767461658	-1.03273799585845	748
3.35556666952688	-1.03734440622359	748
4.32679142660651	-1.27364228030741	748
2.11808234654323	-0.764183299384902	748
4.14648029460073	-1.3779018093394	748
2.25281094539338	-0.916100126167745	748
3.96846516642148	-1.44105138240912	136
6.35253527905908	-1.72098714764859	136
5.3202991114352	-1.74642742093725	136
4.36825799517842	-1.33284405632872	136
3.58532148786723	-1.36223161855016	136
4.45080007132124	-1.36298697419659	136
4.44978733496141	-1.43802307983453	136
2.61004978929878	-1.21318604366381	136
2.51811272458707	-1.11043526328693	136
4.05640068578066	-1.6107114203668	136
0.630965013541187	-0.468023383360787	136
0.491712533506447	-0.390266799693422	136
1.3522214942766	-0.884897604492529	136
2.50797020219947	-1.03816525708633	136
2.10595607137825	-1.04636644153419	136
1.64386150781579	-0.880012503578567	136
1.04604782204067	-0.78107889027931	136
16.304879105043	-0.680367236323002	608
5.4852592796988	-0.333522738399976	608
5.01999570072908	-0.364279481930395	530
13.3991585859507	-0.813155096681706	530
7.79044420408907	-0.591419136879185	530
9.39991184621952	-0.679767675768456	530
2.58900353863849	-0.319548155503281	902
0.0587687113865673	-0.0174121335296188	902
5.93863702976538	-0.626860437159282	902
7.51460215344399	-0.823205516237033	902
4.00261398245413	-0.590541011113183	658
1.20840054994401	-0.292539620976008	658
0.640214052215001	-0.193109871284732	658
5.60326052899378	-0.949867529669136	398
3.0402868298839	-0.644401696188415	398
4.48293851810709	-0.836981318206152	398
2.62511068749205	-0.568162494950427	658
4.13816593019433	-0.821525775525686	398
2.98104734919812	-0.610850765056853	398
6.60594764263546	-1.11172025768765	398
8.50625893564088	-1.55166006501143	398
3.50122522844347	-0.928241349605341	398
3.62119025917644	-1.04473555419881	748
5.4116790666044	-1.26247531917063	398
5.67292656838655	-1.34463222899376	398
4.06956700853696	-1.15149180022325	748
2.80531468688996	-0.842434062608258	398
1.58832476639562	-0.634622280484147	748
3.65045480104082	-1.15189012489633	748
3.96918756124124	-1.13139767704069	748
2.04710245811868	-0.902463221933419	748
5.46368476454067	-1.4871154559127	748
4.03146157979103	-1.25339106439878	748
3.060940728808	-1.20135024595926	136
4.84599892432528	-1.60921970147898	136
7.55977128245133	-2.03291628961702	136
2.3199738462313	-0.870044219137261	136
4.18829124072446	-1.51235253626616	136
2.20717386080447	-0.934040420273181	136
2.57316027610717	-1.2025105995207	136
4.67451339524598	-1.82279631556887	136
1.18100087731292	-0.756094376230267	136
3.32990216322455	-1.32395675198338	136
5.88978312226636	-2.0930200277521	136
1.35121873144137	-0.91461718686774	136
4.17698950045758	-1.64101195616112	136
0.762668788572634	-0.544485254963736	136
1.46220199994081	-0.919191333529033	136
1.98790053229167	-1.11291305245284	136
0.70201618697132	-0.478522481195171	136
12.7550814549943	-0.564673433488262	608
5.70044569811595	-0.346395019906313	608
7.80611445251388	-0.504913749719406	530
6.51457333173681	-0.478016531687214	530
6.6605506598388	-0.496656650899403	530
1.9508683704364	-0.243583530955515	530
1.36760893600978	-0.207891818273467	902
3.69379695462979	-0.415018110681232	902
3.95374065502664	-0.484067652596712	902
2.20909233358568	-0.354370548607385	902
0.443223146345655	-0.12536712248892	902
1.72176062421521	-0.3430877822884	658
4.8437461564522	-0.69808310951725	658
5.08275382152779	-0.797013120984949	658
2.31650037694911	-0.509478004745488	658
6.31441722321032	-0.916752303814265	658
4.26294728635041	-0.732166340914033	658
4.30407530356073	-0.693171680414266	658
8.81974705678902	-1.23784772057687	658
5.71687264304154	-1.08933381064269	398
3.95431291010438	-0.893981156407286	398
3.83639007752263	-0.914724450718712	398
6.32135570404168	-1.21421516812207	398
4.75915771529442	-1.14087924548952	398
4.56413047762684	-1.13139005563099	398
5.67869507336537	-1.18454925382372	398
2.97136177442046	-0.869942494517061	398
6.35203550662009	-1.34273421462694	398
4.42046518298179	-1.19470908343073	748
5.0449976991738	-1.22873019341334	748
5.2487607453188	-1.43923989637375	748
4.14264576844392	-1.16157039025375	748
3.47330823515249	-1.07784694638988	748
4.60743675619825	-1.28216380318506	748
4.26671714659937	-1.21234549931975	748
4.96506648645418	-1.48319868122935	748
3.47944323678725	-1.2646373583421	136
4.96081652312859	-1.47604315909333	136
4.04945321361121	-1.22972718509571	136
2.91017721591099	-1.09551224652668	136
4.46636101633502	-1.69951848747109	136
2.6754093627526	-1.10733326692951	136
7.29082500654458	-2.11735207027494	136
2.43939654472451	-1.09754818306556	136
1.95290532374433	-0.865934214623222	136
2.66173775788121	-1.03992098163497	136
2.93328641303219	-1.22049165321629	136
2.25182178832502	-1.08113026976016	136
0.711489864558005	-0.477116297122342	136
2.76049293116302	-1.07971097825063	136
16.8380261954173	-0.741014526026234	608
11.4996125403403	-0.556483046008551	608
7.16524854903721	-0.460705142873559	530
8.23418658488107	-0.505501494179631	530
3.21092214363177	-0.302185078662577	530
4.1011852409718	-0.384965094821126	530
4.05193201483096	-0.410621597029864	530
4.23896889355679	-0.444443411553789	902
0.55124290739049	0.119475369786342	902
1.47294751633434	0.258198457307364	902
0.551742463458654	-0.13836646109607	902
4.17070141420531	-0.566396007406679	902
4.08046672731045	-0.591043926509735	902
1.10630371800007	-0.257750962809164	902
4.69254804860726	-0.670775653035631	902
4.47303402686105	-0.704437013673741	902
6.3741738972933	-0.827205558567284	902
2.31257412145765	-0.465237929077664	658
2.0016687704737	-0.460092010930686	658
2.48452606206954	-0.603805006016285	398
0.780728801069906	-0.280003282314344	398
4.6994179959145	-1.020644446374	398
1.62102831562638	-0.488704008981947	398
6.39520754480584	-1.30008193266774	398
3.13566572389008	-0.82885029608011	398
3.46725856840054	-0.934928258154008	398
6.27883825377873	-1.32462360126676	398
3.90224458754774	-0.955916230013928	398
5.44177218310925	-1.28451959587386	748
9.18602724818924	-1.66184556729652	398
8.74850508331197	-1.65040787529418	398
5.01762436815151	-1.39471127335002	748
4.76538262970248	-1.29314205787377	748
3.60975533069506	-1.1109139019097	748
4.07005067468179	-1.21158508250384	748
2.16618154766946	-0.826016761543387	748
2.43909589954028	-0.777443814178239	748
4.10241252016398	-1.1825414191639	748
4.8955982488186	-1.40575140148168	748
4.71924853288414	-1.34332294423978	748
1.68630074396568	-0.703207906082148	748
2.52614413022324	-0.897806765299969	748
3.34669099095658	-1.33878670518601	136
3.40423025953214	-1.11480743965053	748
2.25103165339405	-0.948716637495521	136
2.53497406978119	-1.00942721105295	136
1.50715994628123	-0.771660843166225	136
0.761623157066213	-0.451036704122483	748
1.13581049276634	-0.633827271076074	136
3.13887212681299	-1.13154179893315	136
15.7656999704316	-0.643439734166543	608
5.1025059884782	-0.310358805017222	608
12.184594969461	-0.653006898471785	530
3.04060803795451	-0.298323462254957	530
2.60589771086814	-0.276532606178616	530
4.59941343689117	-0.399205440966167	530
3.84850910913269	-0.379956043875486	902
0.988946597216035	0.163547827487233	902
1.91236880229452	0.281615629812055	902
0.222941733192307	0.0619095568047238	902
4.13790362897288	-0.516859928485244	902
1.86801470797175	-0.341144904027813	902
0.539940792354553	-0.137093427445674	902
2.95893228201979	-0.486772953881102	902
2.06363829855521	-0.382773106668465	902
3.13970051038596	-0.497008614625525	902
3.57623844669024	-0.531980399330199	902
4.17850909621278	-0.690348575142872	658
2.7512906030958	-0.58822534672084	658
2.1726260739506	-0.49744378944251	398
3.30892728351062	-0.694031219138456	398
1.16488382516613	-0.355181871007723	398
1.7892667794436	-0.544716119049937	398
2.88808669038354	-0.703138784426321	398
5.13965614960947	-1.04128740180877	398
3.78094032280919	-0.815184307348799	398
3.84772816953954	-0.8479131232643	398
4.20839059087042	-1.00039121267274	398
3.46644872939387	-0.857274328331722	398
6.75270521477564	-1.40272707326054	398
5.84639452159258	-1.46605155999939	748
4.01591872823369	-1.02906623286283	748
4.53117213253195	-1.18270466566794	748
4.41389862222793	-1.12121025982425	748
4.2148177526691	-1.11102286136121	748
2.37428698452298	-0.852193488720636	748
2.95909022784356	-0.892875444128997	748
5.40892966584713	-1.37560323450524	748
1.26017245771878	-0.593144652074748	748
4.67236202977658	-1.25111940186993	748
2.4471838465985	-0.85356058407846	748
1.72164420374616	-0.84149018304621	748
3.90252641927747	-1.19781085538318	748
5.37469534338777	-1.55755196185035	748
3.62371495210785	-1.2345222886229	748
1.42081777370317	-0.669986079681264	136
0.613761096788593	-0.359306347443361	748
1.35457989719429	-0.570096598276693	748
2.07412105184148	-0.814459728754849	748
2.8588700610572	-0.936796674997421	748
14.2053239030551	-0.603008673964529	608
10.6444067703623	-0.531661825390038	608
5.28454600417317	-0.374725634669213	530
3.55732574818958	-0.318669588262314	530
7.38206278443056	-0.526075715448483	530
5.58544687264568	-0.459799747646817	530
0.634046155948761	-0.112852611213802	902
0.956931571586076	0.162239367001304	902
1.16277915092255	-0.199482856216245	902
4.87302770547842	-0.542320091237911	902
7.31805413811405	-0.76133369782803	902
0.584932024446203	-0.143707761350519	902
1.12485666741657	-0.22169553892825	902
2.88018495349611	-0.454494063114326	902
2.2624644049644	-0.380362311433619	902
3.67998381136493	-0.522453444252211	902
0.943696652716591	-0.250266970730334	658
5.13240966045741	-0.801021394765333	658
1.24155950122382	-0.344646474241344	658
2.87323713230565	-0.589318905747216	658
1.45326996373141	-0.432868240492325	398
2.54449860679079	-0.613096153957846	398
4.88369461983154	-0.962066479522687	398
5.2083277125839	-1.04342102198777	398
2.81658751925709	-0.663625159162734	398
3.75773487717502	-0.855354598136401	398
3.86934060096407	-0.907079876742705	398
5.08968622492947	-0.989183463648183	398
7.714374826481	-1.3534183697023	398
5.53044625958627	-1.2448552595991	398
1.22408907753123	-0.433997626195802	398
1.28047718175537	-0.50139450869591	748
3.87092794210856	-0.92698603391558	398
6.18408563592112	-1.39514300904279	748
5.58421997007555	-1.19306466223144	748
5.25707469959957	-1.38057971635207	748
5.8493102104313	-1.27149455022771	748
6.13519305264646	-1.43938808519043	748
3.12495724944486	-0.897746368555475	748
3.53827416227499	-0.935943930674681	748
2.16848428771602	-0.885401693716175	748
4.2422257590529	-1.16466228358492	748
4.92015675445386	-1.36474762399527	748
3.73891103548401	-1.06502307470369	748
2.70302710225736	-0.98936598658826	748
1.45234625763405	-0.622709110751366	748
0.89488124766017	-0.430239883079408	748
3.13479608945111	-0.920967876913918	748
0.964137263340977	-0.467802655103227	748
2.6203895384823	-0.819958886643037	748
18.4793237161086	-0.724847454453364	608
7.03486008516339	-0.394543291383953	608
10.1344322749087	-0.594917721961458	530
13.3546939800403	-0.721137831203465	530
14.0794385791313	-0.792306844850529	530
1.10588675408236	-0.157481107399211	530
0.154797318828695	-0.0359991920668946	530
3.06846699728538	-0.364484155090673	530
4.36857416984874	-0.467900281474201	902
3.83622499493668	-0.463164765250205	902
0.676491702574999	-0.143900037103736	902
3.03322369091937	-0.403407352206065	902
1.16675278888938	-0.233452640768416	902
4.23790204141181	-0.544689351899414	902
4.03546092413961	-0.551560982129856	902
1.7717209191315	-0.368869625702659	658
1.9519804306332	-0.430547459848826	658
2.21984074268064	-0.504608376586878	658
1.58022768897176	-0.392048486191004	658
1.5957798728693	-0.439311993519503	398
1.62988060809699	-0.426005737628396	398
1.8565275513955	-0.475725753138891	398
4.73335220469161	-0.906106150082445	398
4.10273316278944	-0.80617321284586	398
2.52531964909708	-0.588051564147604	398
2.95110616470025	-0.674831236454958	398
7.65804765205706	-1.29201218579647	398
6.73082059037162	-1.25109305059663	398
2.21873916675091	-0.67175047467891	398
2.34509196835586	-0.653628945578742	398
1.6110547055919	-0.521291873265499	398
2.99115038868743	-0.749566914441532	398
2.85486114222634	-0.757921463168918	398
4.59705965259134	-1.11106871431918	748
6.10492086897804	-1.24025256565605	748
4.90607538757378	-1.05430409633882	398
3.20152151907956	-1.03324386535909	748
3.12161868762484	-0.939982077926457	748
2.48888098691029	-0.789710761177792	748
1.82662413568712	-0.737048911126084	748
2.21783206838372	-0.710571009873715	748
1.80590863974225	-0.65385350592844	748
1.81050994829048	-0.649916180258025	748
0.755108616541954	-0.397721535182267	748
2.79067305706666	-0.935877359302195	748
1.51424647341678	-0.549895477193275	748
2.36278692690426	-0.743532193389504	748
0.777136026234701	-0.340847614915704	748
0.212936188820049	0.13332945381483	748
0.160715581657972	-0.0953995078633525	398
17.6316709008957	-0.708625322495372	608
7.92026951073346	-0.419370275487675	608
15.7256675168858	-0.742543923810016	530
14.7337177553548	-0.768924056688843	530
1.43228278658394	-0.187701084632729	530
0.181079884958183	-0.0397772290131066	530
3.21193090026907	-0.348806850941772	530
4.1997353838182	-0.441591365716691	530
4.23535783353231	-0.468022411443431	902
1.06035281240705	-0.197030313012695	902
2.72051443253944	-0.355404215449204	902
0.120020450538045	-0.035511206555411	902
0.0492897616199122	-0.0156349738273889	902
0.575756375364608	-0.136878175730407	902
0.818030575225791	-0.19874967962949	902
0.862676203756995	-0.227589856842495	658
0.173023986865091	-0.0693505088737907	658
0.896834276348459	-0.264370044315643	658
1.49806850157852	-0.390251602676781	658
1.46570604425644	-0.365157131494408	658
0.869852140607504	-0.272063171806012	658
1.4743518002592	-0.377923283873224	658
1.49837189296188	-0.394720604262322	398
1.14212430562312	-0.331236503298825	398
1.71440987558705	-0.451281198005871	398
4.87591657123165	-0.857321276369798	398
5.84798631606961	-0.996853491340997	398
4.01699380347482	-0.884424081160188	398
2.69916203119837	-0.691008488340383	398
1.27072836008182	-0.459357687729225	398
0.563506193555522	-0.226325232960871	398
1.4981835798631	-0.496716368702721	398
1.22811874739499	-0.423284295408305	398
4.35758393363866	-0.954828705838572	398
3.20009356421536	-0.818140158079786	398
1.78041857538816	-0.616837685367637	748
2.90688369969809	-0.85821547315474	748
3.32898800618228	-0.909913392703804	398
0.34589825695574	-0.215043097862672	748
2.37174967106282	-0.685530796390148	398
1.11316787726516	-0.434663838478986	398
0.421769339744163	-0.202056258058318	398
0.341590335208384	-0.20458408485419	748
0.56334081675667	-0.273376437382805	748
0.541346657273866	-0.278902022001745	748
0.60420816225778	-0.28417333866411	748
0.149878588473477	0.101466256697304	748
0.576490726238216	0.275368669637547	748
0.318081637734976	-0.161739293238114	398
0.852853864872392	0.365175373210761	398
15.7202902460648	-0.660157284832099	608
6.54999159506412	-0.376770036608059	608
6.79452392665191	-0.43834207255312	530
0.887139678553145	-0.12582182134878	530
1.24581220482615	-0.170819492625095	530
1.40088518535258	-0.201897319358456	530
3.36719463455652	-0.37605498590883	530
6.68170513428687	-0.609144301743455	902
0.588668641038444	-0.124263283003339	902
0.905106757659371	-0.169899283696159	902
0.0632300250756811	-0.0189060994359004	902
0.320755871694426	0.08088099563608	902
0.787105625150031	-0.168184655643526	902
0.829139851098421	-0.200117538801266	902
1.91045967306961	-0.384073516526947	658
1.0831865617224	-0.270274098449963	658
1.81365511904094	-0.405613950203973	658
1.10377313637101	-0.311801453450907	658
1.96868466676332	-0.444533779621754	658
0.884440419937081	-0.260074471906233	658
0.848622722866612	-0.253994610058716	658
3.21724538516193	-0.622594914847863	658
0.216474557666745	-0.0922586107390356	398
3.80728794356136	-0.761649828786285	398
4.5774736740709	-0.855603281489396	398
6.65525311819328	-1.15229152010525	398
5.09378144015062	-1.03351580290228	398
1.62163061168125	-0.506167058673731	398
0.322162036023699	-0.157314090255684	398
0.665552597623818	-0.279919099078053	398
1.71072039555381	-0.516181004826703	398
1.52138654808184	-0.542138498776164	398
4.0956321752331	-0.905402668967458	398
4.73360819197307	-1.0563083484891	398
2.25842303713961	-0.714523876237922	398
1.50192891130856	-0.53951962121845	398
4.54293491580875	-1.07711804194462	398
3.62447945466558	-1.00513837239283	398
2.0849930538126	-0.639085515762769	398
0.910964461149622	-0.394858524187025	398
2.71546239140909	-0.825138848805397	398
1.74978111772957	-0.627602132079573	748
0.95793760050198	-0.409249205706276	748
0.512573203221885	-0.24834065174945	748
1.00547048274635	-0.417687817437508	748
1.02780910279849	-0.460115980612521	748
0.0840197693010932	0.052771215325054	748
0.071077548535581	0.0454870986946206	398
1.015891056833	-0.424485757597126	398
0.0988169355906304	-0.060668665921272	398
15.4766494927658	-0.636143260743368	608
6.44379555197714	-0.373192856836099	608
2.25555184626276	-0.218893584666778	530
4.50352809555472	-0.364742431949649	530
3.34559361931414	-0.318480491281508	530
7.40786649349672	-0.578455629456944	530
7.69502986526895	-0.616752864295567	530
2.02789604827461	-0.255458467119219	530
2.97396339583232	-0.338117124019449	530
1.06150319565003	-0.188577803450746	902
1.52516431879292	-0.244000633024899	902
0.308825355676792	0.0801843695639913	902
0.0261578110025767	0.00943059122476853	902
0.0172455249589113	-0.00707072079856903	658
0.270629532867073	0.0944050928007449	658
1.09358630408062	-0.274584375936367	658
0.0617345470701296	0.0280981544670313	658
0.927391806551769	-0.247528728305027	658
1.89832122710584	-0.420734255700873	658
1.64835508609635	-0.402440178556105	658
1.15425001608129	-0.286198690257409	658
0.906028010446586	-0.255003434101827	658
2.29024338909589	-0.507667169108302	658
1.06946377318518	-0.316449871427795	658
3.95287572523439	-0.786986644003837	398
2.62109903627748	-0.605588844336476	398
1.71381350492327	-0.467520240315037	398
0.71142694769495	-0.277790541993079	398
3.66482677716769	-0.830224698994008	398
1.46760124720898	-0.45707697644325	398
3.25407211579081	-0.732184761882076	398
2.38047385178567	-0.621014531636703	398
3.59759572464829	-0.847281628311014	398
1.08875332372762	-0.39097935536487	398
2.97582776602435	-0.748289521664655	398
0.860572116895622	-0.327527071035696	398
2.27459379945965	-0.685158745574223	398
2.24703032166898	-0.650659756914982	398
0.629124011330629	-0.281279369674434	398
0.783694853433452	-0.356296331336253	748
0.248641637997472	-0.149915430819501	748
0.0157509995086693	0.010561275918787	398
0.804121861676136	-0.298339857521383	398
1.16083967155703	-0.411455500178431	398
0.238528210618477	-0.131606467794206	398
0.289899894882844	0.149194704140606	398
0.752110976035643	-0.292213117752864	398
0.0743955948780081	-0.0425848326280201	398
0.314824636868804	-0.15139368794258	398
0.0231204592654118	0.0148454478597362	398
11.9950101109365	-0.546042943651576	608
4.00121181919834	-0.272306375435858	608
3.07848736829467	-0.26908997659623	530
5.04617558458172	-0.40507669790761	530
9.13455951542629	-0.613173872036076	530
5.85011140415192	-0.474928251795329	530
0.117610289634925	-0.0272931439143737	530
1.31259904038121	-0.186963897456687	530
0.0882018620389185	-0.0233449156086778	530
1.24839266036466	-0.205238727924155	902
0.107965053357748	0.0323612314039972	902
0.47558035557509	0.122591485680859	902
0.345334978956444	0.103817442520553	658
0.0402032105798219	0.01605869647855	658
0.814742951801908	-0.206525560438897	658
0.720199793007125	0.200610232119945	658
0.192294950765193	0.0728360881416248	658
0.446942808347913	-0.147824325585776	658
0.687686223502263	-0.213123517488871	658
1.97198133214011	-0.390089056936799	658
0.227054972347749	-0.0953559478940217	658
0.467844842488307	-0.17224897903785	658
1.84683364447299	-0.418714335145963	658
3.50838393010004	-0.748579976364085	398
3.33199779186894	-0.73563200869411	398
0.147474276606273	-0.0774702404682354	398
2.19650827860238	-0.55769902962309	398
0.72219982386953	-0.272054433368728	398
2.50271395917715	-0.682098909015075	398
3.80998554104689	-0.823578870404718	398
1.49925268078721	-0.454641140745814	398
2.75239699580897	-0.686857342722658	398
1.73371718145336	-0.517738483874652	398
3.09091037625994	-0.81388210307632	398
1.9388938361463	-0.565958980657741	398
2.9652622782473	-0.858440786706804	398
3.21990809582592	-0.787439656329782	398
1.02090289211997	-0.428597832404674	398
0.885401317867803	-0.344052853938811	398
0.36276560188585	-0.199247228929979	398
0.210889220180622	-0.130847952102066	398
1.03502436951164	-0.407900119307082	398
0.113374623171766	-0.0711091936944867	398
0.488331646059723	-0.220580316945128	398
0.747552228554634	0.334881975402121	398
0.087658803678832	0.0500822055555355	398
0.191965674256136	0.103188482326983	398
0.786357329347702	0.299884956330489	398
0.322139375456342	0.16857319315067	398
0.877536718297998	-0.325181662839523	398
13.7170952668947	-0.593411493927725	608
7.24708776175851	-0.413666913681776	608
10.7475126683773	-0.595020807435384	530
14.586936410568	-0.791485220314118	530
8.0912324070728	-0.538981092594122	530
2.0652894376794	-0.229523348511107	530
6.52901813587962	-0.498917541885463	530
2.70955481332581	-0.314733064838381	530
2.99905286669702	-0.362883824842696	530
0.645763702573611	-0.130139427914663	530
0.488968048368119	0.116410602640339	902
0.352086723043989	-0.100579326316176	902
0.155837764788201	-0.0532583853327975	902
0.27444007190029	0.0912205548436298	658
0.0694744328366326	-0.0275230854337179	658
0.366196449587259	-0.115673578088037	658
2.20236975639118	-0.446901891601514	658
0.129083702840528	0.0542002344528629	658
1.49715200235596	-0.330601007984021	658
0.574282896722949	-0.171496357739807	658
0.494777042126211	-0.163621475624345	658
3.33696779467598	-0.607463976888838	658
4.79083853895221	-0.811363133058519	398
3.8558787713554	-0.765229509067721	398
0.388460299699428	-0.16756424463381	398
0.868047844692071	-0.301646567941083	398
1.06366413911302	-0.350239264961501	398
3.20698165933946	-0.687564056870964	398
2.1544572527899	-0.585487737355046	398
2.83929102318317	-0.652283265017342	398
1.40844661781083	-0.420473003177839	398
1.77586962768235	-0.537702462317982	398
1.59635017452212	-0.497179766022389	398
3.43513822225991	-0.814035388885619	398
2.06813358681823	-0.669872558672736	398
3.08674568645148	-0.807644023407899	398
2.41242089730271	-0.70364077866769	398
0.594109332858371	-0.287603669680113	398
0.740648289403478	-0.368246507697941	398
0.916806870544345	-0.378599414582087	398
0.609623964772621	-0.264412077964229	398
1.07995469995498	-0.423987982927664	398
0.38683998365499	0.190559568425434	398
0.519002392713457	0.222708579254727	398
0.252874190121187	0.117884184145338	398
0.61270570828203	0.261549024478965	398
0.760241751558728	-0.299106480099459	398
0.327718970527999	0.158852575793135	398
0.380143565333375	-0.180612385654931	398
0.978707212230557	0.345965371029062	398
19.4226196397955	-0.798277647234339	608
6.64117519643298	-0.38482755946708	608
13.1993236167427	-0.678221956768815	530
6.4135824504441	-0.444238381219417	530
0.292237998222225	-0.049869307822572	530
3.87926366230264	-0.322682857108978	530
0.657093823279806	0.107319104781464	530
0.0639148789386512	-0.016638336634004	530
1.34318221979203	0.204709293643724	530
3.34730430487163	0.418408614076617	902
0.840863801888278	0.188923520515182	902
1.33991680789458	0.280492269994773	902
0.0334340095350365	-0.0127535341108842	902
1.49755881161683	0.325669795689856	658
0.150031048660143	-0.0531991097979667	658
0.172257769434072	0.0658024995373494	658
0.116354974845271	-0.0447835623803465	658
0.303089758213491	-0.0990849254982736	658
0.33281442728387	0.10785790404026	658
0.542039765993693	0.164096296834462	658
0.368703623739488	-0.12085855996333	658
4.72508559193651	-0.801804708177659	398
1.24232116111489	-0.371738986800463	398
0.0292805660148866	-0.0168542774032137	398
0.825757485802558	-0.296951269687395	398
2.29268123167374	-0.544333039469204	398
1.04624448241533	-0.33685231744207	398
0.54769871190056	-0.217249924632397	398
2.87288214400556	-0.667020583211935	398
1.82684858856506	-0.491385025510112	398
1.22434116011008	-0.424993841193652	398
2.51654101130054	-0.665032467691336	398
1.75725115074478	-0.503386152969099	398
0.994786528257552	-0.426221933431893	398
1.77472187864009	-0.536449690121029	398
1.18190164391868	-0.440572659694587	398
1.72277031759123	-0.549386822734794	398
1.59454406238384	-0.582185751019967	398
0.206690159724679	-0.119394571523564	398
0.0610790681079683	-0.038431441939902	398
0.13437028129521	0.0798574273606592	398
1.0239488621418	0.383208913421601	398
0.686122750527999	0.265544580054961	398
0.909331679759536	0.36676746246477	398
0.989104313265848	0.380496256546977	398
0.395057994222543	0.183039395686369	398
0.000196033763816751	-3.86854262225471e-05	398
0.823270639795038	0.304381790110571	398
0.158412859970835	-0.0877891316167058	398
0.717222843905712	-0.311069241648006	398
18.1153770494251	-0.74858243571202	608
12.0133451573255	-0.595472220828108	608
13.7365924068059	-0.696603775559589	530
7.69990498986821	-0.449166332253702	530
9.9485825452567	-0.585460601006187	530
5.39502305687238	-0.438277579350479	530
3.25342023865914	-0.335615220904151	530
0.284844772515171	0.0619342482465332	530
0.605485211941545	0.124454054271534	530
0.259957357441182	0.0719796854952128	902
1.42894050289462	0.272195998335133	902
0.457935085937345	0.121605653233533	902
0.937184719374748	0.227511284144489	658
0.877471524747939	-0.214016105777364	658
0.560183344893127	-0.164761653083269	658
0.0907434165725089	-0.0354059284465027	658
0.0778859298974167	-0.0293035917706827	658
0.210850250555334	0.0755974033146046	658
1.56458214827966	-0.341337262632297	658
0.463138447229117	-0.144524289795904	658
2.21872585136486	-0.453568817358428	658
2.17774975790867	-0.564553058873506	398
0.661207433364756	-0.23173553623177	398
0.165156931896461	-0.0759808525639962	398
2.91196266605876	-0.5941617924887	398
1.65602572075658	-0.4391586293643	398
2.29809695436177	-0.538832891790375	398
2.25615946657042	-0.528353922805021	398
2.4973131727534	-0.58022698071555	398
2.46262372848658	-0.604683110589258	398
1.13900241510473	-0.359943242651239	398
0.928098550037842	-0.311020400976065	398
0.0103604962962082	-0.00652272686187547	398
2.2681488196268	-0.613687870335606	398
0.991235530474474	-0.356824415723822	398
2.98497847928776	-0.762613527680098	398
0.570749835140656	-0.281998595046746	398
0.698989989492109	0.305677168511376	398
0.00709184140609978	0.00441506139303434	398
0.0207819825066052	0.012961399077359	398
0.163932693271046	0.0870954220186974	398
0.0181920491781907	-0.0108310421477441	398
0.322174266106903	0.154461093131903	398
0.246524005051062	-0.124870765426461	398
0.287146938043163	0.1379297836714	398
0.851025999757359	0.297739422582762	398
0.0112422138064564	-0.00714315449876975	398
0.0846109982159786	0.0474012532460676	398
0.501362237598837	0.230256814196556	398
0.145513544367598	-0.0824430697535895	398
14.1485653621489	-0.60151161568334	608
7.23285791102568	-0.386384688113585	608
10.2440436699266	-0.526633483943044	530
12.9821470003792	-0.67655407455357	530
7.54646483044614	-0.510129853472983	530
5.02968209810104	-0.42790565352449	530
2.64788354366639	-0.290907935349883	530
1.55446059459603	-0.24043894438346	530
0.705946429919075	-0.152019217162458	902
0.387927240282417	-0.104254587442637	902
0.161350347476241	-0.0468617651015418	902
0.239434073937815	0.0736721901863465	902
0.568098430003882	-0.142783701527758	902
0.257947099037385	-0.0781478432229239	902
1.10254925712405	-0.237184832573372	902
1.0372046406001	-0.220706142281447	902
0.352536478686383	-0.0997808351524173	902
0.219568121136169	0.0694071789980055	902
1.70925040515067	-0.298602739079135	902
4.12790973604024	-0.543773390700578	902
0.421900051028865	-0.134994604921824	414
0.0825723222968354	-0.0344525385614552	414
0.615282463441436	-0.204452097086939	398
2.90308866951611	-0.523910270525851	414
2.85303570545509	-0.580330044438418	398
0.9563581004441	-0.249183425664171	414
1.16034982597424	-0.309594614832945	414
0.561346681448666	-0.182352720454125	414
0.36591452382592	-0.140551224433556	414
1.89258621255558	-0.452828471141431	414
0.607105940656555	-0.194183423128752	414
0.922478069550766	-0.29222777585625	414
0.199547690193601	-0.081105233971744	414
0.0716707447237157	0.0350971743119732	414
0.590822184398012	-0.213438430761715	414
0.15476965402181	-0.0816808567358264	414
0.540897907521491	0.208047973658826	414
0.00572577449664167	-0.00301816771111434	414
0.721439391630506	-0.246905156868975	414
0.52933325313928	0.190285341416508	414
0.292632153709226	0.128673587808518	414
0.0740970037280979	0.0361267465067144	414
0.0601783554445202	-0.0321887623096522	414
0.0904418380142347	-0.0459114287040118	414
0.566904222364454	0.193201274929662	414
0.183264281222355	0.0778778822737714	414
0.253262117855303	-0.108321981255817	414
0.169906713047999	0.0803935452563788	414
0.253559133385189	0.114338608584236	414
0.292937925727344	0.157740784377825	748
14.4086832617944	-0.596665965314167	608
10.1866561347839	-0.518037668356074	608
13.92365325318	-0.752001814844106	530
10.647932861062	-0.636823177303715	530
8.17734019909305	-0.583069214437798	530
2.01331368079848	-0.246005110067686	530
0.208906782187774	-0.0526625931648256	530
3.38091179981003	-0.430052635353857	902
0.161940136435463	-0.0494636460163094	902
1.08780878439114	-0.214888783983997	902
0.405285288947778	-0.113265934807635	902
0.261996030369015	-0.0788918521286682	902
0.623696284076785	-0.149920274663051	902
0.584660395208047	-0.145631092098373	902
1.11372420806712	-0.223221047046557	902
0.54182727633743	-0.143071320879535	902
0.068336648587204	-0.0243969744708867	902
1.38019925727708	-0.257788874241704	902
2.19415675094308	-0.376314504455918	902
0.552362864201363	-0.167724597135867	414
0.86311492771643	-0.24888428190768	414
0.484846769654525	-0.169823915766018	398
0.410082949468117	-0.134691413882307	414
1.60381856313747	-0.370522926799251	414
2.84211856326991	-0.531505593020195	414
2.25613407258879	-0.470940916337437	414
1.96406816289349	-0.432973658904159	414
1.26051169444733	-0.344240126367101	414
0.684284054823059	-0.226311900645732	414
0.549892680911703	-0.186612170740296	414
0.836093378783826	-0.276446013584376	414
0.936557695662668	-0.293580305421361	414
0.0408856039335928	0.0205982644784957	414
0.592229202831243	-0.216530604399082	414
0.271586051972545	0.125985662448732	414
0.0693376625198715	0.0379556317300624	414
0.0172579178051649	-0.0095846535396876	414
0.609433602435294	-0.224395485553391	414
1.43364785096821	0.383327184669774	414
0.0564219424418767	-0.0303899872558568	414
0.6352017902529	-0.236959112825545	414
0.353149725941317	-0.1478745269055	414
0.241706883987032	-0.0992760767323208	414
0.521334050422972	-0.178453444819031	414
1.40627571576363	-0.40476133971755	414
0.497364198305197	-0.18427252603056	414
2.50608037943276	0.614758847610832	414
0.0207260441085311	0.0120180458596024	414
0.509287436698755	0.250561569832776	748
0.823349954579845	0.364886558772291	748
17.7948587283345	-0.714217311468023	608
11.3848878412359	-0.548961058472355	608
6.92043041093293	-0.429144158703079	530
5.73789463250695	-0.413635959212611	530
0.599045263254029	0.0956720223296362	530
1.3428795394919	0.187452491030058	530
0.118861567024756	-0.0325937868482755	902
0.23655448033987	0.062418085334815	902
0.687797776316064	0.141031389119916	902
0.562530221619992	0.133842582655567	902
0.595918071454079	0.132781531510782	902
1.52386577947521	0.267654366927698	902
0.826687919584589	0.185482376582304	902
0.0858827725401351	0.0275237507669177	902
0.601745434390275	0.146710978061036	902
1.71462428623347	0.308679845350121	902
0.0796296551783831	-0.0275143945481459	902
0.859472525390767	-0.199749393152585	902
1.76457926854897	-0.386959447900966	414
0.377020733782535	0.131825503700888	414
0.012608868457384	-0.006414199303765	398
0.568154946531144	-0.179599927220963	414
1.94805031690592	-0.473857759833164	414
0.833494415635757	-0.257405188375001	414
1.40164213341304	-0.3420792035676	414
2.93580943234281	-0.582149433083309	414
0.621296913309451	-0.21449138824303	414
1.39559907018076	-0.396498971743075	414
0.0399483233861551	-0.0199104132089192	414
0.428013397767995	-0.186135383330002	414
1.80978113402617	-0.453490516512248	414
0.757460462464603	-0.26414839573844	414
1.83189410458098	-0.501357102073655	414
0.313245491161619	-0.145114187136256	414
0.206765683230497	0.102166533231731	414
0.230303635732082	0.105777139644255	414
0.808534031224199	-0.296076139293775	414
0.394973991901057	0.163267920369172	414
0.648259463508346	0.247000814614792	414
0.903894893653397	0.308898415245351	414
0.354264051721789	0.152365395005974	414
0.948417744434176	0.318294736220329	414
0.0262875124296647	0.0141863484481496	414
0.387058731073022	-0.157688539421297	414
0.0813226295353868	-0.0415476968348775	414
0.321161663949646	-0.159286983319727	152
0.0937861210088779	0.053162524568098	152
0.48455331375983	0.263922949289457	748
0.112705863874421	0.0695446547037982	748
0.566516284927389	-0.261597136008513	748
11.999236288228	-0.527415544724726	608
7.07409507446393	-0.39494060430505	608
6.68856494623276	-0.413015326965305	530
0.166091607969971	0.0308882595271737	530
1.11892661999583	0.152969197458866	530
0.406679828348844	-0.0830803448221783	530
0.26369846345863	-0.0611193696558042	530
0.629945439338487	0.119444903525473	530
2.00132736035983	0.286272381344377	902
2.17387785646504	0.312180558522453	902
1.9795097558405	0.289752134630284	902
0.781176615201571	0.160417202534112	902
0.920461421368435	0.173127217822871	902
2.27734806556347	0.323770543404762	902
1.07209673875809	0.200666363068024	902
0.496778113895485	0.114754172541426	902
3.24698874716591	-0.444076714328671	902
0.567699822830229	-0.154461220835109	414
0.647196227531013	0.183294334873356	414
0.0601916512193121	0.0246939123906669	414
0.394436309342567	0.1238557103042	414
0.788624780836974	-0.21658395570058	414
1.40307821142918	-0.348207866401096	414
2.28963587229012	-0.445545619098394	414
1.22186309295382	-0.311470159403559	414
0.0908528551768357	-0.0403494810158295	414
0.888780963882785	-0.262660326521369	414
0.6113626808505	-0.206287976522474	414
0.956434197714828	-0.2926956610846	414
0.0124217850201304	0.00630413959592908	414
0.297241670163211	-0.121144823618463	414
0.962566805906435	-0.322322341276973	414
0.982490231732255	-0.326617407840236	414
0.0873432617228347	-0.0463605334169494	414
0.530932276477108	0.212827467349434	414
0.216421800847899	0.10224972880863	414
0.732467468913729	0.254606955632327	414
0.463043350903396	0.181253896483607	414
0.905173727437142	0.29308881610593	414
0.699118592326635	0.246576271693692	414
0.938610769810285	0.287141424408393	414
0.222233291080403	0.103034216949031	414
0.0916556743459829	-0.0407173219701222	414
0.317660718831358	-0.133705326141998	414
0.433093102765774	0.192037605766817	152
0.724010875352891	-0.273235706298785	152
0.379589990415973	-0.206628142768248	748
0.0245982090403672	0.0151923454621373	748
1.07593451927363	-0.417697353680631	748
0.933336733227713	0.709783440340538	136
18.3957447902503	-0.759131654312659	608
3.40176883978687	-0.242928279403173	608
1.25154309327599	-0.140548562780427	530
0.283968599310908	-0.0528844038904032	530
3.99176458762986	-0.384043192740342	530
1.52499105504712	-0.215044007922216	530
1.8287608378332	-0.247379940375228	530
1.0281616617975	-0.182352602483864	902
0.472595494484584	0.102610702844511	902
5.64805333525226	0.537880652257446	902
1.06803402383794	0.197169185530391	902
0.416410519117946	0.0972680951987004	902
2.47718996871758	0.350034664982205	902
0.0716983130320994	0.0234868821380054	902
2.398383318086	-0.352286000299528	902
3.79561167145321	-0.496539955393665	902
3.11705381645345	-0.505178792733918	414
0.259003347622414	-0.0877259377511529	414
0.0533957629629254	0.0231603294608724	414
0.196549523489663	0.0686867233369288	414
1.15499387261326	0.301862247244515	414
4.24922974722322	-0.664817418560384	414
1.12376005736748	-0.284888025473616	414
1.10451485715861	-0.294914166588268	414
0.0670572538228359	-0.0328088846306188	414
0.197709631799149	-0.0908189131526841	414
2.25099221208195	-0.51369496561005	414
0.109553159493137	0.0564679840418603	414
3.53206105299552	-0.703052510522696	414
0.287235384075748	-0.128730118603559	414
1.06067765020436	-0.352507023423787	414
0.750316149798588	-0.290309305884853	414
0.379840540360904	0.165748301334317	414
0.231490569378784	-0.110493033382352	414
0.126824126475699	0.0633662590711707	414
0.184929052590623	0.0865628690201894	414
0.398637395137942	0.174979458293581	414
0.0139236406621804	-0.00742041472687205	414
0.385312853626695	0.162076489001544	414
0.162388564190804	0.0758138680456893	414
0.220102030132177	-0.0967663706007063	414
1.34760390001685	-0.382349340402006	414
1.23081529954973	-0.399534552573412	414
0.536206491787353	-0.239125918872303	152
0.728425887601349	-0.294815638568449	152
0.305636714116658	-0.173802982874968	748
1.13257215787895	-0.458291415406614	748
0.221065641066748	-0.134756171539854	748
1.24196097538781	0.843030245125746	136
0.700939278846877	-0.30056680177772	865
15.4525376118983	-0.639317561853186	608
5.85604951398268	-0.349871468395905	608
1.55915246237229	-0.173505624330273	530
2.42556768747121	-0.254944940151869	530
3.5301278242751	-0.338088461445776	530
1.8428352010803	-0.225998157338872	530
0.220011204405904	-0.0506669043439095	530
0.21168398578645	-0.049069560461032	530
3.94961033545518	0.38877638209969	530
3.448744106844	0.387090985807317	902
1.64389332607167	0.240285341147882	902
0.516519755360031	0.107708635688488	902
0.452795482536418	0.103181894860855	902
1.02896547389465	-0.187654611347753	902
1.14421890498621	-0.22110210095984	902
3.19657255609012	-0.48427685627614	902
0.147163242148605	-0.0485469305956666	902
0.338692354355266	0.101610385338808	902
0.179485849872556	-0.0595608924011488	902
0.000357541982001266	-0.000128707645253025	414
0.558982314819153	-0.157197025535006	414
1.64044111008858	-0.353920326734891	414
1.28216115490559	-0.31040981774038	414
1.43451279268741	-0.368262614941235	414
0.0685555686844596	-0.0315710552447449	414
0.239005135009301	-0.0936437237405915	414
0.741656693752255	-0.26408330366608	414
0.0862417445437653	0.0393472402580087	414
0.314389722821093	-0.13028901087803	414
0.340447540625243	-0.152048709194676	414
1.07337349412134	0.359452473815483	414
1.08821397184423	0.352557688375184	414
0.0495603575887132	0.0266812798287828	414
0.123288074636651	-0.0588833073524136	414
0.47194879846826	0.199041124355715	414
1.26396582530001	0.373657405591553	414
0.38893966458843	0.160955392746995	414
0.038961138572448	-0.0198794072904845	414
0.548161904472759	0.210519722774413	414
2.14310570042556	0.538388216982748	414
0.505238475982019	0.184910609653562	414
0.552257560226202	-0.218187412006791	414
0.287789483006476	-0.150695339294766	152
1.15417061950093	-0.38068197598461	152
0.510254984781013	0.236327748429062	152
0.24586963022023	0.12540711772147	152
0.243379793138123	-0.140480738449252	748
1.5283367172588	0.875308107047975	136
0.0114731041141714	-0.00709154443691047	865
0.0175892431540793	0.0111492884468215	865
10.8397690985911	-0.479132666423044	608
2.20662226953694	-0.186011460916303	608
4.25576166493536	-0.326164415961585	530
3.67667017406414	-0.322031083366868	530
3.26250568188404	-0.300259797934409	530
2.45631710411448	-0.271065279163721	530
0.670334426884348	-0.112705108806258	530
0.0284447319776729	0.00748757349942313	530
0.524622409501117	0.103179860893797	530
0.41741709675002	0.0843248330293444	530
0.849591200741407	-0.145497549673243	530
0.129233202342617	0.0334603402367982	530
0.0259054790754329	0.00773295771311995	902
2.18682065543082	-0.315697644759209	902
3.52326795375291	-0.47788386161797	902
0.213162104345683	0.0612725709762331	902
0.340179759845281	0.100020936013422	902
0.253801542897796	-0.0754327337129023	902
0.0463641358033843	0.0173795435938011	414
0.0393637897221249	0.0150991800353269	414
0.664133714814572	-0.181698483988658	414
0.346765948597718	-0.11432913415743	414
0.868929856463125	-0.258527966318298	414
0.028490802768901	0.0130983112715092	414
0.885703183346462	-0.252276500884144	414
0.159148125387855	0.0749292439987478	414
1.22912923309032	-0.347104038878521	414
1.11093853916457	-0.329608709137583	414
1.92926759376689	-0.507779540271783	414
0.409610767276882	0.179577304182638	152
0.883810129566788	0.304631673764776	414
1.44070239642401	0.39579877992508	414
0.964745300974901	0.323567474422009	414
2.72160490992884	0.60399561356759	414
2.5471395351795	0.627737362729899	414
0.872661778607053	0.260264819881912	414
0.740039338396934	0.246821506042707	414
0.676248665400924	0.234445550056393	414
1.87244102123738	0.497548575085279	414
0.685405767552161	0.242031397492397	414
0.164210394439084	-0.0815287704696843	414
1.27633038806528	-0.412022288787935	152
0.687825375300194	-0.264537955700681	152
0.278048731993456	-0.145202491091452	152
0.303576303484986	0.140726759390109	152
0.0952170920808887	-0.0558257206319578	152
0.272312544621408	0.259116953330561	136
0.00139036151306607	0.000772830694324558	865
0.0502545420608658	-0.0292119253180697	865
0.526077130039998	-0.204666827967198	865
9.61607398501651	-0.443140633758026	608
6.16632095439213	-0.356116434255002	608
11.1584154677694	-0.567677128454233	530
5.79881959330409	-0.386292155995991	530
3.7361163713589	-0.319276473888555	530
1.53380732450199	-0.176942125300804	530
0.742209254319816	0.117344013581965	530
2.78384859805451	0.301414830969353	530
3.00830462523531	0.302879698924578	530
1.4648798095673	0.202828562979566	530
3.47318144112281	0.360664839396129	530
4.41477013753824	0.440949178552176	530
0.147593628128633	0.0412664578072518	902
0.425782446961923	-0.1082000012196	902
0.428715593207679	0.114777146340905	902
1.6248711034616	0.295964161660601	902
0.517545823020999	0.13596518951372	902
3.06291600707322	0.460957855279575	414
1.0257984964433	0.248735447350168	414
0.613907723465663	0.185958931794245	414
0.622877434607933	-0.196343446652335	414
0.331909080526992	0.122714730108526	414
0.370217979591247	0.136802302328528	414
0.147282037250252	0.0635914852355105	414
0.667452202812274	0.280172279052101	152
0.200250946746111	-0.0875474339819253	414
1.16572337323707	0.343455335594803	414
0.68179909509979	-0.258812738382201	414
0.374907649120116	0.170449142152924	152
1.22948040255344	0.414683939620957	152
2.96275944712485	0.68538835353645	414
3.0493279111559	0.638121155090558	414
1.89192135430589	0.498966991709658	414
0.693258092135945	0.239566959878775	414
1.06479600763333	0.295979986820637	414
1.04712147136145	0.312279723256978	414
3.244747112051	0.751485204097108	152
2.50973334842041	0.652438149157123	152
0.353797926416317	0.156872808135259	152
0.461871345616486	-0.193928387732618	414
0.360571874975438	0.17204023643651	152
0.150225819304703	-0.0802754925473227	152
0.0446893472192231	0.0325043124793482	152
0.664820899125887	-0.264065245980893	152
0.0165491353841581	0.0106168189548537	152
0.250432052128334	0.238179840751762	136
0.153917696506231	-0.0815419052052979	865
0.645126141789224	0.270331989966046	865
0.761768664921146	0.297840215709133	865
1.18051318720228	0.416449808725331	865
13.8905376266731	-0.604409749165097	608
3.02696387758832	-0.227277644716713	608
0.978844915356171	-0.116925773965043	530
1.69526359598599	-0.19251437686551	530
0.300176277095159	-0.0548162311738474	530
1.57664183323813	0.205500613832676	530
5.45462709787589	0.469703437191165	530
4.88581339367808	0.443777596464793	530
2.37311181817936	0.269618912303423	530
4.42497394581264	0.446951075213658	530
4.54489104929062	0.439787385798446	530
0.267590814713652	0.0694772993305788	902
0.226920084941161	0.0655180973477822	902
2.05141605253669	0.332276850603469	902
0.0926741012924712	0.0301013209896629	902
0.349839840095464	0.102711844629208	902
5.05056572767246	0.662914580700052	414
1.76970265454006	0.352991805449663	414
1.2250684379908	0.290765271783361	414
0.172698471597877	0.0710904885213688	414
0.688862479215001	0.227279857804836	414
1.4200158681373	0.358553553897294	414
0.633656506046875	-0.214096138264591	414
0.477613861846073	0.205679020214224	152
0.967510150156474	0.309941805549712	414
2.96086170496086	0.757389785787986	152
0.182073918509376	-0.0947842375955975	152
0.138145089334168	0.0783354258203485	152
2.42411345049591	0.666164255260974	152
5.07666676214079	1.00702989249094	152
4.07960798861606	0.878490264672953	152
1.49677657680434	0.477164737636111	152
2.24293749274785	0.596575496242104	152
5.03629960742426	0.8416224101681	414
2.35097938969514	0.608512850265362	414
1.30254598518557	0.419245524822959	414
3.44038842261549	0.771656242646554	152
1.0042616753595	0.362290000839369	152
1.30730803283912	0.459089091386891	152
0.0284621770556677	0.0179707271846955	152
0.0230891601193079	0.0146015430565319	152
0.464115373217443	0.24729686719054	152
0.252387018944038	0.130479256191114	152
0.286243689054944	0.164813552529165	152
0.0373839150948295	0.0458038054771526	136
0.269288167519149	0.143655415516794	865
0.58186884533212	0.270863395338493	865
0.167820744760431	-0.0945447224714059	865
0.545290843054112	0.253819689285903	865
0.0100650423576114	0.00730385856295244	738
12.7252276033684	-0.565354386214674	608
1.92622023649569	-0.172469748897365	608
2.15945057513292	-0.217121050064523	530
1.40554669297665	-0.172926951528446	530
0.645681542385799	0.107228437859429	530
3.52276062530096	0.357430322945768	530
3.32407879610451	0.334820035657094	530
2.88017703806301	0.320465506755715	530
2.52688880371931	0.307139875855621	530
2.10790039900514	0.277986674110281	530
0.0700311396834504	-0.0221608487216225	902
0.408119019367851	-0.116206451581319	902
1.55637544275752	0.279463605327416	902
1.08688002434069	0.218770448076607	902
1.82271097748176	0.331828046979222	902
3.39677789883229	0.523199298270503	414
2.98874953855558	0.509207512825738	414
2.42653789703113	0.48075921993482	414
1.16403721936425	0.319308768053585	414
0.397788583213184	0.158291626167856	414
3.83880723299174	0.757106990300853	414
1.54810715360193	0.421550759997442	414
1.08219234841327	0.377245273079119	152
0.474294923679628	0.196717470764275	152
0.801822896046765	0.317962785640437	152
0.42168908458169	0.216871592467496	152
1.88193051020635	0.59586491843452	152
1.81370328174774	0.518154295762487	152
6.19546367351683	1.12418243510421	152
3.97487585702748	0.880441654263305	152
6.35437358187749	1.31140604445485	152
5.07771430094237	1.02627458363554	152
2.98483539449795	0.623689043346497	414
3.24656545260549	0.791744597991994	414
5.8862172361101	1.14494297410838	152
3.83099438450456	0.898507908672471	152
1.46572538576725	0.507518734840358	152
0.324704303800359	0.179844707324976	152
0.326183885890891	-0.17215913224803	152
0.0168070288852903	0.0117016561577356	152
1.58845975565089	0.585933277601336	152
0.702297278234135	0.300092758257528	152
0.530774589352184	0.246365179410587	152
0.877477445130625	0.645888965849051	136
0.796779950334797	0.317405248088709	865
0.749035196165297	0.320146985931484	865
0.298697756606755	0.150902634335452	865
0.97606333659835	0.412635544047601	865
0.311459113129124	0.171336586805902	738
0.32044835463188	-0.190468432400776	738
12.3405993238933	-0.53703482965301	608
4.35618862261936	-0.28699314239689	608
3.66040811011277	-0.262446468318697	608
0.00656332243213767	-0.00139074270152545	530
0.743985460494657	0.111059962350629	530
0.334948148819942	0.0580421448047884	530
0.0713666835155142	-0.0156502595554266	530
0.322613470963028	0.0634565023736921	530
2.73305736909424	0.302671881248474	530
0.0761976593683402	-0.0205597883445739	530
0.804891871709841	-0.164669630683755	974
0.362059035484761	0.0895282023790032	974
0.321590223880873	0.0853518679833774	902
1.2106649143949	0.227339633170932	902
0.733769827768407	0.172218463453587	902
0.662843953002346	0.173021010943038	902
0.828908911379073	0.207381939564403	414
0.0255889698006724	0.0107411561286291	414
0.731829934389477	0.217797890477598	414
1.04721072799571	0.282450572868767	414
0.577698437662214	0.180975485650226	414
2.23931446221527	0.539045099579666	152
0.462150949217134	0.164674097944253	414
0.756674907767561	0.261972268768733	414
0.91078591140303	0.299570139118398	414
1.29109162259059	0.424337188257778	152
1.56801302601503	0.463489330106158	152
2.63191605195964	0.614539746072702	152
3.76321259087465	0.750535757728104	152
1.81031571431278	0.485309845144378	414
4.15030399006914	0.773728702500511	414
2.81768721442801	0.581545847345963	414
2.94683481901366	0.655529743134153	152
3.46414713989119	0.728734119848488	152
2.36167122853922	0.586776007885582	152
0.324447757551227	0.148690316053373	152
0.744713471964545	-0.280466559824133	152
0.15972726525238	0.0913771482438526	152
0.611372698172287	-0.26228247371068	152
0.787772038201472	-0.355742608027712	152
0.35208627203297	-0.1851222262589	152
0.0450259766948429	0.0309963738199699	152
0.3433288761312	0.305851205038494	136
0.69888185784628	0.282885744044696	865
0.468856129758051	-0.21966745445714	865
1.23344391858428	0.409183088409754	865
0.431405133877104	0.204573931032805	865
0.481025973170461	-0.231947755195658	865
0.677167806665581	-0.338392437702296	738
0.0216460988067013	0.0157055327744031	738
12.1448952306329	-0.530519097132377	608
4.3907890625467	-0.285567177538135	608
0.93546784918787	-0.122206586222127	530
0.206351082422221	-0.0414473726549169	530
0.961973982043867	-0.134163552727088	530
3.83618343850952	-0.33167318303087	530
5.22163803452957	-0.449774300268977	530
0.0354881727757777	0.00932605829088543	530
1.28723603434018	-0.208601349067515	530
1.94188242601748	-0.297503107367712	974
0.15489842958789	0.0476072923127966	974
0.271781053227	0.0756867493077191	902
0.312810621526955	0.0862777573027939	902
1.60025384569096	0.296499782151577	902
0.969163020953629	0.230640365127328	414
1.98699374777141	0.388689426469359	414
0.364764377605599	-0.125111152276222	414
0.967392911682044	0.280589481323446	414
1.25826892835732	0.332026632118927	414
1.76685438862078	0.417637231109805	414
2.726176426224	0.655321192884653	152
0.0935986942027171	-0.046918300754656	414
0.111196520467489	0.0596698244167344	414
0.0205110090622865	0.0119758647824196	414
1.23334373444954	0.434696056894135	152
1.54894580098833	0.464943608829966	152
3.74974851374002	0.794308810345949	152
3.13705730999318	0.71643393788325	152
3.38415324109383	0.815404205374087	152
1.84501342901827	0.522170157481752	152
4.84123269170907	0.91435634139618	152
0.936473804956825	0.340556852345657	152
5.70044309590514	1.15680257550349	152
3.96870576073405	0.845808597800102	152
1.95849159972609	0.547486632073703	152
1.18741630779526	0.404994500699385	152
0.289964206470075	0.154733568064452	152
0.0117968054710038	0.0082467326814281	152
1.1713648226471	0.521809364058139	152
0.546071292003771	0.265637837000748	152
0.0903225590383906	0.0581393093386475	152
1.4013673204545	0.9019914688008	136
0.0628600475347675	0.0390986830564617	865
0.431234643502609	0.21189619809723	865
0.746852119938136	0.318918197722772	865
1.17209238708311	0.450127746425986	865
0.073615576177386	0.0551410886599363	738
1.0054253579137	-0.473473986667446	738
0.0795547540614635	0.0584250290130755	738
1.11999729135808	0.481453590786803	738
12.4886742219832	-0.543538186049267	608
0.156499618752314	-0.0274494893086148	608
1.39321971804891	-0.163752795657003	530
4.09586430085741	-0.332261122096487	530
5.22746154140936	-0.377119031264965	530
7.41532952151556	-0.49664466759677	530
0.0811555229878764	-0.0196012116107779	530
2.93417527291437	-0.340372354048487	530
2.1747534732518	-0.308732200653531	974
0.202353431850063	-0.05544121525306	974
0.0534297289752705	-0.0174644072424894	902
0.0685141320229061	-0.0217143443467237	902
1.598099992334	0.29350322737879	902
0.836641707222546	0.207296876940954	414
0.37564429264993	-0.110492463133555	902
0.0192558205993411	-0.00816758424039937	414
0.70789012385574	0.21204107334422	414
0.501603815671936	0.167644855786437	414
0.0207508795854389	0.0096130906143969	414
0.0532201999776495	0.0276407556819806	414
0.910138149934818	0.286510905621335	414
1.29361468893805	0.377766896053748	414
0.309026506135754	0.140437764166069	414
1.42817989455568	0.44808175109374	414
1.2152254300261	0.381702363017999	152
1.61349020298945	0.452621670611245	152
0.134606041943642	-0.0693837398348311	414
1.76883358137834	0.487761887691762	152
2.44511996506867	0.615999338156933	152
0.682813642141517	0.24432163529234	414
2.44548517464397	0.584955373736491	414
4.13312937433622	0.871337056169403	152
1.4869704786882	0.443652736949592	152
1.39516941871772	0.436647051631996	152
0.132493109220372	0.0721444961813308	152
0.475609954193615	-0.226735940713109	152
0.724656972144982	-0.317587913480355	152
0.113373106088439	-0.0794585884500432	152
0.0436325549182796	-0.0294890639494273	152
1.25400884707235	-0.509357543444018	152
0.492183256230331	0.446979344354737	136
0.523331946756902	-0.241189710575306	865
0.23337179475278	-0.131370716451131	865
0.513687693600782	-0.234103219513388	865
0.525620900271701	0.233915600513006	865
1.14408367771959	-0.443623432123292	738
0.609687663453791	-0.297832487020988	738
0.229734783397341	0.138582670069178	738
0.168555867200194	-0.107229704108776	738
0.0120008759259274	-0.00920884057315068	738
15.2106141771496	-0.638190080140916	608
2.77228054193814	-0.22820731256732	608
0.714261711770316	-0.0935475579871803	530
0.637851261669773	-0.0886508289414808	530
1.14090321391331	-0.145104789245144	530
0.0511470101691349	0.0121849420348817	530
1.27405003087121	-0.185379221290276	530
2.79208769301456	-0.346032343798444	974
0.177568039608347	0.048477955884363	974
1.13039853122898	-0.211850331559457	974
0.21708278521356	0.0573497455565746	974
0.121512981729015	0.0375896588079546	902
0.620878744697069	0.159686888660072	902
0.45233281442499	-0.126012669546	902
1.67480972911999	-0.337720310528642	902
0.109203943548574	-0.0427004374143981	414
0.808966961164996	-0.216563227967913	414
0.191094047156829	0.0732767515325575	414
0.844496331669528	0.255812057509148	414
0.46558714896396	-0.148640339763151	609
0.101733062125682	0.0459123427060924	609
1.03291315848806	-0.320986592919489	414
0.122683768126859	-0.059623832366651	414
1.04835970353347	0.339232502124373	414
1.7518993400322	0.451021830618372	414
0.583225190168942	0.204664950600844	414
0.662118501272154	0.227549132470349	414
3.01232373284595	0.656423493540192	414
2.18670108951311	0.523430165968813	414
0.768777044865996	0.267137250846091	414
0.530503994753135	0.191371598348422	414
1.30103560844576	0.366586216519716	414
0.0856258670992202	0.0460338369331879	414
0.167508628226946	-0.0790111275030391	414
0.217225805652073	-0.115364169321938	152
1.0950482796613	-0.383733751933415	152
0.271704485426695	-0.164294206488021	152
0.513685146255069	-0.257144702206675	152
0.627748694824672	-0.303113080436772	152
0.205862790711533	0.276824706474535	136
0.782183832620986	-0.319522697466517	865
0.942492627394729	-0.357726537147127	865
0.341733289481988	-0.161372079512996	865
0.23596241067125	-0.121178666780169	865
1.21919729238887	-0.426048895593577	865
1.68034691146806	-0.583333306182499	738
0.715601480190919	-0.345493243479139	738
2.64152908949935	-0.723099396956908	232
2.14018907495497	-0.694070986378689	232
0.490839859715449	-0.243804855919887	232
18.9961458841036	-0.79735638997162	608
6.02853866133564	-0.356929277118491	608
7.94697036200429	-0.465554561519874	530
9.08496983199667	-0.560822067970931	530
7.4689145611946	-0.522542452260578	530
8.56891702924508	-0.649338858369008	530
3.07310735246857	-0.380184252300925	974
0.791701728221121	-0.157512268154499	974
1.16681669215844	-0.218062978976548	974
0.462172843939332	-0.10924156522331	974
0.526020173572325	-0.129637464426596	902
0.83928055342454	-0.188229216318734	902
4.14316680127962	-0.557531426646949	902
4.39076816768727	-0.588992158185085	902
3.12840267812234	-0.531052411985657	414
0.813252230850679	-0.22492077933804	414
0.425073388211453	-0.138748900051192	414
0.234837259176565	-0.0949621062750596	414
0.246769015657788	-0.0920575435563446	609
1.17043372650079	-0.317068479265688	609
0.898223441056482	-0.266047333016557	609
0.552805848302611	-0.215794271700607	414
0.493709193722571	-0.189561588415444	414
0.284121526386167	0.112007114225123	609
0.727329031565621	-0.254246892360237	414
0.122711649075507	-0.0607878935234406	414
0.824915783870962	0.265319355557085	414
1.78887031593702	0.431224623056866	414
0.581437022358522	0.219220109128195	414
0.617308594526007	0.217566291645473	414
0.233353472765367	0.0993124813888816	414
1.31229016700821	-0.392020241622725	414
0.775895164111087	-0.27959304143302	414
1.20755897563232	-0.422845298375138	152
0.121826782449725	0.0718891295134163	152
0.550909103660445	-0.285117311159842	152
0.234711596626656	-0.137298621737361	152
1.10805939990554	-0.45950192039254	152
0.778006336067306	0.636132058784531	136
1.62134926028817	-0.531994366617412	865
0.380365032176011	-0.186490498912796	865
0.807230265380691	-0.282870061989518	770
0.882302282754242	-0.315090686662225	865
0.809908615904045	-0.321079063739032	865
1.11347021156239	-0.459038960009292	738
0.297050030315689	-0.181116602764222	738
2.24776307443299	-0.715575052280993	232
3.06196404552731	-0.844078583215462	232
0.46967447626744	-0.24579264897117	738
0.714078277940815	-0.346499049819128	738
20.1855899019253	-0.791521554782248	608
11.1133736756904	-0.523658544697153	608
15.1049581392636	-0.777620922917917	530
8.65922733181324	-0.561971122250746	530
12.8583427386395	-0.829278552341124	530
5.43273894685299	-0.510636381208376	974
2.88831689040233	-0.354274220518749	974
1.053071601133	-0.190195653937739	974
1.10134319639052	-0.193933526661661	974
2.32767077636746	-0.342151842979293	902
0.662157651895604	-0.152473095795895	902
2.20152427190458	-0.334208745749064	902
5.26155679245783	-0.627426051089239	902
1.34970869917886	-0.284278549367899	902
0.483207058749702	-0.139415103539466	902
1.45656097242383	-0.296198920873294	902
0.812286230434611	-0.232254428589025	609
0.621176519472406	-0.177384394553871	609
0.305908403886201	-0.116493183345546	609
2.23258711909083	-0.486358176685803	609
0.148813965457507	-0.0656757736342798	414
1.51575860416005	0.371633260657233	609
0.049126476671819	-0.0233012750721684	609
0.348746386041915	0.136506979988326	414
0.152333211697231	-0.0656214503624945	414
0.889047689644523	0.270706688639302	414
0.750657984066522	0.230549248118602	414
0.554028982564262	0.188589218112226	414
0.0573361379523741	-0.0268729102094371	414
0.100946047801457	0.046271706607561	414
2.1586137511794	-0.502151715273336	414
1.17514978830022	-0.352509409384219	414
0.703425361093948	-0.2626043124637	152
2.95352336653787	-0.725437490802194	152
0.207005718498781	-0.119603025779639	152
1.51140968738908	-0.504792777134863	152
0.114452074859313	-0.0688057611458924	152
0.566606821781854	0.474834004044838	136
1.91103034607742	-0.550430781860092	865
1.21915794560141	-0.401188512763738	770
0.12179615177615	-0.0590946425322024	770
1.65015944789525	-0.460032692148731	770
2.58798778004085	-0.690202470517959	865
0.282469041562207	-0.156139908903785	738
0.643090100897595	-0.320435035005859	232
1.2643788337237	-0.440516219049188	232
6.04810795378327	-1.20074604648673	232
1.30569604193369	-0.440092580734795	232
0.661835177335593	-0.310753850438317	738
1.59046543833718	-0.576166344988774	738
14.4067026276249	-0.611352063648756	608
7.40149330225992	-0.42642336257915	608
2.92918418042397	-0.26231480264513	530
7.16338978480443	-0.517693744611011	530
5.27575186853175	-0.465172080464691	974
1.34111103125005	-0.203772327117259	974
0.573672362772003	-0.123430032496118	974
0.973696262789813	-0.172317507759239	974
0.51262023782155	-0.109751407235891	974
0.0866258124465999	-0.0257672901978655	974
1.3480591725262	-0.24508380115189	902
2.69994576645059	-0.403788995350572	902
0.106832207985964	-0.039372107139881	902
0.861649787448304	-0.200552533552996	902
0.374528342577909	-0.109887769359623	902
0.00204428624856225	0.000900168154660491	609
0.0367061435948517	-0.0152433759120016	609
0.546539328085594	-0.17498142121815	609
1.93812635840868	-0.438329107332788	609
0.0046447144014777	-0.00234989066594302	609
0.0214760438738354	-0.0105696131898318	609
0.50903976177234	0.17065103860168	609
0.0725207020601566	-0.0332135940569441	414
1.01461993265236	0.293461056433599	414
0.823449683747391	0.24326177866595	414
0.10992957595508	0.0477494559418889	414
1.39658290061161	0.368385787586359	414
0.112887420186142	-0.0496132029787245	414
0.360769746456673	0.135717942686395	414
0.57942795364272	-0.204684543488022	414
1.29283672125105	-0.375718824810184	414
0.203007156635941	-0.10277490404909	152
1.01188441449549	-0.347314248755093	152
0.904524976449758	0.427714862349644	152
0.407825567087246	-0.201174374828355	152
2.08608668819565	-0.677978440639489	152
0.303364173898409	0.308773654138431	136
0.245433538920588	-0.119901531209648	865
0.350292043227953	0.169146442705396	865
2.03495425660117	-0.521186018176979	770
0.542208155885006	-0.213356179340665	770
0.887435786570012	-0.327721932168215	865
1.6699666352412	-0.53963809102703	232
1.86565950510602	-0.62448912881103	232
2.35271828873386	-0.621961250828736	232
1.05932449705169	-0.405176133624782	232
3.1075504523043	-0.827401991117813	232
0.555247198559187	-0.262571894530968	738
2.57115714417183	-0.781668485115612	738
0.917294672694157	-0.427333859336708	738
14.5748998885416	-0.614857237737215	608
4.44944083140649	-0.293213091900547	608
9.67270245602763	-0.567029193148386	530
12.8467714577982	-0.774607085214165	530
8.83034668085484	-0.615119891753647	530
4.19035731199442	-0.42213796761013	974
3.82236552528469	-0.390427084673282	974
2.14044007546339	-0.288061048476428	974
2.32998454228674	-0.309211691626818	974
3.2070421137169	-0.39681956845679	974
3.0686588734436	-0.418754915402242	902
1.5579257465468	-0.305462084249535	902
0.883109263815958	-0.206894936548518	902
1.49523906798933	-0.289159983886705	902
0.77410246615974	-0.221502766396362	609
1.42739273619364	-0.314765337036787	609
0.662869812689616	-0.202286607381017	609
1.19871535247396	-0.308608096843393	609
0.231057425623382	0.0918321773187545	609
0.0301337863421686	0.0139538312659895	609
0.0342391231252891	0.0162746170639329	609
0.352857170745311	0.142779453536151	414
0.604435936222296	0.196862409174668	414
1.88322214496432	0.43765086316466	414
1.12061843349585	0.298970147510925	414
1.18854191961989	0.35339793364566	414
0.742735994710588	0.247369933375821	414
0.370842376753661	0.14131737848199	414
0.35067587706936	0.140824425100152	414
0.215832667274487	-0.10121652756413	152
0.102439161949384	0.0562044791567815	152
1.83769898433547	-0.549715941733923	152
0.591715143866353	-0.290766588057808	152
0.416491291193219	-0.203470732775533	152
0.624002787053814	-0.280093655523429	152
0.951557199321518	0.621846427498744	136
0.343350266884904	-0.167830990722911	865
2.43568560258819	-0.653872098627993	865
0.963822425692385	-0.320727039736426	770
2.07604898491095	-0.590835049098328	770
1.50742394464405	-0.545165517382813	232
2.71152052534116	-0.78163847226652	232
1.45295191367274	-0.524722766596936	232
2.86249666040935	-0.825491191673954	232
2.86452706095242	-0.843748175844961	232
1.60239425913817	-0.623759869873826	232
0.990311436280307	-0.451007108255119	738
1.71673986163859	-0.600285494312794	738
2.08268922761719	-0.782922179799328	738
2.46888922104126	-1.08194744246202	738
17.8364770971626	-0.743143962575842	608
12.55485376903	-0.574764546625848	608
9.80983680751942	-0.542800659252733	530
9.15219244752423	-0.553475875306838	530
5.59384184698324	-0.460288239420965	974
5.16546972117837	-0.433929638577878	974
3.46895739528754	-0.353395212673637	974
4.75818284056608	-0.43201506345367	974
4.59408599807371	-0.436004050591781	974
4.45520432220715	-0.455750635523268	974
5.01028653194944	-0.54295575220408	974
3.9863293546559	-0.488193193984729	974
1.33372045723934	-0.253852482897434	974
1.44188914253524	-0.279672539243369	609
1.7841872581294	-0.315291295665835	609
1.70535491711607	-0.318498457052847	609
1.33981076347696	-0.286061275600243	609
0.314580080921243	-0.106080942325011	609
0.16069732272778	0.0640652916312148	609
0.0291899211096169	0.0128636141165633	609
0.103034176227777	-0.0417209074855905	609
0.123352252448521	-0.0491816834957509	609
0.441261971303775	-0.147251429476877	609
0.311448327918294	-0.109572304481519	609
0.165971864626472	0.0663079247669256	609
0.984965004134964	-0.264347773752586	609
1.56138340948791	-0.3583756976504	609
1.03899579973918	-0.277330358198666	609
2.20675878958125	-0.478250307734216	609
0.647813200819998	-0.250000765607949	152
1.44656284256518	-0.408434713142784	152
1.83606768651235	-0.60188211566775	152
3.19957383933397	-0.755748494895647	152
0.598549670316667	-0.270185604530762	152
2.06639058352335	-1.28045607594306	136
1.56823341101487	-0.445674620764345	865
2.66135919467938	-0.650036434424548	865
4.68473795828223	-0.775422105912641	770
2.67881460725223	-0.603016835526301	770
4.31169312632288	-0.948211654454687	232
2.30956379401687	-0.631765887701751	232
3.4049633453501	-0.858530896332075	232
2.99608759785746	-0.749060158167919	232
4.21319495202134	-0.943265667545313	232
1.37363049244865	-0.463595215855106	232
2.32628331522583	-0.693522030259924	232
5.93117063495413	-1.19608978656388	232
5.7458154965183	-1.41445263111046	738
2.49821882497555	-0.882796067439248	738
2.24248904034427	-1.1757395205258	297
14.7231977871187	-0.615878340306813	608
10.6236416715275	-0.519082503878037	608
11.0850023477862	-0.591999621541208	530
9.66456060214559	-0.604590708994454	530
7.45471239142138	-0.490703247922692	530
3.74511606988765	-0.334246725777567	530
1.68868234596324	-0.210260678065716	530
2.82861092960359	-0.304998574480213	530
1.77878478140531	-0.237366183970885	974
3.95269744560093	-0.453732132048218	974
0.749262644302908	-0.154389328225172	974
0.471724440793767	-0.110404511372809	974
2.69807649746118	-0.409779089912078	609
1.12394326379824	-0.220031093831837	609
1.93574250355809	-0.333357741643862	609
2.82680689627024	-0.452597786772993	609
0.0692365747120922	0.0260413834732271	609
0.980840275582498	-0.23755502647185	609
1.45984734845738	-0.309797232102482	609
0.417511876465278	-0.128642164534452	609
2.12152915043151	-0.390830373563619	609
0.0956356660877715	0.0373399439252853	609
1.76577646674204	-0.37172419004569	609
0.193496527541961	0.0714390373848655	609
0.81034059410268	-0.20813753853591	609
0.774889855969559	-0.204259458023226	609
3.18378174595104	-0.54990462843858	609
3.15939792743705	-0.565870379832284	609
2.01277585918974	-0.502381315931537	152
6.01088234899771	-1.03221482025932	152
0.0967192031702004	-0.0582167363949415	152
0.452589646723051	-0.200182541295555	152
2.83638994854992	-0.730937645942467	152
0.393088634103446	-0.327322222320785	136
4.23255865700498	-0.890657249362256	865
1.82531248588489	-0.469089595069448	865
5.1679633410439	-0.894881337199843	770
4.14768397092962	-0.776061602425342	770
7.6282019773087	-1.2632146411072	232
0.859555809715909	-0.342810979161783	232
3.07954594704956	-0.765472708573199	232
4.57888365899641	-0.927673601678087	232
3.43913748042618	-0.789657003818305	232
2.10001287218595	-0.617251870639599	738
2.20738830925856	-0.679088887870284	738
6.5134903359419	-1.38578981837979	738
4.50063999515061	-1.16255010389356	738
2.72844216900069	-0.94563087588169	738
5.13455385125954	-2.05679642565053	297
6.94320792815802	-2.88890252018206	297
16.9574002234063	-0.708512411823223	608
7.09269468404839	-0.405119262651236	608
5.40889239714052	-0.398463997934945	530
5.62822057368769	-0.38691369573922	530
1.09503849915109	-0.147852038445969	530
0.145005752814375	-0.0309640053226751	530
1.54650149889393	-0.203412241609517	530
0.318519703280187	-0.0693776860419759	974
0.545462598362459	-0.125561887324609	974
0.113849635463364	0.032936862136826	974
0.388265298206445	-0.1024844219659	974
0.0190284469506198	0.00694417332139415	609
1.0248569907324	-0.221407627500589	609
0.259923308646911	-0.0811292438536914	609
0.953391975526633	-0.237015859333299	609
0.780501164708277	0.204815855152451	609
0.65364060250673	-0.194476387628087	609
0.753582097724331	-0.207965875158396	609
0.162406497480258	-0.0615177820574744	609
0.194686612639345	0.0763900496975577	609
0.58933514943682	0.174139000650945	609
0.111594128782721	-0.0450152018645792	609
0.0151048190180838	0.00693227242157426	609
0.488825448037243	0.173056033445191	609
0.0181069553105299	-0.00829286490462669	609
0.0743658747359765	0.0332907705442205	609
1.33158062437946	-0.376217495634996	152
1.51453609702739	-0.452169172456199	152
4.53626321066542	-0.971820868379104	152
1.380729738929	-0.505555697649946	152
0.153554872855912	-0.0845907762778127	152
3.26818376205695	-0.865909833075398	152
0.644421413855022	0.518359338002789	136
1.81406592624754	-0.521571782642957	865
1.10233419183534	-0.413597815211504	865
3.00554417098074	-0.675334543375948	770
2.16106088500817	-0.556245194914706	770
3.00896750232934	-0.786255104965641	232
3.02248687322596	-0.880909307126594	232
1.79180292277415	-0.6482505607455	232
2.91389445748768	-0.776724005427262	232
1.47200823161972	-0.554528446154543	738
0.40365555320446	-0.215320512280382	738
1.15913194342997	-0.491335763363628	738
3.15014404111699	-1.03192027714621	738
2.67111785995516	-0.956254831329029	738
2.52461864669458	-0.974385083217801	738
4.01736549157861	-2.16964005549379	297
2.39899093036635	-1.17259822439262	297
2.6714340017286	-2.05385320068686	549
13.9796251687875	-0.599340418095915	608
3.74169298092305	-0.254937876825066	608
7.64921134284211	-0.421120296671101	608
0.641384510329471	-0.0913954230341722	530
1.0042425507842	-0.137064051647878	530
2.49310393138378	-0.271327937790889	530
1.45127194176366	-0.201511551591327	974
0.123899725322711	0.0338403755947287	974
0.678660540430142	0.140234084745258	974
0.827110665485184	0.163976206116983	974
0.0614993796878195	-0.0220595135701388	609
0.290241125417429	-0.0824935027224408	609
0.780409754692138	-0.197723771974349	609
0.0181951052744034	0.00740876860315541	609
0.799692728419456	0.216409693721961	609
0.968085613419429	0.244587885983808	609
1.77772905362022	0.375727057287578	609
0.353803244853301	0.121072230789165	609
2.52787552431005	0.507855339010058	609
0.536962839989905	0.173082919502295	609
1.13812951445927	0.265120272175691	609
1.2132320342732	0.296087107764559	609
1.54778406703856	0.363801397204111	609
0.814156970703436	0.228126056480687	609
0.417726047326287	-0.152267841929977	609
0.282434717826113	-0.121328276176715	152
1.67003277535435	-0.450926225023759	152
0.428284548144858	-0.182670338184547	152
1.93447842925896	-0.601936487959738	152
0.497543308466761	-0.221084521836376	152
0.673465625502003	-0.273102394673466	152
0.322463130909288	0.274726150631546	136
0.0213771578150288	0.0128404658158098	865
0.0141402063892526	0.00915180814128298	865
0.730662145333594	-0.25786510847633	770
0.625560116058635	-0.258293953072217	770
3.76985866354231	-0.987167815160962	232
3.58059442517553	-0.993945291180272	232
3.79388402521332	-0.989250479800404	232
2.83190432119195	-0.773150851872993	232
0.750061438410386	-0.344653714123364	738
2.79403736654484	-0.937268267351009	738
0.654834056723689	-0.33990629526	738
0.697700596645757	-0.337608641825472	738
1.51711356193531	-0.665026093978872	738
1.73976823865106	-0.801945249244401	738
2.50780350252699	-1.17274078958316	738
2.13600968349759	-1.29281453456227	297
2.80293466709975	-2.29984493602801	549
1.27849039156313	-1.6073569891354	549
15.1390352628934	-0.640956547658779	608
6.54705451311283	-0.363461617994359	608
0.0470031310610757	-0.00969795062732681	530
0.838943570420096	-0.121466994075682	530
2.96509696411374	-0.30705599368266	530
1.14644296704222	-0.176423466987555	974
0.129579414822107	-0.034692848176134	974
1.43294411541215	0.233613781523413	974
0.22740061005649	0.0626882928062425	974
0.106415245306834	-0.0362998551033987	609
0.308364031965707	-0.0878503355964014	609
0.161866451237726	0.0536424723474128	609
1.80098316119425	-0.373323886011631	609
0.67028735838782	0.190865536916392	609
3.30576782760215	0.570770734161048	609
5.48827895966787	0.740234650991354	609
2.59428997297008	0.479218396752892	609
0.523345956760223	0.165698183494222	609
2.61979328426392	0.505008497282806	609
1.52301766993316	0.326479174435878	609
0.312969041659484	0.111647455161543	609
2.29529978646137	0.475203427349242	609
0.228370946139382	0.0934910469098547	609
0.33861914574715	-0.137389759858615	152
1.09308147504348	-0.347668386840795	152
2.05989482687561	-0.524897852875191	152
1.0782756185341	-0.366438981931144	152
0.997900464530681	-0.373838025435205	152
0.327716365947857	-0.151472585142466	152
0.341795215286813	-0.172052670862539	152
0.047633026242382	-0.0552552040222258	136
0.497353466600517	-0.22080300610142	865
0.406059810698262	-0.200091576135849	865
0.915180591692688	-0.331532210191371	770
2.8686585285342	-0.70999172670576	770
2.10854907461323	-0.665015268219944	232
1.36868770853672	-0.574862216402746	232
3.90126875027859	-1.1141035295302	232
0.0342586665057641	-0.0229179127499615	232
1.74752657646929	-0.700259442231355	738
0.994081915536067	-0.441996309991967	738
0.443799988233986	-0.251906294210313	738
0.770059128629979	-0.372240918193415	738
2.71644691599399	-0.950043889675284	738
2.52790019368616	-1.04526021939455	738
3.91936624194117	-1.67167397175156	297
1.88100149917495	-1.14735568781121	297
1.79042121067148	-1.51785005918474	549
0.99202169895614	-1.07607127874063	549
0.485429642425462	-0.783602283696711	549
16.5832730261198	-0.663754347527059	608
3.64266793756084	-0.261070809703603	608
1.61370842864407	-0.168735119477343	530
3.83254535619705	-0.323694564254414	530
3.11992106132065	-0.314412736213321	530
3.02018327208833	-0.344473266902377	974
0.0553456897212693	-0.014921514936128	974
0.436014446881747	0.0959508005609916	974
0.133732075203363	0.0387211033434278	974
0.716306764596546	-0.149462073201859	974
0.0574281105214886	-0.018381377905275	974
3.15631886397597	-0.478005739324617	609
0.388393187405125	0.110839614156159	609
0.457227601089208	0.124672914114276	609
0.0154305137633013	-0.00605127943252458	609
0.644079683448353	0.171169019471938	609
1.03285792151824	0.241893919571363	609
0.993390807672527	0.242633843582482	609
0.105379693496136	0.0388249234955703	609
0.225564605198447	0.0757132491656977	609
0.457702476362804	0.139391527715382	609
0.148041116250029	0.0563980254097357	609
2.74920863893781	-0.502277004913733	609
1.86235561356304	-0.423748797879242	609
0.841264311676579	-0.274243343087111	152
3.44917519603315	-0.823257194343851	152
1.06267794138205	-0.422543952676846	152
0.895280903938758	-0.334394697117526	152
1.19682696327738	-0.419245047109457	152
0.0644571299317402	0.0655086264319261	136
1.04421896744991	-0.344908457645673	770
2.68237174876579	-0.654140953249661	770
2.78666334827886	-0.623258783996735	770
2.98882876691536	-0.687662644502524	770
4.81276288335973	-1.01522454085889	232
2.56781420106596	-0.772593314142709	232
2.42030152713913	-0.738706740924736	232
4.67942881994624	-1.04120217606749	232
2.10618621119964	-0.618386573661207	232
4.23618970103521	-1.01046174758605	232
1.67364624592981	-0.627934749581721	738
0.719036318527728	-0.349888828606697	738
3.36313396098753	-1.05072570310721	738
3.02962645425801	-1.07868588268474	738
0.967981270991254	-0.575830111178092	297
3.3097209481077	-1.63239513187186	297
0.951825571648855	-0.90029178348465	549
1.1994296898617	-1.75931297992145	549
0.873750592256836	-1.0353760530115	549
2.24994751333246	-4.65782535794555	549
15.4540550418922	-0.635021907303041	608
9.92899110426127	-0.491896129140054	608
11.5031331702716	-0.622564218486562	530
7.74952578583873	-0.538171457087379	530
4.49691601868876	-0.404462952801298	530
0.166760827922596	0.0377367606851245	530
0.429999533161482	-0.0881062998059557	974
0.882323673820969	-0.166887297318815	974
0.928946728201775	-0.166109045119402	974
1.44984666931363	-0.236434580504089	974
5.83248536097732	-0.670786501196749	609
0.532325782556915	-0.13684128943525	609
0.0734217318749284	-0.0263517491880542	609
0.633203130968247	0.155280670420823	609
0.135644858288056	0.0449941957698917	609
1.00312785450975	0.232703010811037	609
1.72158656079899	0.357515654478069	609
1.14022306907481	0.236818421062212	609
0.0353025393630563	-0.0133634243374811	609
0.147282426563288	0.0551647469774342	609
0.336204145878853	0.104214046472774	609
4.2429852641284	-0.681105975707419	609
2.57786487702286	-0.539838047043579	609
3.26723474624721	-0.696148066546486	152
3.22215837247707	-0.706127513885195	152
0.410250897891211	0.187773232560464	152
2.38169432707015	-0.585427384188295	152
1.06756247052984	-0.39332481636639	152
0.0581101859003185	0.0637808989574516	136
2.4439964267674	-0.591245825023431	770
1.77010780407537	-0.508599695772227	770
2.66225028502312	-0.608496707246938	770
3.64548271195594	-0.761449829994946	770
2.79500430065581	-0.764725960538308	232
2.10355247155888	-0.725096249775952	232
3.99096622955095	-1.03831891617362	232
1.4187514115784	-0.480615533760495	232
4.77398749369018	-1.08976046263822	232
1.24062379587226	-0.470986531951634	232
4.29902621236828	-1.16289780323876	738
3.30291217291472	-1.04009684754603	738
3.09056085404491	-1.08184206790127	738
4.75391033497697	-1.58947733470387	297
2.29285544760308	-1.11279354795533	297
4.42755516085186	-2.46541382837134	297
1.54655889169459	-1.45670402916921	549
0.153969076083867	-0.297611027116875	549
1.34744539509294	-1.60928221521558	549
0.35716921831739	-0.870600807450509	549
0.00123100476885248	-0.00365840483554153	549
18.4415175798504	-0.744886052485526	608
7.88859482475627	-0.430006421829475	608
5.71914208253802	-0.387892652420349	530
2.26132637797655	-0.239713697113914	530
0.35469142981375	0.0673114647648272	530
0.645986082265079	-0.110109604175516	530
1.55242848590053	-0.221065458939834	974
2.53926176214254	-0.308268249206652	974
4.70970951634681	-0.47636396672648	974
8.24991122196754	-0.761487957757919	974
0.214419241938109	-0.0598491302419535	974
1.06520484876104	-0.215196120428506	974
0.699007465021266	-0.156463556094175	974
0.455185290095277	-0.118429273601839	974
1.06343421492201	-0.214900852134827	974
0.944028772443738	-0.202776969170496	609
0.0132049298403983	-0.00489212786697399	609
0.345931373482828	-0.104942994047709	609
0.978611952984861	-0.22371544024275	609
0.898515538379095	-0.201952619946227	609
1.86500220897105	-0.369212956751113	609
4.16707624691998	-0.683215870463893	609
0.986425150096122	-0.304538916195901	152
4.69628777605972	-0.871781968083791	152
0.606847721423289	-0.261588682211812	152
1.10431030488211	-0.370647102617251	152
2.67078966863197	-0.649859151193191	152
0.623185231689515	0.476052066654979	136
2.33987002620952	-0.582236331578458	770
3.07919987023677	-0.692475107426135	770
4.56687919634695	-0.795020498429688	770
8.48870928516575	-1.27443465637154	770
6.90996242766167	-1.27044224713067	232
1.05161154032238	-0.463449123484391	232
3.73256327323254	-0.958803430902206	232
4.05780394089437	-0.875814933065606	232
4.97036139342324	-1.09772386223523	232
5.22206352578079	-1.24117135352428	738
2.55879921757204	-0.792943088058627	738
1.14204385547411	-0.460151690563998	738
3.94668054606845	-1.16906117952482	738
1.30361683282695	-0.637628246230869	738
4.10005527796846	-1.97697249266352	297
2.7314548170266	-1.29631738197199	297
0.935444111551755	-1.10074208407874	549
0.0691976502854553	0.181658824268903	549
0.813073314601274	-1.25006618842742	549
1.19002157126599	-1.75692016410292	549
0.515673981615981	1.23419235089223	549
0.700563492752796	-1.67053510448317	549
17.635930230808	-0.7198170406516	608
5.94108060168108	-0.364473574321795	608
8.18329723461885	-0.523830154626635	530
0.930469194724894	-0.132551415648141	530
4.70687812263574	-0.389281845346705	530
4.09754743506477	-0.389555523114909	974
5.71333928897825	-0.468550995869301	974
5.09582735625934	-0.463123390589523	974
7.08799546040837	-0.626578901028937	974
2.34338849948335	-0.303296080455895	974
2.95362317751204	-0.380256483348575	974
2.21996814987421	-0.33907684134205	974
0.681359715534183	-0.14973083894401	974
1.20575428203463	-0.228168910927634	974
0.367907572517087	-0.0941561083900395	974
1.07187846134166	-0.217218897053656	974
0.425236909243121	-0.119771420039926	609
1.48743295451579	-0.281455986285114	609
2.80432059659497	-0.420917974710072	609
5.82305148263802	-0.70916639737557	609
4.46540066580644	-0.672444104175331	609
0.305050765514428	-0.115681128278814	152
3.0294459860794	-0.636058196678231	152
3.22773865608407	-0.76029546097268	152
2.11639844586669	-0.552764378733987	152
3.98779131773221	-0.857024601453966	152
0.0718015145030802	-0.0725175114618396	136
1.8214214668422	-0.485126653980654	770
6.26546391449637	-1.0947652814067	770
4.09334611557425	-0.699872091992012	770
6.23187842497132	-1.02700405221059	770
7.98469073956442	-1.28664941772921	232
7.1222035320828	-1.47983557090373	232
3.8637313278957	-0.876953506123366	232
6.28792645712538	-1.14392195725654	232
4.95159699964922	-1.02678646127234	232
4.79972297955741	-1.05994012327309	232
3.66691296874759	-0.919298135653993	232
2.26510182895467	-0.627030257802597	232
3.61043011875087	-1.07346391441078	738
9.93330057763761	-2.77826245997937	297
4.28290636086939	-1.62360561339379	297
3.63705193830319	-1.54424039090518	297
1.37547148864483	-1.09541861244145	549
0.000277965927313019	0.0010286689461943	549
0.0674491593931165	-0.184642370593561	549
0.813576843211627	-1.80559528399882	549
0.0608563515084157	0.173950605500766	549
1.22827803140349	-3.58713332386024	549
0.646757492883705	-2.37077728022036	556
14.4902311987623	-0.618402677894074	608
12.5535464783086	-0.585101722151832	608
2.77825721157522	-0.240558777119937	530
5.07156185616999	-0.365438272032383	530
6.55556034227503	-0.475333920315861	530
11.160851569898	-0.65853975473233	530
9.54734901716246	-0.636134615372392	530
8.31484225335909	-0.678453318459098	974
4.21468861451381	-0.406335716098393	974
5.52951021937119	-0.516816288743638	974
6.54757026292743	-0.608566999382947	974
5.09139210486295	-0.513720586896981	974
1.33305484219246	-0.238286403104379	974
2.71253225500877	-0.379293133164226	974
4.99808056953967	-0.582340240073392	974
3.3233142326691	-0.468897697250829	974
2.48208271537357	-0.359159194831121	974
2.43161077880211	-0.353806440104289	974
5.37615456544585	-0.623248875318047	609
5.14931114083275	-0.679535611641073	609
3.1295873154471	-0.594085842811012	152
2.62511230033746	-0.540362846712314	152
1.26747898464217	-0.440848176445928	152
5.47117043187971	-0.952784767095322	152
4.3529387814187	-0.862506459123969	152
0.0442678377867723	0.0489419128731219	136
5.00662990200885	-0.86426416357557	770
4.21195803311413	-0.762907863626083	770
6.77053614694859	-0.896199269565641	770
5.30131221593467	-0.87852011375811	770
5.36489302759904	-0.975379349439067	232
3.79045692444244	-0.913578811542686	232
3.48387378045843	-0.85358480688199	232
7.80403043282767	-1.26638176388004	232
3.79962162265138	-0.821581506791694	232
4.54131417419958	-0.990141282553155	232
5.58182895177821	-1.18291825452139	232
6.40812829788296	-1.28426973827901	232
5.42267610425777	-1.28617407730106	738
6.81347141939538	-1.82920619623171	738
7.37368013716386	-2.30577202013856	297
3.39509017848148	-1.7462062270308	297
1.47893173891166	-1.51337440940018	549
0.587456191601545	-1.52442390799946	549
1.37591696427625	-3.72684587051498	549
2.04896546563559	-4.3759851908962	549
0.37075295985307	-0.851220655837108	556
2.11343342958642	-4.36052547070355	549
1.49077742954499	-3.87008376334205	556
16.5722864434011	-0.68976352460481	608
7.89051251092126	-0.415687706939654	608
10.7549744721343	-0.579978023740988	530
8.68177145090036	-0.541994775357283	530
13.9136564594077	-0.740206298822797	530
14.4090573814553	-0.801831408940005	530
12.8229331302985	-0.855581251059884	974
4.59706475262528	-0.408110080759285	530
4.70713621730693	-0.435475898690246	974
2.29317949294662	-0.28933684828838	974
3.2789984419372	-0.381514447961081	974
0.777241313477353	-0.157019560498116	974
1.93825280086966	-0.300715047582693	974
2.02748049040494	-0.2999381006181	974
3.46853521782528	-0.466457162290628	974
1.47406725696696	-0.263792570448606	974
0.790340131566788	-0.173073844925253	974
7.8961870150897	-0.832758914285285	609
5.9717147994035	-0.767554389831159	609
3.02114615044907	-0.619904566051112	152
2.96975995024802	-0.602258512625668	152
1.94734494579702	-0.550976133836624	152
4.9339864403987	-0.921165267422826	152
4.91663010023421	-0.901275574444041	152
0.00986930449931532	-0.00972779483714018	136
2.25072758205952	-0.520908133565488	770
3.40010241586139	-0.692787265921247	770
6.31379080215736	-0.951154732055036	770
2.4271112325645	-0.527139086059994	770
8.69655907336219	-1.51175878142093	232
6.12767639729659	-1.23948307308846	232
5.70245071085694	-1.13618851137743	232
5.08979176639841	-1.04586594630896	232
3.87823203476293	-0.90284280999388	232
1.71855723080004	-0.556839828326877	232
3.65819246216752	-0.962067722772864	232
4.41802079009971	-1.07283684982081	232
1.97085799221477	-0.781872299435422	738
3.79702445742451	-1.20773051650135	738
3.47995793309465	-1.77116064588507	297
2.42229202033671	-1.44159651986313	297
2.3645388822829	-2.46552714980704	549
1.4788587644071	-2.1180960543337	549
0.158133535139661	0.360651648680771	549
0.726973375967876	-1.66658396349967	549
0.109348779317133	-0.322089647129945	556
0.721061197716552	-1.65439338788351	556
1.25153562054618	-2.21689385990294	556
0.581950481050338	1.05692340998255	556
0.410572883217692	-1.16012849355376	556
13.9322896567619	-0.586965057194182	608
6.07157667913868	-0.366110845270236	608
4.27704268767544	-0.333009655766447	530
15.9517644434483	-0.803799281232933	530
15.405169860713	-0.83842221702426	530
9.89468390284451	-0.730356544263434	974
8.76876760821456	-0.609201565872942	530
5.4273880177063	-0.486339116187435	974
3.50068449865177	-0.376542044088355	974
1.87595517129793	-0.270035764279641	974
2.1786187814799	-0.331204963827628	974
2.87709907727827	-0.372185080185457	974
0.334283930973646	-0.082412893311106	974
1.54267464194769	-0.261641273419546	974
2.10314913302829	-0.321438073216394	974
1.04701120128193	-0.203461741449515	974
5.40739452885808	-0.649102461744637	609
6.27718758817955	-0.801873570627562	609
3.62002430499335	-0.654143282267957	152
5.45902920676447	-0.886882742861121	152
4.59372480938842	-0.961697764464389	152
3.9767498774974	-0.806975617008978	152
4.90495599994619	-0.928552223882341	152
0.259435277568649	0.201344495019393	136
4.71256460782595	-0.792760111787606	770
3.07787163041018	-0.672838575583864	770
4.82396554202657	-0.764104421037991	770
6.62174741121576	-1.03113548780559	770
5.62480157442024	-1.09001514000125	232
2.78102415924846	-0.770451721499319	232
4.53578426792074	-1.05889111736695	232
6.82197819808049	-1.20836000971135	232
4.013312127174	-0.985010891201116	232
2.47517642162231	-0.676945545512345	232
2.35651454299441	-0.706202462300234	232
4.59792793426518	-1.00476165464731	232
4.04327089431712	-1.32874624727804	738
5.47800081172791	-1.41705275628745	738
3.80637389484057	-1.44490120128516	297
3.4302549869656	-1.61636717573874	297
0.104323774915663	-0.189647771396914	549
0.734043205990254	-1.08122573219826	549
0.995203974368277	-1.9578704649819	549
1.13543576543995	-3.40476703405873	549
0.685855602806479	-1.28610288954525	556
1.36539350727774	-3.7281619415051	556
1.22722152352137	-3.5877724690554	556
0.107190571458302	0.353753868610042	556
0.49278465435728	-1.34862431453669	556
0.519107865191309	1.23395222849542	556
15.5593487176334	-0.624281715646148	608
4.75742668006406	-0.30956074872796	608
15.7559357422916	-0.758031367908605	530
18.3420252934212	-0.90943374923453	530
12.9935844316315	-0.794224038673899	530
8.29166291406266	-0.579056778369916	530
6.74698592570202	-0.516259439684222	530
4.62558677441742	-0.432045486299927	530
4.18437172067079	-0.408794721621243	974
1.73418094692461	-0.250645301978925	974
2.63471210630876	-0.328981570235963	974
3.53382525556521	-0.401292992458049	974
0.251598481854217	-0.0655623835235941	974
3.56329227947591	-0.426423960417257	974
1.84217330135129	-0.27063882509473	974
4.90550289043644	-0.612327368876452	609
5.53371202901086	-0.707839105338726	609
3.74538471028684	-0.624375634722066	152
4.78451242800491	-0.800952091930358	152
6.101866674382	-1.08159877889942	152
3.8159852324779	-0.733423721186576	152
4.73705539438135	-0.905026307415898	152
0.46991707208759	-0.325565238723239	136
4.2341764632919	-0.739897981160852	770
5.16835288130151	-0.90771516737171	770
4.35185208355882	-0.701706915948954	770
5.61680271693244	-0.870610132869129	770
3.24176910259	-0.771988935401676	770
4.815623993751	-1.0381541848092	232
3.43603033921243	-0.919355867996833	232
7.38117108100369	-1.24447046350964	232
3.53773105140112	-0.86829286022776	232
4.17835832571663	-0.927582818324584	232
4.67116734829922	-1.12593321079174	232
2.52496937673599	-0.698810618298229	232
6.05664717494493	-1.50510619615945	738
5.2388553228353	-1.597567834856	738
4.01054925523589	-1.62109288254728	297
3.4267561743212	-1.929424797177	297
1.26655511665896	-1.15758847188007	549
0.737188972767752	-1.07326318834062	549
0.996136183526339	-1.65001931186352	549
0.27499569118701	-0.683501451343233	556
1.54065098458364	-2.04332144290251	556
0.459867025339278	-0.994228579807373	556
0.156758876228604	0.369816939767873	556
0.221275655912326	0.69348649816474	556
0.457914257666372	-1.01292234805368	556
0.243460333101612	0.628333843257408	556
0.402523457519122	-1.15887556675978	556
17.9991713269164	-0.745480982066979	608
10.5526575752907	-0.520961507906298	608
15.3108790454091	-0.757133126491419	530
8.93141907315528	-0.64891611152036	530
6.78431358383711	-0.465702552379725	530
7.32505571720057	-0.529600401694206	530
4.16578605966525	-0.402709492176473	530
5.81891305240779	-0.503873322254856	974
1.10438961163596	-0.174985834468129	974
2.99253545202643	-0.351513926318787	974
3.51288306864816	-0.420652768230661	974
2.77777240739911	-0.373437965725321	974
1.45163193150651	-0.243488249058919	974
1.85761880595605	-0.273224501170841	974
2.83343778026502	-0.398731181878448	609
8.73990650604661	-1.01032024761028	609
6.2328382304144	-0.957292494346211	152
3.26500177148337	-0.682578272224423	152
4.34403559413816	-1.00446242933561	152
7.18450064493486	-1.25151508281061	152
3.57490575701425	-0.867006164402963	152
0.0799421029527621	-0.0839602774516994	136
1.38141701951425	-0.398332737083294	770
2.78499854164014	-0.647924917111833	770
3.74875514016184	-0.704987823855603	770
4.86909613414222	-0.854466335242164	770
7.0695258500123	-1.24295557780007	770
5.66341969860918	-1.36966547863499	232
3.44845480532115	-0.870012800930621	232
5.44599458009008	-1.05381321607787	232
2.98749681875204	-0.777769304618969	232
2.33332612973195	-0.67660071023461	232
5.12159598872464	-1.20535082976796	232
4.1333620306899	-1.06986704740575	232
1.74191568940606	-0.744510776072009	738
3.00015694968686	-1.29851634539055	297
1.80474867221159	-1.16148839734697	297
1.99091830585718	-1.34641384695917	297
0.837772500832318	-0.961990768270461	549
1.29099713863773	-2.31595597375031	549
2.10336042751965	-4.35777217083921	549
0.266469385196085	-0.707731443712808	549
1.00352167734933	-3.21636698977596	556
0.129959871515153	-0.489735744403573	556
0.646757492883705	-2.37077728022036	556
0.588114554805793	-1.49231003220086	556
0.0399234824969689	-0.166381316429328	556
0.401692766286543	-1.16200897445837	556
1.00904969056632	-3.20315602343607	556
1.53290869565367	-4.14757569925108	556
17.6646194075941	-0.692665443639512	608
8.93341573125594	-0.439209963486686	608
7.3722016880939	-0.502016784061685	530
3.4659492485136	-0.276066707389123	530
8.33725167324613	-0.515523017876022	530
5.65914431648631	-0.430725100769584	530
3.39238187457965	-0.323867398020476	530
1.29376583905592	-0.183605645830074	530
7.15811766893163	-0.571599636167507	530
6.25748775965633	-0.560285482193764	974
2.50481542304833	-0.308667256142436	974
1.79722674659313	-0.263809677316402	974
0.52832120352019	-0.111225727634629	974
5.15158648617281	-0.540003251575127	974
7.21108281357901	-0.775079894158493	609
6.35727123160021	-0.85550409498317	152
7.14224939437925	-0.983064639423805	152
4.25094500702046	-0.890135513593207	152
4.82826444784857	-0.810049784926343	152
3.94480416901479	-0.741796502191544	152
0.607324388300247	-0.389839082694956	136
5.63245353910416	-0.893287236447947	770
3.27731906396181	-0.638793602837493	770
5.94510584518923	-0.81219976416482	770
4.88331031673214	-0.726411390960675	770
4.03703447471941	-0.790152823209375	770
7.58918116645195	-1.24818330990143	232
9.23763615284323	-1.63197388976737	232
6.34366571133862	-1.09233931657255	232
5.09865757301002	-0.993087114262434	232
3.50866938223442	-0.792709603822986	232
3.34057983018606	-0.819995476206344	232
7.36401468595873	-1.4188353519125	232
3.81584944291904	-0.988915214653913	232
5.67340235449334	-1.49394692933393	297
4.15054291026438	-1.63368356111353	297
3.11514539529278	-1.48710738304728	297
2.57871641876454	-1.79943931312075	549
0.97638073455681	-1.36044931180778	549
1.26946886145589	-1.4342384069939	549
0.063048318277437	0.18695217904618	549
0.783867138092754	-2.71649506242353	549
1.545250444963	-4.01560632650498	549
0.646757492883705	-2.37077728022036	556
0.0295687453035863	0.104312810664985	556
0.51792872546836	1.23341239307539	556
0.925271985405218	-2.98130290015837	556
0.150875003667045	-0.319876157010986	556
0.585903223953495	-1.14411765238134	556
0.0378701197110707	-0.162427531169565	556
16.9293966893726	-0.700230894430414	608
11.9116377203488	-0.633244304643368	608
5.95300251433029	-0.35717260390084	608
8.72799742556148	-0.524484519244228	530
5.84981551266431	-0.420336548645724	530
4.25133023754187	-0.357637491131702	530
1.96923501803201	-0.238931655066391	530
6.73921698672867	-0.58116303390105	530
6.31531825989261	-0.563307018895561	974
2.40303028670235	-0.317709822145577	974
0.643820815384634	-0.126232260872771	974
0.0407734986213813	-0.0113241184371282	974
3.51065137661231	-0.433641287480047	974
4.89028709534514	-0.629946618061756	609
4.48290541737215	-0.685333746305136	152
6.2315041209659	-0.899397498729865	152
6.70966032272215	-1.17600617885865	152
4.46749223382795	-0.804130459858318	152
3.17294300282032	-0.660560827541482	152
1.2122941019685	-0.687206335950925	136
4.6735560556979	-0.789638966922656	770
2.26914853262586	-0.538937187155594	770
4.37853517989009	-0.713510556812529	770
4.59353045084726	-0.742115317393356	770
6.88531208810139	-1.09823721379479	770
5.36367855961986	-1.08186253508933	232
2.06781907143894	-0.616200975935944	232
5.26521168183284	-0.994620764382762	232
4.57228126134167	-0.920937473214871	232
0.90222471976002	-0.324791389985182	232
1.41591130907422	-0.540570698332132	232
6.11584920734974	-1.21531860093525	232
2.87367279048758	-1.0411252347762	297
3.07913626579732	-0.992169842981069	297
5.19501638303944	-1.88359017691329	297
5.54098829343844	-2.36144172127079	297
2.06967790170429	-1.85366328134328	549
1.46804352513707	-1.76309172472156	549
0.22714087621672	-0.411400643553347	556
1.74597792684779	-4.13129195628582	556
0.11210910573069	-0.332441882565742	549
1.41585159060964	-3.73205278809863	549
1.04105043230375	-3.4118786414005	549
0.415783773151019	-1.16125839181353	556
0.0080401366878729	-0.0217077135468564	556
0.113902208608992	0.363536694578966	556
0.782914112248885	-2.70698383580736	556
1.65387426065439	-4.01849344325125	556
1.13210462412278	-3.41055516982798	556
0.182642927055074	-0.504752932066627	556
17.5350320040779	-0.729669655604612	608
13.146825425357	-0.657343392828041	608
9.07831172305898	-0.608949504633405	530
8.23633624137414	-0.597631725327529	530
8.4620646689307	-0.619448456733344	530
5.7767177246892	-0.502870998263514	530
8.1558114276144	-0.678166227542004	530
7.5683210482552	-0.665593663814135	974
3.20378113887879	-0.393400614952104	974
4.99690835644923	-0.520705182268409	974
0.051576113528365	-0.0151397531897845	974
4.71453721636955	-0.551417128036829	974
1.81384205809983	-0.356103974092	609
1.46890569246419	-0.349963668672139	152
5.60926628197035	-0.838450466997791	152
1.1719495256542	-0.360446309082168	152
0.698196099164365	-0.238306042163482	152
6.20587599256673	-1.04503353203634	152
1.6948689167595	-0.817817837696643	136
6.1368632629267	-0.949735651827681	770
3.2598721819876	-0.659744330496299	770
1.84267285252939	-0.414022101285624	770
5.37244586705493	-0.831661928936662	770
4.02591586052105	-0.779308296916256	770
3.17619255599236	-0.763685333909898	232
1.26540922396861	-0.397989898564017	232
3.33940026327974	-0.727319136309107	232
7.38728065651961	-1.24440399665091	232
2.31287973686007	-0.676400224664992	232
4.29673273286793	-0.979870581826611	232
5.15141694907434	-1.0963190835847	232
4.1053230164419	-1.09127447319013	297
6.82469745509891	-1.58396403673215	297
5.78222331485283	-2.12513283612186	297
8.87352856995998	-2.87085762815777	297
2.42666358656277	-1.77874676005974	549
2.23012437697927	-2.39639318527595	556
0.377346581538484	-0.847168769626884	556
1.54464513072878	-3.87410348902455	556
0.603751496976486	-1.51704637106052	549
2.46796371038794	-4.56935742281694	549
0.720592451282827	-1.43439408438648	549
2.02095641169759	-4.36014967371096	556
0.835269829854035	-1.80098463576892	556
1.21690782801175	-2.20839715059371	556
2.04399801020841	-4.36870343006242	556
1.14223114191161	-3.39886125693647	556
2.10936508922777	-4.35618875080861	556
0.131779185926008	-0.488554637547442	556
0.833353441692999	-1.81340716375273	556
18.3841950598242	-0.782835866530193	608
11.3369702428191	-0.563266785375562	608
6.25993131342457	-0.442424246984813	530
5.92924120403217	-0.434211222603482	530
4.28100644026654	-0.378014011281636	530
8.34447953266662	-0.592686891215858	530
6.47412321605444	-0.539064086533268	974
1.12806492127333	-0.179606804295027	974
0.760437141690083	-0.135994891222009	974
0.182846996268778	0.047656335885208	974
3.46179869716606	-0.423338264832594	974
3.28207650763352	-0.48016495472956	609
3.47922076447688	-0.574099365000834	152
6.62087577179917	-0.976880230493818	152
2.30241710346027	-0.594795595480716	152
1.24767839940732	-0.389559512156385	152
3.5228758272927	-0.750186309878293	152
1.94412905209095	-0.976866229169165	136
1.34529385675547	-0.403545781184556	770
1.33226365987033	-0.372312174585587	770
3.34496126201024	-0.579481585266543	770
1.72165031779621	-0.405189275558272	770
5.19901941441248	-0.972820241718163	770
1.35486043403739	-0.446907397460844	232
2.91089905923722	-0.813572025220628	232
2.93252551701496	-0.735235571830965	232
4.97000128959585	-1.01751039518119	232
0.773587326400185	-0.30983778253789	232
1.8245779079129	-0.615361841907899	232
3.08227708634194	-0.844599160344613	232
3.43047574396638	-0.961428362831976	297
1.78155420969301	-0.824748803552026	297
2.64284239556515	-1.4836766819972	297
5.23063808033212	-2.28929274631663	297
1.85645779451989	-1.44424539652542	549
0.513951848808129	-1.34744700451116	549
3.14465335511335	-4.96424157082198	556
1.09534765366186	-3.4181694720257	556
0.635450040496641	-2.37436752964166	556
1.35518284089708	-2.33094347399383	556
2.05351834394273	-4.35438476461434	556
0.111382110184092	0.359456333725959	556
1.17916520674673	-3.4031330705367	556
1.16645038615211	-3.40906198850848	556
0.43323310711937	-1.01476545759436	556
0.959215767838623	-1.97475880118156	556
0.921444741436402	-3.22112941082643	556
0.623386800123663	-2.37578325131201	556
1.25325015208834	-3.57221884240388	556
0.453785047647	-0.988191898565686	556
23.1071772586732	-0.907925623303292	608
8.6916209151467	-0.454508451676332	608
6.33565784260722	-0.390437201542963	530
7.24629506194966	-0.463482995721183	530
15.9190149197166	-0.849040165684864	530
7.15233570264323	-0.516493546398364	530
1.90117216643643	-0.233502918371664	530
0.128019927804454	0.0288715553796563	530
2.16643181977941	0.255046742424538	530
3.93898944718006	-0.428893995081104	974
8.17404891655023	-0.779796120817143	609
3.74146123314266	-0.525052160127555	609
5.32791866124015	-0.715335903567985	609
2.53504855642628	-0.515734600122097	609
0.850579748140396	-0.250018918387464	609
0.925710704150725	-0.262417016447934	609
0.202690539486919	0.164522437769735	136
1.97625281963892	-0.406583799551373	770
1.45113160998316	-0.35222021036847	770
2.37112188197358	-0.429191635507898	770
2.02928611847658	-0.419295942588376	770
2.1770656790532	-0.511858146289917	770
2.31435240006637	-0.634172205844089	770
5.37151123485947	-1.13153745032459	232
7.88141152163186	-1.20267853889662	232
6.24240275142049	-1.10990059818438	232
2.64782293255241	-0.681587348610254	232
1.7254018872775	-0.538599760062741	232
3.78731570547697	-0.962540167181627	232
3.24928481814189	-1.05029399330027	297
2.32399983867639	-0.96891375761808	297
0.675054326551814	-0.465017226179502	297
2.65587406435807	-1.32456795493124	297
1.55021100162664	-1.50953132043245	549
1.15839301199503	-1.77726675064804	549
0.215483809108302	-0.492708190548437	556
0.164301911938411	0.320517717004888	556
0.317017080937611	-0.969787862869838	556
0.3090322152007	-0.976128220676609	556
1.15442273966968	-3.40427914151274	556
0.0305559856910756	0.103749442926534	556
0.105271998220644	-0.325770958633513	556
0.113580141518962	-0.333522945598381	556
1.2183589206279	-3.57786814375439	556
0.0388863137394596	-0.128124329307231	556
0.219991267847822	0.685283661671595	556
0.48422117733993	-1.93217767029693	556
0.107228467802443	-0.327263699077125	556
1.02137731292836	-3.20468027449063	556
1.24590061643843	-1.76486795917124	166
16.4802823794803	-0.660114411808589	608
5.52096002638256	-0.319612294907482	608
9.87528890048836	-0.532534981379087	530
18.8820672485196	-0.885834209487774	530
6.62866883860911	-0.437100210192327	530
1.17433070396	-0.151132102815614	530
1.13515369145355	0.15255713587614	530
2.36036113479183	0.243956774846173	530
4.95433368183467	-0.452933888159944	974
9.11243613624606	-0.778206229516333	974
3.78718336421808	-0.500717287989347	609
7.2733377229073	-0.807539515552235	609
2.06716675067039	-0.40143571543212	609
2.43644254646792	-0.434161515192813	609
1.79301210772187	-0.391297465882448	609
0.138295630283932	0.0943885449264268	136
0.904605394374356	-0.224649548119002	770
1.2200595766289	-0.28875376224395	770
2.2499197194834	-0.384646782661744	770
4.52122006680526	-0.66105974295483	770
2.91548416949596	-0.58135911292451	770
2.6097647501937	-0.608538632889841	770
5.86781870862031	-1.0018640013824	770
4.87102752563249	-0.882142746720143	770
6.71500825123696	-1.06665478887049	770
2.02922475053352	-0.553471267664795	232
3.62356709102373	-0.819959280659317	232
4.71151525834349	-0.981566289678362	232
4.08026211882661	-1.0630773177202	232
2.48169054844777	-0.811677765072933	232
4.79931678008261	-1.66972499856748	297
1.91116767981854	-0.933167870982745	297
0.75310957386342	-0.744318997801502	549
0.910102869268359	-1.55555307724377	549
2.36590543420257	-4.57188804336299	549
0.310780172562753	-0.659944390614556	556
0.349076818037722	0.773298439116982	1099
0.693926502982556	-1.65801705934309	1099
0.18494898381348	-0.503686529503404	556
0.312129929119659	-0.965453719338573	556
0.0015705340671107	-0.0045241296458721	556
0.609979116158148	-1.50132102692974	556
0.131226027099562	0.345909074707466	556
1.26851052656122	-3.58420400350002	556
0.615104779850721	-1.51791665146597	556
0.0422345461847904	0.0983627619152619	556
1.09282028724632	-2.08097013790949	556
0.081941406626353	-0.177165265927323	556
1.21912451664594	-1.5354352910133	556
19.8409083982915	-0.798981706624665	608
16.6765859488596	-0.770543152324536	530
23.2255279202277	-1.0562836205806	530
8.57750748806194	-0.540826947130099	530
3.00239298190091	-0.283387907323777	530
1.84807254148745	-0.212864752491695	530
0.844856657914868	-0.12194163024764	530
11.7014159002791	-0.826964833327365	974
11.4352507768908	-0.924795174698668	974
5.56440289668098	-0.639440201648952	609
8.17040235061455	-0.884884203456731	609
2.79230200393024	-0.527372286271228	609
5.16351042723985	-0.688483761054755	609
3.03410042830578	-0.549435347906323	609
1.74682471319511	-0.671713395540642	136
3.74852410378124	-0.558989447255863	770
0.934607182177521	-0.236110136455987	770
5.25798114156867	-0.694577269264649	770
6.37723992153487	-0.816812553472607	770
8.32151429069007	-1.22463472110157	770
3.42781359641324	-0.714192607396076	770
3.59056813987737	-0.770481561697012	770
4.48778891437025	-0.804523524543841	770
8.1095044093886	-1.335746064598	232
3.26739861247645	-0.714671941576117	232
2.79258754775906	-0.703020351318286	232
6.83133423006677	-1.27773642326766	232
6.74891152143185	-1.4322157892151	232
5.69312777982563	-1.34993908694388	232
4.82908219509032	-1.5092190230527	297
2.76005429380246	-1.24277838138988	297
0.644248135735046	-0.608403202161269	549
0.16204254624293	-0.298184445808048	549
0.927668822785257	-1.53292999062724	556
0.0616342296869974	-0.14653836727375	556
0.709955261488633	-1.17046586778832	1099
0.616677381359472	-1.08562930537791	1099
0.113156813611737	-0.325992055785891	556
1.29365954492025	-3.74694239376342	556
0.230709535465219	-0.530376966625976	1099
0.215833443852753	0.445039951427017	556
0.812106793393183	-1.79541318362549	556
0.190526822020919	-0.508809258963626	556
0.480584202377309	-0.807882529049648	1099
0.270399353765067	-0.683618814171899	556
0.0382888712517807	-0.163940547709018	556
0.388544077855055	-0.777742301150243	556
1.23991805323584	-2.21039254860602	1099
20.6702465362482	-0.851746562436208	635
12.2821869856826	-0.59705214012804	635
4.04619877557485	-0.323067129089719	530
0.313794351266252	0.055735411240741	530
0.66636430254119	-0.0996897004836293	530
1.0339710871946	-0.135352901103874	530
9.63878345910577	-0.680011284428119	974
10.8711536933511	-0.865993479907775	974
5.66310016965545	-0.645275093563273	609
5.42545912549294	-0.706726453509308	609
4.30730511088703	-0.689757935637389	609
5.2081776554157	-0.724275588528888	609
5.43761495043709	-0.750555528509513	609
0.251836042579516	-0.194995501606393	136
1.05213877989905	-0.249346045040559	770
0.284845549940979	-0.0941883900828511	770
2.46485140956193	-0.410081333816713	769
2.86936480531902	-0.483301357326671	769
3.87866831339596	-0.680877515535495	769
2.65321723104722	-0.65788119575852	770
3.18103865494882	-0.683519475688321	770
4.89324214727705	-0.831180795356053	770
2.97139238289693	-0.633561051680398	770
2.27346654303365	-0.604406724332268	232
0.632778597920471	-0.259250548409633	232
5.87070911437607	-1.14165172615416	232
3.06895618479582	-0.824841883369003	232
3.99236476886114	-1.07946445354081	232
6.35853837934153	-2.04962549662207	297
1.31206042844884	-0.751509986621628	297
0.232384220742636	-0.291400686064596	549
1.09495102534159	-1.44325862837239	549
2.57144955212477	-4.65337266426386	556
0.405939158002531	-1.17237747687399	1099
0.276811893735079	-0.687023030730872	1099
0.307021163548823	-0.969171386459597	1099
1.98542136506603	-4.25507265547948	1099
0.317800856675647	-1.27266443213812	556
0.193426303144551	-0.520982887284339	1099
0.225288952186237	-0.521565705530597	1099
1.94648629108057	-4.24932112468236	1099
0.512144941525042	-1.34010611304968	556
0.309244229148348	-0.969247763762587	1099
1.2183589206279	-3.57786814375439	556
0.0688326546317435	0.170201064124157	556
0.317298504990549	-0.968021634143449	556
0.898095140002056	-1.55023782966888	1099
18.7689184621026	-0.75360875806614	635
9.65209318167839	-0.473098799904638	635
1.54099620139454	-0.163176025190141	530
4.28484882495398	-0.327408793256792	530
12.2514656065777	-0.6611655182133	530
17.1014822447322	-1.00958383387493	530
13.7010750280054	-0.966087334754253	974
8.23156401734759	-0.762438655895178	609
12.0695241756023	-1.05392499597944	609
6.18831580960214	-0.780712393012605	609
9.53588805630466	-0.953728470474796	609
6.30323880282487	-0.789938423754345	609
1.79829637417977	-0.571497222331004	770
3.01278023133118	-0.447944539448175	770
2.10424429900334	-0.387012778727994	770
3.73613956750879	-0.512763012990022	769
1.20186366752179	-0.258501157560759	769
4.43315499175527	-0.686961660561958	769
7.26566555214227	-1.06744716497947	769
5.01107159061602	-0.899523240127553	770
4.13621052877059	-0.728192491011933	770
3.70029340677133	-0.729779764262311	770
0.860148811513687	-0.293624940688598	232
3.62019500065343	-0.789692323269738	232
2.48411413857498	-0.61201610073703	232
5.13938483944335	-1.12842368002384	232
3.31974225583021	-0.877541150805336	232
3.20262845758987	-1.15584354543055	297
3.12345484185795	-1.23475525039926	297
0.508263562368966	-0.569428389401832	549
0.934027581353711	-1.96132500345864	556
0.474244432409908	-0.910323279140899	556
2.12372404477051	-2.83973669060566	1099
0.688711501129774	-1.27895064100196	1099
0.933601377047811	-1.54081657526365	1099
0.239686932289596	0.634168464036872	1099
0.727887637802486	-1.65377941675464	556
0.511267910077565	-1.33579973601168	556
1.31255372837677	-3.73916416268141	1099
1.67399846878586	-2.54590383440119	1099
1.29194071002867	-3.58155742137544	1099
0.145757803886709	0.34814330680101	1099
0.372641611660541	-0.851646185956995	556
0.834683717992151	-1.80998490178987	556
0.985297135047294	-1.95415941126594	556
1.32746416689216	-1.44848230039337	1099
16.0443761034057	-0.622727314946718	635
8.55281249955791	-0.423082803818169	635
17.5460787795101	-0.831972176093851	530
21.1900808856236	-0.984289486493859	530
25.4050322521622	-1.36772940139414	530
23.2288003067018	-1.41837885856975	974
16.2741417771226	-1.15209547871216	974
16.2373367035952	-1.22391574321767	974
12.0304617074417	-1.02156989044825	609
9.35541402136975	-0.812650730113209	609
6.73136468931545	-0.699747478912319	609
2.5299988223197	-0.650041089850086	770
6.47595217433049	-0.677460673387384	769
3.73326221927063	-0.491859671396985	769
6.89628791205336	-0.72688945003646	769
6.33115099267605	-0.776729693690917	769
8.21634095579787	-1.03431227865313	769
9.28561133273098	-1.19406484967416	769
9.92762541738656	-1.27034368705076	769
7.27093294456726	-1.00833250101563	769
3.66210387825973	-0.71514442919771	770
4.49038312614472	-0.827345887688403	770
5.15855125101296	-0.965758979942337	232
6.45389728120138	-1.14394778522618	232
4.33735382614708	-0.980253546729578	232
7.99255554339753	-1.65834812680358	232
3.40355962376306	-1.0065803466769	297
3.22702352340056	-1.10441639785315	297
2.39616127320556	-1.13055967145111	297
3.20240630631371	-2.24446373446175	1099
1.21813520596488	-1.43182533869336	556
1.90563873720188	-2.86006146332384	1099
0.954492746130308	-1.23878644018477	1099
1.03491505839876	-1.46179168483972	1099
0.572961914229097	-0.900193947661433	1099
2.29637497715473	-4.46797531930065	1099
0.670880863529586	-1.1855003625058	1099
1.20582993294845	-2.2052113940169	1099
2.4105735629703	-2.99512473229164	1099
1.53297121138653	-1.75566484742277	556
1.90466560681443	-2.24778729799096	556
0.0672251550809992	-0.180854362971203	556
0.796406245367213	-1.42408876129737	1099
1.82983306163566	-2.65642967398287	1099
0.942689935249139	-1.36770146859605	1099
17.8343115274041	-0.717691404176199	635
13.8911501659651	-0.647788644565486	635
18.130973227174	-0.837968688044655	530
23.8637694057783	-1.23166263424693	530
20.0943032000065	-1.2656703666662	974
14.7436326865032	-1.10133755416599	974
13.678678991485	-1.08277121830818	974
12.3442275303099	-1.05829175470677	609
9.01635303935094	-0.82889269928709	609
5.9309846307778	-0.659293475498371	609
4.57055359615776	-0.971961163561844	770
2.14835563536656	-0.341911799863683	769
3.11170923827032	-0.429439382738112	769
8.17616352446653	-0.77927430089387	769
2.98609974724493	-0.461922298903188	769
5.06439285200864	-0.762894453416702	769
6.87134164676039	-0.952898398416884	769
7.32661615230933	-1.03096725487248	769
6.64754364879066	-0.897673712043573	769
5.64204422441207	-0.908586267026054	770
5.61467808985145	-0.929624897631668	770
3.55853751006607	-0.710886939016029	770
2.864854428041	-0.630732805047124	770
5.74774556683251	-1.1302012627388	232
2.2912462647524	-0.727359035495152	232
3.78235813069306	-1.315660809518	297
1.61226567757142	-0.764020831148414	297
2.42999999130758	-1.66314215815945	60
0.636894265236498	-0.757511789749181	1099
2.41270123705751	-3.0133013341253	1099
0.776951576052951	-1.16578460299106	1099
0.32130736064654	-0.575428591733387	1099
0.865870629462879	-1.81834629786859	1099
1.52755146144204	-3.87952436871736	1099
1.96290494329191	-4.25246960371267	1099
1.66808642536981	-4.0132360424661	1099
0.0509588681092975	0.118585750724073	1099
0.590920203920721	-1.0570569059858	1099
0.00214004546439522	-0.00635771147592485	556
0.322087433495332	-0.65525564432864	556
0.969914848270522	-1.94725261746134	556
0.509880438397349	-1.34314091102169	1099
2.14407650157172	-4.36399878636516	1099
2.73195422135111	-4.73933933213998	1099
18.6544546264714	-0.736217982372861	635
12.0160264664312	-0.542052341233209	635
19.9131408433998	-0.980139634580675	530
18.942398375079	-1.09091144135525	530
8.88629493052395	-0.679383435768982	974
14.2522680845455	-1.01823807779258	974
6.78001080768234	-0.703249918980772	609
7.80932178509444	-0.729699498880874	609
3.73043820708526	-0.466582718828713	609
1.59960946688925	-0.487715146900256	770
2.28628445714537	-0.331925468318186	769
1.95534949095411	-0.319220491187065	769
2.40064589674512	-0.341096633321925	769
3.20257506970373	-0.423731192166231	769
2.46309965784786	-0.410067597649085	769
4.38767039197853	-0.710081789004302	769
2.64807024478921	-0.514075376756216	769
4.50878071147958	-0.676857621898708	769
6.25252580785865	-0.891403512580819	769
5.65756150230191	-0.850369861031175	769
2.7447041239614	-0.600334609376472	770
5.37464173423168	-0.850641292044343	770
3.52269973441034	-0.811384222145776	232
6.59094844885733	-1.35443494419305	232
4.92345482462459	-1.34789466472114	297
2.97468850903757	-0.934112205619467	297
0.255202777145273	-0.27560682612878	60
0.468297876763309	-1.004861676932	1099
0.324157884881095	-0.576189052277712	1099
1.2774008279317	-1.854165243433	1099
0.611194892424402	-1.51638241244665	1099
0.943523051404673	-1.94256666356286	1099
1.60798744465034	-4.00184873858285	1099
0.923501305508395	1.55073791151114	1099
1.16723407173289	-3.40684182768717	1099
0.715438778348054	-1.6515399161959	1099
1.59132746972644	-2.56475852090672	1099
0.688921633516938	-1.31080215273314	1099
0.0733754192069687	0.183684550836321	556
1.0426942305755	-2.07176473061564	556
0.782914112248885	-2.70698383580736	556
1.60014486461928	-3.9989598645242	556
0.99245963794582	-1.22993559680274	1099
19.3646909141072	-0.779442824414012	635
19.2948654837864	-0.871479687144891	635
13.8639558112568	-0.824833499007611	530
5.0723796850129	-0.465045418272772	530
9.14296875062992	-0.727761696310784	974
7.37292991165119	-0.679713376579777	974
4.30186008861609	-0.456508960916487	974
1.98767626905779	-0.296913801304522	974
1.99618184174349	-0.518984129393078	770
0.485155023418683	-0.106297812141048	769
0.508711699025204	-0.115104866990291	769
0.798240357655776	-0.149288443903726	769
0.696183671983363	-0.149606408227895	769
2.10602394760665	-0.353893246819221	769
4.56530695737607	-0.693179014443881	769
1.79195570492665	-0.39375480471546	769
2.19364156362942	-0.402423098472165	769
5.93600412668569	-0.825378105621469	769
1.82862705080667	-0.417373764375955	769
1.14624007978027	-0.321851928824388	769
4.6937669766787	-0.821080484520279	770
5.12457804744943	-0.95705317244785	232
5.52555750257922	-1.1462930188193	232
7.20823034413405	-1.86884152584372	297
3.68394346156322	-1.27300646538817	297
0.522813544852897	-0.630295974922055	60
0.737113886725668	-0.934674254638792	1099
2.18216569604605	-1.94083853811338	60
0.979287294141075	-1.95441829852547	1099
0.0393853428431707	-0.129704329977336	1099
0.457870186534215	-0.993079239594685	1099
0.308283139760582	-0.647390366333899	1099
0.0398460218884784	-0.134247256120068	1099
0.568609147329082	1.06366367281711	1099
0.93714570314507	-1.33689856658093	1099
0.191517132653292	-0.514266878972456	1099
0.250399754276876	0.632650329698751	1099
3.05826412492132	-4.91524263923268	1099
1.9608822674836	-4.25741495154991	1099
0.625384150928374	-1.30403206376838	1099
0.132741643759751	-0.289947968517456	1099
0.513138595545171	-0.795753668598319	1099
23.534966667292	-0.915961492148048	635
4.51726482114034	-0.313994753424499	635
0.0660887581656198	0.0144301694297579	530
5.56422477469379	-0.421989469850342	530
5.54815237992362	-0.474124782218424	974
4.30027135380404	-0.381572757609216	974
0.0422365833382538	0.0107365296728055	974
1.68630881255919	-0.356833966859766	770
1.19072364479637	0.177169402785919	530
1.39986420311743	0.201387873702818	530
0.453860629349207	0.0858733627916176	530
0.939209791001731	0.169039801190946	530
0.410402455578994	-0.09725149316955	769
3.61807257378509	-0.529931922444189	769
2.8567773781557	-0.465953459107071	769
2.91399355456427	-0.41785173400963	769
6.07965436626283	-0.727422908224614	769
1.250414965319	-0.276547050425157	769
1.35518648190639	-0.317321015047557	769
2.42682209847488	-0.452316234535879	769
7.38211006940399	-1.10291479685202	232
6.43339248279768	-1.12487890008663	232
5.71992006045896	-1.38066461052134	297
4.16977804868418	-1.36193428019846	297
1.53075486542776	-1.05104575409263	60
2.17471747157546	-2.34135765717553	60
1.33622062343463	-1.51761165108551	60
0.512981888893417	-0.902431444536675	1099
1.12333456504414	-1.74712645701308	1099
1.25229252592045	-2.21635340482357	1099
0.606465830692323	-1.50579462387448	1099
0.620609697133977	-1.50387620202815	1099
0.360266098488629	-0.838860420862731	1099
1.0980253422919	-2.07963142209765	1099
0.386675583651461	0.817782398726113	1099
2.27500424548686	-4.46295029524262	1099
0.190732753075894	-0.518804292630085	1099
1.42166424287322	-3.73527684584553	1099
0.355298440388739	-0.858215712711566	1099
0.514224442327386	-1.35493857119001	1099
0.795941033844324	-1.42754713238198	1099
13.7011495699304	-0.586288435455695	635
2.30362121987376	-0.193911556709123	635
11.9231567582163	-0.676827170995404	530
12.5958217353961	-0.728328688341385	530
13.8747664102614	-0.787948931216673	530
2.7788319228904	-0.271577996220096	530
6.89583108081867	-0.760481356559564	530
0.594457940641921	-0.0961219093534695	530
0.242453112550197	-0.0516360718616911	530
0.969745730097095	0.138827380556662	530
2.02979130844093	0.247812280444742	530
0.367566842205968	-0.0818397138099104	769
2.02528793789822	-0.322156704376033	769
4.4523239392205	-0.514641419752797	769
2.57059763657234	-0.35290887064709	769
2.59854718139931	-0.4033678254028	769
2.11802116845133	-0.357462010154415	769
1.4101492822176	-0.294351029760698	769
1.41328902900003	-0.295590121581543	769
2.7102894221153	-0.559511280928022	769
2.38777504745146	-0.59575257750749	232
4.19159108273354	-1.06086009149356	232
5.36804774242694	-1.20274233670676	232
1.04236026399082	-0.627536811319028	232
3.84448976405642	-2.75988098489439	60
1.96321364442009	-2.2583692489157	1099
2.48382337504757	-2.52140707296949	1099
0.670160638766739	-0.989008531832949	1099
2.3014297080227	-2.92521358589702	1099
0.0616260269216126	-0.177902939703114	1099
0.207674578808446	0.436474853362947	1099
0.608056698078151	-1.50076069535427	1099
0.082922221947602	-0.179668785980175	1099
0.790655464408086	-1.24478525524073	1099
3.27899241036439	-4.98370265299082	1099
1.95515460796723	-2.24993467540141	1099
0.412328591801832	-1.16086374049622	1099
0.497827508890985	-1.35001935859415	1099
2.3388945162917	-4.56554087855797	1099
0.068496174258238	0.176826358205408	1099
9.36897525958362	-0.455252759527778	635
14.0052443292038	-0.660536444736372	635
17.4122046500082	-0.844904347702755	635
17.50723558662	-0.80984532621566	635
1.13858092974029	-0.13313918131783	635
6.46264883109494	-0.59554590847065	530
2.7851347525725	0.253454443784798	530
5.30004335207549	0.420530883619374	530
5.03395796374922	0.397065558763955	530
16.9074633190999	0.979659269944231	530
5.95438140950055	0.537511200766629	769
3.47356701530288	-0.426979223150009	769
2.73872061063661	-0.370206284042533	769
0.034142769786468	-0.0109013125607415	769
0.00226795310879319	-0.000866217744546812	769
0.356518018055804	0.103078353175426	769
0.106139687853366	0.0374270750630901	769
0.192740789243752	-0.0668250059117195	769
2.4463817455666	-0.504448427401061	769
1.77030037357408	-0.434454743516247	232
2.90738741525975	-0.83521580858755	232
0.556948779000265	-0.256309291457846	232
1.34044713943185	-0.741060619117353	232
2.78084586198055	-2.15168291764726	60
2.16531380034207	-1.91246162859376	1099
1.17610408700245	-1.38400252796207	1099
1.60235456614442	-2.54829090692214	1099
1.32740408460471	-1.60339700098883	1099
0.969691751163889	-1.95375331732879	1099
0.905975471502025	-1.54393804398451	1099
0.149714193398761	-0.298032701331051	1099
0.0020909585582277	0.00670230799183369	1099
1.21175878476583	-1.52859288692925	1099
1.81399545358502	-2.76219729119782	1099
0.762546686092234	-1.09409982696589	1099
1.22583383105252	-2.23485896467567	1099
0.411278661468429	-0.785937307969655	1099
0.13326805336338	-0.337397296431675	1099
0.466900630894603	-0.651683063647302	1099
7.5551248030255	-0.388133373411858	635
0.686350045977826	-0.0864321373313548	635
1.97393776513393	-0.188734480115089	635
0.472012276835971	0.0713966925412212	635
6.04412484990182	-0.595124914270098	530
1.61521114235469	0.179505828174281	530
5.20905666803721	0.414432549855417	530
2.01794445853478	0.232027558024434	530
3.51004554793459	0.365812495362965	530
0.731951693474321	0.136600561330212	769
5.5019755801925	-0.611166281661615	769
4.20945091273136	-0.501399387313849	769
2.4604403189802	-0.365830048389887	769
1.25754061107089	-0.263258943994441	769
0.349241357050684	-0.106123165970322	769
1.26825643197361	-0.294948057323377	769
3.18507925170791	-0.503155163549864	769
4.43082575751913	-0.767807880025255	769
3.06696705301548	-0.701635839582025	232
4.9804049372122	-1.08135197904462	232
2.69897012282936	-0.708177551461226	232
2.74847469821427	-1.21207612697096	232
0.848411310414816	-0.785810721772026	60
1.60335933583096	-1.3756242955637	60
0.836914476067032	-1.15714646202853	1099
0.357728680201656	-0.543221095571018	1099
2.5840672328135	-3.11998654074415	1099
2.38100651817267	-2.98506942901384	1099
1.59224140036275	-2.55571861883916	1099
0.295958892731449	-0.641886208824585	1099
0.0476435847324805	0.113681226415897	1099
1.60641645483675	-2.54249908645027	1099
0.233749266231955	-0.456058747247695	1099
0.727874189067937	-1.15062252552718	1099
0.833247485823937	-1.51742662538146	1099
0.46833593807398	-0.994866698705959	1099
0.178744886999338	0.305118788871476	1099
1.03033499513079	-1.06873649398592	1099
10.1840391791442	-0.493592019129045	635
1.07387162654921	-0.115599936522323	635
0.223402802580814	-0.0401801570673273	635
3.74159197937697	-0.436528897203834	530
0.459190104725645	0.0800746632764525	530
2.09587602390842	0.248904327573354	530
0.989811308054945	-0.161493730493381	530
1.46203823128167	0.225844802691141	530
0.153179408650209	-0.0459068975150863	769
7.38407441251316	-0.803832705730498	769
6.16006401768044	-0.723536127197332	769
1.91444103775728	-0.341909587610937	769
1.68141123373897	-0.369752615403481	769
1.50221527011786	-0.357740771290693	769
0.493558043818445	-0.170858813207635	769
1.88100095910218	-0.409788562032469	769
4.77574581851018	-0.870965105462415	769
4.62778511745452	-0.93719998350106	232
2.91236067518639	-0.848219891792404	232
1.76446874487623	-0.631834971170374	232
2.13833572019903	-0.926496847974575	232
1.97819802575429	-1.50910687252492	60
0.205831279071341	-0.313135193938228	1099
0.792715316867441	-1.01113645077001	1099
0.812977687812634	-1.02755679452082	1099
0.20499263437198	-0.426387444020521	1099
0.763284952465679	-1.43955468673529	1099
0.396925303308305	-0.693766197302275	1099
0.371320549273735	-0.848851988404706	1099
0.564827551673553	-0.902850963618319	1099
1.47147211682229	-2.44866785292425	1099
1.06254603344398	-1.65662661899282	1099
0.945522491993344	-1.43499543262361	1099
0.151639153069477	-0.35915124603896	1099
0.278133513508217	-0.686381740027676	1099
0.409618197201529	-0.688855388139779	1099
2.03642540833685	-2.2672252237562	1099
9.86370166143691	-0.460430018640604	635
0.811847078480116	-0.0955291435229478	635
6.26441166631276	-0.528100729441189	530
0.860709873664783	-0.116342032650926	530
0.30089271240671	0.0584281571321349	530
5.93384569753029	-0.452828122262783	530
2.28412453641793	-0.273378994880562	530
2.68533125563441	-0.346168267088061	769
10.1577011429322	-0.919416744196235	769
8.59795057702625	-0.808214439841097	769
7.4302115525286	-0.753136639738986	769
6.89119706091852	-0.852357701872123	769
2.32109685317129	-0.417423349362583	769
2.03962365441777	-0.415903813448859	769
4.87440149763361	-0.683424911928766	769
9.9970666026954	-1.21712372221592	769
3.69567887975504	-0.735620138116483	232
7.0808591559461	-1.31536949443623	232
5.04587236916363	-1.08808071953029	232
3.16445196356789	-1.06916073455871	232
0.47386478075656	-0.396185624629144	60
1.48368444534057	-1.07194019096708	60
0.346577829924142	-0.404468319854714	1099
0.228305830815826	-0.45259070736853	1099
0.624372179159602	-0.777277461032898	1099
0.838841941947708	-0.971281395574068	1099
0.134242544902888	-0.287718430285933	1099
0.528387572556033	-0.917299159523051	1099
0.319694074578982	-0.446913204212518	1099
0.715427794631164	-1.15608076326164	1099
0.765850729538332	-0.912496770344922	1099
0.306054430988169	-0.532507758724165	1099
0.065756664129281	0.158770309980143	1099
0.321863951768933	-0.587524025893199	1099
3.85344786909442	-5.22870187120034	1099
0.0271209513609588	0.0484923523361469	1099
13.7957103177986	-0.622650984489757	635
14.1468352218058	-0.858171691530616	530
4.57550646291639	-0.317824518401358	530
1.33956426540356	-0.161475253891222	530
11.7680914875893	-0.692575901515122	530
2.95201430023804	-0.317392499221706	530
7.66468197200687	-0.657566649593994	769
15.869068254004	-1.33737927796534	769
14.6364792090389	-1.21644799753862	769
9.95289004477115	-0.902599448558998	769
9.19246570750226	-1.00935838408096	769
5.21061526517302	-0.707559255434834	769
6.04726322371231	-0.818487934854606	769
6.72076023539627	-0.878194815622303	769
10.8484764458621	-1.3470527277227	769
5.91177448464942	-1.08360592064978	232
6.40976015543105	-1.18084373431197	232
3.27608058003886	-0.862250023297377	232
5.16549695526883	-1.44791139369434	232
1.33104086636705	-0.980426388457253	60
1.4119816582346	-1.34257419561135	60
0.343294771391711	-0.521946441197824	60
0.145870437270045	-0.272647385612217	1099
1.47020413735714	-1.95636162600201	1099
0.757849385428712	-1.15512385669238	1099
0.309362733320165	0.511654676089478	1099
1.7216259074028	-4.26109874152645	1099
0.669720534075227	-1.2697591710568	1099
0.0290918210076833	0.0455922599212516	1099
2.22785108664354	-2.38135654106331	1099
0.0326678373626497	-0.0673793583622581	1099
0.351537818593339	0.651045229267378	1099
0.294389433712526	-0.532784555062389	1099
0.848650401959753	-1.27668438042632	1099
1.92113321755201	-1.80203022875679	166
27.1762461282784	-1.6697851652213	530
10.4546089217596	-0.60895346138	530
5.27315646877312	-0.496852612385119	530
15.9985591555857	-1.21206971319977	530
8.98125477028565	-0.980123756172754	530
8.83038072231679	-1.18858652152569	232
12.8563700631578	-1.73951497385477	232
11.5267439232447	-1.76619644227013	232
8.16634251712062	-1.29658328389007	232
4.56624881175929	-1.10942442123208	232
3.81828566944098	-1.02999600342974	232
1.36323587685976	-0.526563275259025	232
3.27577187156093	-0.92706406649939	232
2.73691181694744	-0.976799134456677	232
1.96448425171123	-0.949449055295797	232
1.55884188081944	-0.816922627282175	232
0.261837338235736	-0.237078674474823	232
1.13974322127227	-1.06295721030041	60
2.48231972346565	-2.99547649894469	60
1.07810225334165	-2.08143939160645	60
0.840495073723397	-1.82687320850065	60
0.776792816642238	-2.70662069556785	1099
0.225025580925966	-0.755517829538853	1099
0.723209109575154	1.66869662627057	1099
0.501833177367217	-1.92693535575958	1099
0.258974672370795	0.634799516798071	1099
0.647341208875035	-2.37050254856114	1099
0.906986617282364	-2.97754145829741	1099
0.358916274544644	-0.835473923153538	1099
0.281802123493972	-0.685175778956121	1099
0.130768738371263	-0.491226185383018	1099
1.08400108680748	-3.41070869163368	1099
0.130094363823433	-0.486610312448528	1099
0.422778345432084	-0.79536563385682	1099
13.001057397416	-0.564433176507374	586
3.8502935855925	-0.27095354341492	586
20.0837721401332	-0.965227803012349	530
10.5123982404149	-0.638916940436638	530
13.8324008919407	-0.894282022022301	955
20.0499841409007	-1.38524219341684	955
18.1455377775265	-1.2559302470198	955
13.2666109873178	-0.954840829500927	955
14.049371524006	-1.13041925895534	955
10.7788950134497	-1.00904783172719	955
8.39944698716325	-0.875955231409219	955
7.28979870449746	-0.74253076494232	955
8.18253339285661	-0.920147845860907	232
5.93748685872245	-0.916173758885833	232
10.5824293240932	-1.59035543202547	232
5.54397178103441	-0.994446984465197	232
3.66100358528641	-0.959577326815973	232
3.42239480399488	-1.67940664675868	60
1.58079201948855	-1.2519778037309	60
1.44071322830361	-1.10243714131654	60
0.98921874787003	-1.02476614736438	60
2.25710983420362	-1.93236291342143	60
1.3184319193331	-1.86401915981515	60
0.300030760873517	-0.532245464442206	60
1.55297754100134	-2.4560959621357	60
1.58630786846797	-1.75277804437432	60
0.917719411253702	-1.07999209989397	60
0.962516461797586	-1.02253061624936	60
1.27505684103612	-1.54415868373507	60
0.305375222690963	-0.644915143465753	1099
0.173747488768035	-0.311707371685493	1099
1.12108685296483	-1.35548891933956	1099
0.763637881607746	-0.906537912335199	60
18.4496008349469	-0.767683052209448	586
11.5488512975429	-0.599657822306889	586
7.18829241542911	-0.463713074621546	530
12.4888347754726	-0.756054693380406	955
16.1380990873786	-1.11953077277249	955
13.7729284788918	-0.980708177707488	955
10.4038799616331	-0.770683802675063	955
10.1912976708861	-0.877983193349116	955
5.16513326556199	-0.552786077493291	955
4.81860688363947	-0.556604272649236	955
5.48161459794665	-0.612807688144207	955
9.07085331740074	-0.97075323416658	232
6.58933258852812	-0.849709333501669	232
6.39277216650804	-1.07349691129566	232
6.49487969631942	-1.10921962361976	232
2.74631356313694	-0.843420621913699	232
0.647766977926781	-0.5897035491612	60
3.13981359914191	-2.12190903744322	60
1.23900394440057	-1.2735531680795	60
1.02121477988275	-1.07254079492544	60
1.06968471706081	-1.14400575903299	60
2.32618046631957	-2.46188363139027	60
1.5986211170689	-2.03484949436183	60
0.526769493444392	-0.724965684891686	60
1.07746139905116	-1.6501556097982	60
0.534200775114586	-0.795431484602789	60
1.46160032236712	-2.6023661926551	60
2.04619806743953	-1.99325788578381	60
0.211622013276923	-0.446417805985666	60
0.619550512684346	-1.03646786652058	60
0.915928359553949	-1.54513399963147	1099
0.733790422178858	-0.756684610905937	60
15.4851858750124	-0.649109166788342	586
8.1638489933152	-0.432952862716941	586
13.4951931306832	-0.698012022578386	632
15.9000624486018	-0.949456635264425	632
12.4201961060699	-0.793393242587384	632
8.27578527765738	-0.589676144421635	632
9.21716898353429	-0.660896478653437	632
4.53768629030639	-0.454031330409561	955
2.88495180254563	-0.345282952092668	955
6.23667012272847	-0.545174290379846	955
8.83496012275585	-0.791699614900167	955
6.56111703395502	-0.742753255852182	955
8.30737307730113	-1.10577378630679	232
6.66778769376223	-1.00694772591566	232
3.86302610486578	-1.2057974091056	232
1.8108798124672	-1.1033556651286	60
3.91172561103014	-2.13311826730616	60
1.92442249878861	-1.43594476563775	60
1.08686528592861	-1.21019922844757	60
0.946538360940199	-1.1455343155059	60
0.871990201236325	-1.25576935541647	60
1.93836488294042	-2.74300588009662	60
0.0260758252134447	-0.0635617640123881	60
0.203010791522705	-0.401270158188312	60
1.38265835126062	-1.3824259482249	60
0.900248549996947	-1.52502122158013	60
0.318853478507467	-0.664086464672759	60
1.32919007040066	-1.89029674499163	60
0.464213948997709	-0.999694350983528	1099
0.515326640469501	-0.915547691187278	1099
1.19831904578582	-1.12335415336551	60
17.3697637536896	-0.727849752304295	586
12.6910877193853	-0.594177311164539	586
15.6634374932819	-0.891775691102828	632
11.9474895948767	-0.69858948364247	632
5.18511739266867	-0.384709563466841	632
5.76527463570448	-0.451865095938031	632
2.64245474980967	-0.290053499382159	632
1.22737728538414	-0.178558345307057	632
1.10260428532861	-0.170109175197202	632
5.50615652963038	-0.547905167426705	632
7.74379208940029	-0.741411011312564	955
5.89071594360535	-0.778169164496706	232
5.14765315001725	-0.705940051094638	232
7.01462645172749	-1.34090337461766	232
3.07492337012572	-1.55420556037059	60
4.48196171844264	-2.00183181423963	60
2.50625158520958	-1.8722029629597	60
2.33204385029367	-2.03990876340367	60
0.455327639790358	-0.562156105319425	60
1.56338559194847	-1.80446127596324	60
0.867352602900853	-1.22501062093551	60
3.85238905451648	-5.30155447243692	60
1.01744181876466	-1.2507040373757	60
0.361482621644083	-0.610095253290697	60
2.86702974758941	-3.25824223329036	60
1.45200353652775	-1.42549900992878	60
0.575054301192902	-1.14699539025862	60
0.748114785200726	-1.18382590834149	60
1.02884263485946	-1.48111865849913	60
3.8991647036913	-3.66669184950742	60
21.75946300685	-0.882925132277908	586
12.8981570919495	-0.668410187769654	586
4.74636984327944	-0.322548418705836	586
0.831054445854203	-0.101836072656526	586
2.78132613042281	-0.246662336614173	632
0.940230470599117	-0.132923944119016	632
0.0409629233897403	-0.00927226802766174	632
0.33834880390861	-0.0635777339724863	632
2.10907223795947	-0.253417786680205	632
2.89824979575771	-0.372377364170037	955
4.34126583057792	-0.590498905842262	955
0.363502669051734	-0.127901697402347	955
2.38076764425168	-0.625383938980168	232
3.83967087980751	-1.38816442664202	232
4.33521394635027	-1.86911156681874	60
3.83668596885316	-2.16177578786868	60
1.52624836183138	-1.32697104757026	60
0.813557888114872	-0.911253058511721	60
1.84733488602859	-1.54707494577954	60
0.733346739673815	-0.920190035138013	60
0.579303251665793	-0.780734937602554	60
2.75077824958424	-3.2881357575312	60
1.38323795121006	-2.33924872029481	60
1.06400380959162	-1.22164657264616	60
1.7651049719504	-1.51664206020522	60
1.10921358431473	-1.31784238241237	60
0.409725890866153	-0.615094829506676	60
0.450336432167766	-0.710998106164447	60
1.88770776204912	-1.61947394881662	60
8.55180806124125	-0.422791534132627	586
0.830141147419557	-0.0957703342550041	586
3.6544228302036	-0.273410900857062	586
7.82743517808903	-0.508996142129431	632
6.07644739006338	-0.466813689521711	632
5.76054789531875	-0.449132370878091	632
5.11700748047013	-0.414745248333886	632
7.37774929100952	-0.627825648629259	632
7.84617806281248	-0.710806762682855	955
9.04957736397835	-0.989125542733389	955
4.07122436276195	-0.615591761150764	955
3.53598900436866	-0.791264749943939	232
6.12120017867815	-1.9019280797276	232
4.28873294031888	-1.73725027974891	232
2.02359022687372	-1.3053432811025	60
0.839229860804945	-0.903027552391471	60
2.3986942954467	-1.84136283822059	60
2.07779080910132	-2.36682034441856	60
0.532955818854411	-0.708527975240256	60
1.44021704759418	-1.41914257812562	60
1.41669904597917	-1.96115816884692	60
1.42773337049958	-1.44759625156194	60
1.31148175031511	-1.3891153037624	60
0.967019138653825	-0.984377546317388	60
0.0150396265642431	0.0324736851323063	60
0.0948901383964154	-0.148223493581322	60
0.0956798998971749	-0.183075138642074	60
0.733890601895224	-0.62174754927976	60
13.8156923197922	-0.587546368837435	586
6.05663162106268	-0.355932236370648	586
9.5924017212539	-0.595584957120721	632
10.1311302803988	-0.644922434170029	632
7.58641383873535	-0.528431769954756	632
8.69583545138341	-0.583779753811895	632
9.54544494115236	-0.730695034561644	632
8.72878452612932	-0.752361195454306	955
10.423694680993	-1.09178973258482	955
2.84567216438409	-0.513384831087437	955
6.33622096128947	-1.05907580289463	232
3.3418033428034	-1.22349113290946	232
5.67708272958851	-2.43214937882398	60
1.66625977135075	-1.2816624177923	60
1.78452540146323	-1.34578850693666	60
2.0681600344663	-1.48541682681452	60
1.56907968716251	-1.48295836537435	60
1.69777620878652	-2.55080159013057	60
0.619143842291698	-1.05292507400456	60
0.511465044454013	-0.823959115961275	60
3.25615079334977	-2.58389841620493	60
1.58949400637935	-1.52729950399095	60
0.458286290766385	-0.61999716507968	60
0.14358011037822	-0.308813448989469	60
0.500636020427087	-0.707414871644996	60
1.6656688510879	-1.54212871242412	60
1.07005929800383	-0.897200453147617	60
13.7500691858744	-0.5858293049068	586
11.7135496851935	-0.573790195199812	586
7.43950857866937	-0.464883503559719	632
3.78960892235186	-0.295857696958616	632
2.24056202579894	-0.218790584246551	632
4.8096510596208	-0.395890494512866	632
5.23904575702699	-0.476029623759262	632
3.9273896320411	-0.508328596568753	955
1.01519361603258	-0.259667955441184	955
3.37115277853635	-0.704277650947517	232
4.53598761514444	-1.43534163871962	232
4.65250721339573	-1.95135159932295	60
3.15035298130658	-1.71244223261146	60
2.78727237901291	-1.97015169025464	60
1.58661712912932	-1.37129817007795	60
3.01237399603289	-3.31265249798319	60
0.54431491995921	-0.703523001249014	60
1.67619235206695	-1.67555010804209	60
0.139887318768486	-0.230227649676357	60
0.511937144110785	-0.592578103956035	60
2.8305512631944	-2.46054664074427	60
1.53822996716716	-1.42715228882144	60
0.160622687518461	-0.241753903643866	60
1.97912532936297	-1.99472706498991	60
2.13618945981514	-1.69791781821474	60
0.144472018566335	-0.149297179640342	60
19.5201656386418	-0.794737537233252	586
3.27010933487075	-0.246803803487996	586
2.2608600491207	-0.197726849864407	586
4.2230654650733	-0.307106235916435	632
4.4703118061015	-0.355819024802411	632
7.34041797420018	-0.568016109547596	632
3.9113083679215	-0.464894553790841	955
0.142202689960593	0.040767489700077	955
1.30078276107037	-0.335145318510563	232
7.21547877252419	-1.77221268534733	232
6.29975415362001	-1.61510120168913	232
4.19128743009003	-2.16671053492029	60
1.62410834474455	-1.21724067872082	60
1.13457734870822	-0.854273253202493	60
3.49292620339896	-2.08727879465774	60
0.246467983198578	-0.320775644953992	60
2.34499928629545	-1.79935615699978	60
1.70139590611033	-1.69169215230739	60
2.80276370068411	-1.97416982581314	60
3.56926929855725	-2.43699930876396	60
1.04073885236927	-0.890581071919836	60
0.683046446631816	-0.922835899982048	60
0.381255970824684	-0.480055190138769	60
0.504716344706788	-0.532244836042374	60
1.07420654687294	-0.853247303704506	60
13.9145752271453	-0.607174668427703	586
7.59910956277839	-0.408921083936624	586
9.95014723414636	-0.538573614397562	632
12.7494948853394	-0.689245161849433	632
12.1865740018038	-0.777289153230696	632
11.7962211183679	-0.910310291286068	955
6.7221063009696	-0.661283678058952	955
7.56856739225527	-1.02340008831912	232
11.2072157742359	-2.15098681261158	232
8.21267681796564	-2.4027917588255	232
4.31243003547181	-1.74547578632566	60
2.5707715221843	-1.69706798846868	60
4.81085053487677	-2.69845709425831	60
2.91919432400209	-2.12226546225957	60
2.08602153389037	-1.5823363658094	60
1.59728098761138	-1.58113494377517	60
1.03963104918641	-1.20142470305223	60
0.981694017123092	-0.748093110457927	60
2.62006118319567	-1.53859576998194	60
0.931484084075561	-0.995453090516201	60
1.74799672576516	-1.47422733250006	60
0.925317658288112	-0.886106897256248	60
0.561487019348626	-0.593841490287493	60
2.30081818105734	-1.09451605030914	60
19.639154866741	-0.804702891345238	586
11.2628743132758	-0.546263074270768	586
11.184539974989	-0.618961935008914	632
12.0880492907663	-0.743505612765673	632
12.2402915080716	-0.933932585043384	955
8.05430687078072	-0.735731618561254	955
8.57016607744396	-1.09836476723323	232
9.78929930033028	-1.8993030770301	232
9.21908040494167	-2.59686458115169	232
6.74324859193759	-2.49023533265773	232
1.80074423208549	-1.32136383768377	60
3.51450417073222	-1.9329917753769	60
1.54356451421421	-1.03443601841626	60
0.802831585820575	-0.755098479569757	60
0.960096262607552	-0.87944361138728	60
4.1127749920114	-2.7994908530291	60
2.25227527018138	-1.26488741528568	60
2.34377769492666	-1.71174321381782	60
2.69009212398937	-2.34811691452288	60
0.0182546258010518	-0.0269707522039818	60
0.719818386478659	0.724547604368577	60
1.11920160795227	-0.929355364243853	60
1.57875243954204	-1.05074826308748	60
15.8062030304176	-0.672318602524619	586
10.8044445902915	-0.542202879020474	586
9.5344547455588	-0.587255955752299	632
14.7759277391975	-0.938287007896761	632
11.0783115116118	-0.79287757711049	632
14.0181174000337	-1.25101747144679	232
14.2766718648466	-2.12938243128576	232
14.020115501802	-2.70435588146225	232
7.52809409889997	-2.27864870002143	232
5.19397890452699	-1.93130270177468	232
6.73438724468948	-2.39332738514641	60
2.6541354939117	-1.48137848436092	60
0.84840166051133	-0.697305687582502	60
0.670903544842305	-0.575003824604617	60
1.12524238872609	-0.887102031914067	60
4.52831169765354	-1.91826460384999	60
3.06779033316139	-1.53595628874208	60
2.84794737265681	-1.401974066991	60
0.491636205031259	-0.590691949238717	60
1.06127557523062	-0.853330733098958	60
1.34710042397114	-0.981095858213223	60
0.841252488274384	-0.479067984441741	60
18.5897372301711	-0.73293726861654	586
11.4860463651051	-0.548805660294856	586
13.7472081180182	-0.791805294239419	632
13.5036542702843	-0.839564542234951	632
12.8835135934066	-0.962285543038615	632
17.8457253392186	-1.98555230854012	435
17.7537127653247	-2.32684626091218	232
14.4233019767236	-2.48159245757271	232
8.8176536876305	-2.13125600185907	232
11.0050363349572	-2.50183428780668	232
7.52224822706363	-2.08712218367161	232
2.45889627545119	-1.18103262621731	60
4.18013334240594	-1.49251795847728	60
3.756714779948	-1.37712371242666	60
4.59091125893193	-1.48669736034301	60
5.20731663387599	-1.68914076652755	60
6.00329083942509	-2.03930964307881	60
0.632814026962184	-0.462821667049477	60
1.5309553966687	-0.790690783535528	60
1.85052064697453	-0.853927220608161	60
4.63414368235598	-1.15716043438815	444
19.7624824649574	-0.791588264128472	586
12.4309202373579	-0.591323575713422	586
18.642283543507	-0.852645793289269	586
20.0861843990724	-1.10427846970049	632
20.1152542774963	-1.69250674494294	435
21.4686979915339	-2.05300597096829	435
17.4250618992154	-2.05528704053142	435
14.4690288200338	-2.05557589138158	232
15.1907876039693	-2.3931484947271	232
10.4453935370692	-1.65671120899566	232
4.37154274674845	-1.10371840094224	232
5.48811339086806	-1.30408859752496	232
8.1779064024962	-1.60049759668291	232
10.041058300684	-1.87028526973451	232
10.455154554923	-1.91950528107751	232
7.57344737353201	-1.5043201168062	232
4.32116889941292	-1.29401916083631	232
1.7220553401972	-0.652678899547017	232
2.30688178944726	-0.755402022879297	232
5.56507532603897	-0.984696047229027	435
19.8236357683156	-0.781179276852246	586
11.2137705125775	-0.513118472250252	586
9.50976319703454	-0.54281129395698	632
16.3377255761524	-1.08139313992432	1104
17.6907062679956	-1.40521171684371	1104
13.5041268059853	-1.25815792941024	435
13.1427401466283	-1.50173938473057	435
17.08307696318	-1.86621166648734	435
10.4977026832177	-1.34797358447564	435
6.08593830902736	-1.10186216939156	435
6.96030018018385	-1.17579538954897	435
8.39879978987583	-1.29826278507515	435
8.69984306735498	-1.35249436561991	435
8.26998191715266	-1.19556140406499	435
5.66274238195104	-0.94778159409396	435
1.7286406995973	-0.535967556433776	435
1.11224773351175	-0.365291626440818	435
1.87502127121653	-0.496298851913452	435
1.3832789808595	-0.32345813649827	435
14.6766428017058	-0.620234380497142	586
9.98695388330806	-0.521501621245867	632
21.4494090948041	-1.29061508361378	1104
22.7026162383743	-1.54947303427144	1104
17.3403280598186	-1.48891522652768	435
18.9822571935621	-1.87624235265561	435
21.4609804095245	-2.14219682124376	435
14.8916203253316	-1.67869602676917	435
11.2205292472986	-1.51413974516077	435
12.315123213689	-1.65518537582552	435
15.8828616007816	-1.90982327757003	435
15.5928068829466	-1.90953089521	435
14.6225563961765	-1.64459221593733	435
7.97994345384791	-1.21800840698528	435
6.14455789491548	-1.16337378070539	435
6.72447923109715	-1.14085375160825	435
4.62095203391975	-0.816649894139714	435
5.13897187451956	-0.71089057582536	435
20.8825785469188	-0.859665473664379	632
16.9052615911197	-0.829899591262153	632
20.7815400633023	-1.18042270505575	1104
21.0955426164245	-1.40279431325022	1104
20.1236239203492	-1.47520603692167	1104
23.7175769445038	-1.7758030378158	1104
22.5435268870118	-1.95445200936132	435
12.8312265910271	-1.31206530848829	435
16.6176992346683	-1.51872175570432	435
21.218610416882	-1.89489516503797	435
16.0623210914862	-1.48256269561725	435
15.839958791832	-1.4313244344392	435
14.0676387301144	-1.52240566478348	435
7.55843112719694	-1.04860808871055	435
7.73579326923408	-0.916342583591037	435
8.60442290011457	-0.995525151086849	435
6.46772719112196	-0.699591150689177	435
21.5559228447976	-1.00566683038013	632
15.4849476293718	-0.808665662035261	632
14.7412716211334	-0.971402852235524	1104
16.7798077975748	-1.24038729154725	1104
17.8270997361111	-1.3754872256185	1104
17.8146026609049	-1.45821193454833	435
11.8313202190386	-1.14542390115752	435
13.1649881692897	-1.20662377281583	435
12.9405580614167	-1.28922773529443	435
10.178404336103	-0.986523590049218	435
15.6258321076515	-1.37103501095348	435
12.2594681594189	-1.29885413886154	435
6.10497549732067	-0.853279734851064	435
10.9133527267266	-1.16530860647459	435
3.30965700261852	-0.511330278221788	435
8.23711166525637	-0.812157375870647	435
21.2649356805881	-0.990431194640117	632
12.865910781345	-0.744111683427584	632
15.2175157826072	-0.973141493515076	1104
14.6534497069825	-1.05028153564288	1104
12.653469984002	-1.02564601356387	1104
15.6580986258015	-1.27200353077388	1104
12.9697581854076	-1.07092899848138	1104
14.5691499539661	-1.21703773705228	1104
13.6875980452682	-1.09207208444254	1104
15.132083337509	-1.21713397692551	1104
11.8260447342564	-1.11338947797881	435
9.41939024294398	-1.06650993733138	435
11.2695600296753	-1.081766229258	435
8.4597084248953	-0.890434139861082	435
9.04265318497518	-0.807622896750094	435
21.0978598039701	-1.01961531029196	632
15.4011587983667	-0.848287245997577	632
13.3909852210289	-0.907939020737683	1104
9.18334606856256	-0.76401406637919	1104
9.52365702831028	-0.886792760141439	1104
13.62540016982	-1.07404068914431	1104
10.7196294575427	-0.991176716587666	1104
11.2108176518575	-0.95250565187338	1104
9.97647601869908	-0.918139849862632	1104
8.8700652741348	-0.904397686870316	435
7.80307948171536	-0.874393725259305	435
8.94690026311966	-0.968055349610014	435
7.83116174877606	-0.887147297151279	435
12.0051581501474	-1.03398855858154	435
19.1644948660992	-0.986091222121593	632
11.4617674992208	-0.709484858487844	632
10.4783015658125	-0.758406270567525	1104
12.2942614697618	-0.991660185674045	1104
8.74209499924852	-0.787466543463161	1104
12.4119413184007	-1.03850933790717	1104
10.6091863346014	-0.921975174261964	1104
4.58258889556722	-0.567595134383977	1104
8.91876133942571	-0.924094350046924	435
9.24134806876571	-1.0006077602538	435
9.90605399529762	-1.05377375319309	435
10.9081039214189	-1.09423946460724	435
13.4273374149295	-1.14896798635425	435
20.4883022673363	-1.03380211530258	632
12.4175898713625	-0.756653446325229	632
7.50630641442996	-0.662049046717139	1104
8.76573048943241	-0.761156497869158	1104
9.47366585836149	-0.881360709231566	1104
6.68748513588053	-0.650708097005211	1104
9.93038491838399	-0.935014752985017	1104
9.12686944722291	-0.949918649193311	435
6.82038498207744	-0.865358959057781	435
10.4591280390134	-1.10990481953706	435
6.77834741514041	-0.802392669250612	435
12.4229627659849	-1.13264945273939	435
20.6899363102867	-1.0430976969385	632
12.467160790648	-0.774443961948616	632
9.8462260095233	-0.737619162967096	1104
11.4930315389156	-0.906003024212406	1104
9.51247664543873	-0.790867595929315	1104
10.9999997650295	-0.937951108825263	1104
8.18080963956973	-0.870499120715998	435
5.8423141470587	-0.745985259712551	435
9.86829423122569	-1.02155536379549	435
9.91587925275213	-1.04682347986287	435
12.9036051854229	-1.14866344385001	435
19.7388159048016	-1.04190483234408	632
13.7708859799487	-0.812889072412451	632
12.6911055797706	-0.911796376633188	1104
9.23079091605549	-0.755392762676762	1104
8.6144528299725	-0.777493852831907	1104
8.50868162436547	-0.903083586018709	435
5.32397807969707	-0.718133774486222	435
8.77322577858117	-0.93301236672808	435
8.59150417607118	-1.00004675102774	435
11.4377737694297	-1.09196938397115	435
21.1898047446996	-1.09051841635603	632
13.3604970053783	-0.780833684835855	632
9.21646518058315	-0.703912489664133	1104
6.68114908816649	-0.607942652270429	1104
7.25989827616206	-0.731875328207096	1104
8.03540008567848	-0.841665549239943	435
10.1973471366881	-0.932789048511801	435
11.2565550869199	-1.10546874699805	435
14.6806925907098	-1.23790689505953	435
14.8894005364902	-0.808909023264152	632
10.1069182291651	-0.630612498183196	632
4.86584409159598	-0.474532532694425	1104
7.23509238955862	-0.671385952452377	1104
5.87173008364469	-0.649307859457346	435
9.46364693823847	-0.912151884519381	435
11.1519887360815	-1.04196715412264	435
11.3552603119001	-0.983818926968429	435
16.3208264113552	-0.846648822875175	632
10.5255590357382	-0.627888353466913	632
10.8957993699856	-0.799335020967764	1104
4.94627563681103	-0.538101731542395	1104
7.79902158796977	-0.720339922089936	1104
8.95420199791921	-0.831522883888578	1104
16.3958596348791	-1.20453647411357	1104
19.4802089798267	-0.956356989455581	632
10.4342891941567	-0.647357607463458	632
7.321745225476	-0.636617042172266	1104
8.69109166654781	-0.728914492049993	1104
9.92613802129633	-0.893866752094844	1104
16.9479142406603	-1.19378968335186	1104
18.2851257777911	-0.978358883585089	632
12.0288340106894	-0.794650041034044	632
10.9179212479111	-0.831363519470484	1104
15.1053765919998	-1.13129232512795	1104
19.0914981604291	-1.31486126418862	1104
17.9425777857065	-1.05846030861116	632
14.4781221697557	-0.865047791534888	632
15.7043636306563	-1.08872741283316	1104
17.15396107526	-1.18615391625402	1104
21.9844486986375	-1.07010515318783	632
17.058912276255	-0.92417484888992	632
16.2301399071845	-1.01279990172999	1104
21.5308500793006	-1.10859475018871	632
14.3960840648222	-0.765289481447223	632
19.4753650811705	-0.892203297952591	632
