x	y	clickSelects	showSelected1
0.0735019112837501	0.487119366899226	406	logFC=-1.5 -log10(p)=6
-0.03157361061826	-0.168894210530588	406	logFC=-1.5 -log10(p)=9
0.0231571481397601	0.43104088561711	406	logFC=-1.5 -log10(p)=7
-0.07846820326856	0.300602826857979	406	logFC=-1.5 -log10(p)=8
-0.06115952590629	0.0913083035927973	814	logFC=-1 -log10(p)=2
0.0390687149956399	0.0267536642435831	814	logFC=-1.75 -log10(p)=4
0.030845562119647	-0.294910973043979	814	logFC=-0.75 -log10(p)=1
0.06490692084658	0.406411035690748	814	logFC=-1.5 -log10(p)=1
0.040345864331058	0.372569711891572	668	logFC=-0.5 -log10(p)=0
0.0118131086732019	0.00600551725196134	668	logFC=0 -log10(p)=0
-0.086334319891254	0.404207265867802	668	logFC=0.75 -log10(p)=0
0.108915693115561	0.111118792530004	668	logFC=0.25 -log10(p)=0
-0.102655324161669	0.235169973274679	668	logFC=0.5 -log10(p)=0
0.115205349924233	0.151626072747632	668	logFC=0.25 -log10(p)=0
0.035960429437414	0.310527015822165	668	logFC=-1 -log10(p)=0
0.063060826600112	0.247768272732394	668	logFC=0.5 -log10(p)=0
0.016627115175975	0.0625465270492054	668	logFC=0.25 -log10(p)=0
0.01536920306207	0.0607131516888846	668	logFC=0.25 -log10(p)=0
-0.0266879099613799	0.313039231856208	668	logFC=-1.25 -log10(p)=0
0.0730646442404199	-0.498166822632783	668	logFC=-2 -log10(p)=1
0.11964790609123	0.373167238617778	668	logFC=1 -log10(p)=0
0.10982548290538	0.462926231638111	668	logFC=-4 -log10(p)=1
-0.0266879099613799	0.313039231856208	668	logFC=-1.25 -log10(p)=0
0.0224585417025902	-0.0930133827176356	668	logFC=-3 -log10(p)=1
-0.0279548873698301	0.312842928655189	668	logFC=-1.25 -log10(p)=0
0.084004098482878	0.0390385236513994	668	logFC=-0.25 -log10(p)=0
-0.02266443213812	0.317800856675647	668	logFC=-1.25 -log10(p)=0
-0.0227064980070699	0.317750161176215	668	logFC=-1.25 -log10(p)=0
0.0178069787213202	-0.0761989818376055	668	logFC=-3 -log10(p)=1
0.04337930443215	-0.223207183357762	668	logFC=-2.75 -log10(p)=1
0.00282529932867204	0.218517631294127	668	logFC=-0.75 -log10(p)=0
-0.12077728022036	-0.353242507116295	668	logFC=-2.25 -log10(p)=1
0.00491055623066994	-0.384225081542365	668	logFC=1.75 -log10(p)=1
-0.12105194074326	-0.378137629784277	668	logFC=-2.25 -log10(p)=1
-0.12022774580066	-0.37697221604399	668	logFC=-2.25 -log10(p)=1
-0.098042623447677	0.226832788396469	668	logFC=1 -log10(p)=0
0.022018559108	-0.0938531416453797	668	logFC=-3 -log10(p)=1
0.082496263237332	0.0395177751743318	668	logFC=-0.25 -log10(p)=0
-0.0227064980070699	0.317750161176215	668	logFC=-1.25 -log10(p)=0
0.0730646442404199	-0.498166822632783	668	logFC=-2 -log10(p)=1
-0.0227064980070699	0.317750161176215	668	logFC=-1.25 -log10(p)=0
-0.0227064980070699	0.317750161176215	668	logFC=-1.25 -log10(p)=0
0.0171688058953401	-0.107298471637391	668	logFC=-3 -log10(p)=1
0.0728945438919399	0.48249935977077	668	logFC=-2 -log10(p)=0
0.0689830526861099	0.487888357893364	668	logFC=-2 -log10(p)=0
-0.12105194074326	-0.378137629784277	668	logFC=-2.25 -log10(p)=1
0.0730646442404199	-0.498166822632783	668	logFC=-2 -log10(p)=1
0.12147703205525	-0.386919149735263	668	logFC=-2.5 -log10(p)=1
-0.00242796869564399	0.217499311058925	668	logFC=-0.75 -log10(p)=0
-0.0214620499517399	-0.176058110605748	406	logFC=-1.75 -log10(p)=19
0.0155901977997499	-0.0038007790909198	406	logFC=-1.5 -log10(p)=17
-0.11531345077175	0.298461901696506	406	logFC=-1.5 -log10(p)=16
-0.0898886369376	-0.434771344923537	814	logFC=-1.25 -log10(p)=7
0.0421377018909701	0.380201602105512	814	logFC=-2 -log10(p)=8
0.09339969922936	-0.273825956927704	814	logFC=-1 -log10(p)=2
-0.0156733442255199	-0.0531001856640703	814	logFC=-1 -log10(p)=2
0.020006428349408	0.356160185246082	814	logFC=0.25 -log10(p)=0
0.122836084963957	0.0959609819835794	668	logFC=0 -log10(p)=0
0.008901965486841	0.162992022658916	668	logFC=-0.25 -log10(p)=0
0.124247097370314	-0.361406805466281	668	logFC=-1 -log10(p)=1
0.124660805729035	0.368027991021815	668	logFC=-0.75 -log10(p)=0
0.05052131043964	0.352448732067747	668	logFC=0.5 -log10(p)=0
-0.045728560681628	0.411532208320901	668	logFC=-0.75 -log10(p)=0
0.069796573938589	0.0733178104974537	668	logFC=-0.25 -log10(p)=0
-0.097410701844683	0.141243078022129	668	logFC=-0.25 -log10(p)=0
-0.093427560637994	0.154389042571669	668	logFC=0.5 -log10(p)=0
0.0405773051490201	0.00711469558026212	668	logFC=-3.25 -log10(p)=1
-0.00595190489936992	0.475337221149318	668	logFC=-1 -log10(p)=0
-0.12464705940409	-0.346193976623615	668	logFC=-2.25 -log10(p)=1
-0.0962465298566799	-0.48987389651766	668	logFC=-1.25 -log10(p)=1
0.00881700410474995	0.375164846968901	668	logFC=-3.75 -log10(p)=1
0.0178069787213202	-0.0761989818376055	668	logFC=-3 -log10(p)=1
0.00831918286853101	0.134103307722624	668	logFC=-0.5 -log10(p)=0
0.0215785670222299	-0.105856303503157	668	logFC=-3 -log10(p)=1
0.11571676423883	-0.449638706672581	668	logFC=-4 -log10(p)=2
0.120022196525591	0.0401559264919559	668	logFC=-0.25 -log10(p)=0
0.0898715064462401	0.410572883217692	668	logFC=-1.25 -log10(p)=0
0.083553140721178	0.0399412992940366	668	logFC=-0.25 -log10(p)=0
0.04634248799118	-0.0125290614147511	668	logFC=-2 -log10(p)=1
-0.062559063597574	0.22639578198474	668	logFC=0.75 -log10(p)=0
0.013430194200273	0.0606430256734126	668	logFC=0.25 -log10(p)=0
-0.07921049424	-0.310973637105631	668	logFC=1.75 -log10(p)=1
0.106964777885778	0.0311087526441201	668	logFC=0 -log10(p)=0
0.0732348503434499	0.483042957846023	668	logFC=-2 -log10(p)=0
-0.00296463842320505	0.222354166182952	668	logFC=-0.75 -log10(p)=0
-0.12436752964166	-0.364549959503359	668	logFC=-2.25 -log10(p)=1
0.0463359438974398	0.0232716805151774	668	logFC=-3.25 -log10(p)=1
0.0952329659412698	0.135435765439949	668	logFC=-3.5 -log10(p)=1
0.016919334293789	0.0608156865347318	668	logFC=0.25 -log10(p)=0
0.0224585417025902	-0.0930133827176356	668	logFC=-3 -log10(p)=1
0.03537603724079	0.309268554402933	668	logFC=-1 -log10(p)=0
-0.08029630828316	0.270205729037492	668	logFC=-3.5 -log10(p)=1
0.0430161641926401	-0.217085887751115	668	logFC=-2.75 -log10(p)=1
0.12197628791162	0.360096862188176	668	logFC=1 -log10(p)=0
-0.12022774580066	-0.37697221604399	668	logFC=-2.25 -log10(p)=1
0.012082917425871	0.0624941468940538	668	logFC=0.25 -log10(p)=0
0.06915778677687	0.487996430070766	668	logFC=-2 -log10(p)=0
0.0730646442404199	-0.498166822632783	668	logFC=-2 -log10(p)=1
-0.0756494796751299	-0.238696498918131	406	logFC=-1.25 -log10(p)=22
0.044069101329282	0.245724111992239	406	logFC=-1 -log10(p)=15
0.0652718756648301	0.356533141114589	406	logFC=-1.25 -log10(p)=11
-0.10485319783776	0.458589125917566	406	logFC=-1.5 -log10(p)=14
0.01693458885898	0.494208109293449	814	logFC=-1.5 -log10(p)=8
-0.078367275065567	-0.140382617709559	814	logFC=-0.25 -log10(p)=1
0.070731020180982	0.108008117178253	814	logFC=-1 -log10(p)=3
-0.037877099167228	0.409649345623703	814	logFC=-0.25 -log10(p)=0
-0.04098715620679	-0.227413357187325	814	logFC=0.5 -log10(p)=1
0.035442257780462	0.474899862574875	814	logFC=-0.5 -log10(p)=0
-0.0564428911459001	0.125103809753417	814	logFC=-1.25 -log10(p)=2
-0.00567774370014795	-0.399600752098462	668	logFC=-0.75 -log10(p)=1
0.104907288892041	0.00739558251254557	814	logFC=-1 -log10(p)=1
0.11031857618809	0.397150755425883	814	logFC=-1.5 -log10(p)=1
-0.11908422666478	-0.333681220510164	668	logFC=-2 -log10(p)=2
-0.0352645221304799	0.236028675204841	668	logFC=-1.25 -log10(p)=1
0.079581042403494	0.0334325745186715	668	logFC=0 -log10(p)=0
-0.0523655008248549	0.0217592965483112	668	logFC=0 -log10(p)=0
0.00481131556981469	0.0015300152308341	668	logFC=0 -log10(p)=0
0.0935686765694601	-0.263929740399908	668	logFC=-1.25 -log10(p)=1
-0.102559397208577	0.377290479797801	668	logFC=-0.75 -log10(p)=0
0.08985596431545	0.0768629935010368	905	logFC=-1.75 -log10(p)=1
0.0561381813696	0.175925877507992	668	logFC=-2.25 -log10(p)=1
-0.05729086931171	-0.105011313541312	905	logFC=-1.5 -log10(p)=1
-0.105397514743	0.097966289906811	668	logFC=-4.25 -log10(p)=2
-0.095504756034441	0.370956854243781	668	logFC=-0.75 -log10(p)=0
0.10164848561287	-0.411964273255171	668	logFC=-1.25 -log10(p)=1
0.0877791566311701	-0.270110316312398	668	logFC=-1.75 -log10(p)=1
0.12239632806942	-0.45748020350684	668	logFC=-1.25 -log10(p)=1
0.0592368315535701	-0.0399673623964296	668	logFC=-2 -log10(p)=1
0.0566910912557201	0.173429918401391	668	logFC=-2.25 -log10(p)=1
0.087518663574884	0.30006207333105	905	logFC=-0.75 -log10(p)=0
0.123558726816134	0.0384210514004542	905	logFC=-0.25 -log10(p)=0
-0.0531562031250199	-0.181014812733865	905	logFC=-1.75 -log10(p)=1
0.03882730350304	-0.204784625219331	668	logFC=-2.75 -log10(p)=1
-0.00772191935613897	0.220448965572615	668	logFC=-0.75 -log10(p)=0
0.10084301112827	-0.285917826723164	668	logFC=-1.75 -log10(p)=1
0.063618259972324	0.278133513508217	668	logFC=-0.75 -log10(p)=0
0.000385900067662981	0.179140652599135	668	logFC=-0.5 -log10(p)=0
0.0298961034553802	-0.038585904971148	668	logFC=-3.25 -log10(p)=1
0.052405362783353	0.263774397188101	905	logFC=-0.75 -log10(p)=0
0.120508310565446	0.0546698370778621	905	logFC=0 -log10(p)=0
0.03882730350304	-0.204784625219331	668	logFC=-2.75 -log10(p)=1
-0.00996392380256994	-0.421929896694904	905	logFC=-1.5 -log10(p)=1
0.124672253454268	0.0383384131052412	668	logFC=-0.25 -log10(p)=0
0.01869709984163	-0.0747280145947821	668	logFC=-3 -log10(p)=1
0.0417858260630699	-0.0248879013015217	668	logFC=-2 -log10(p)=1
0.0903563822933999	0.15227712022473	668	logFC=-3.5 -log10(p)=1
-0.087282924777246	0.35050010511779	668	logFC=-0.75 -log10(p)=0
0.010264255596427	0.129959871515153	668	logFC=-0.5 -log10(p)=0
-0.0452613883942401	0.296662135291811	406	logFC=-1 -log10(p)=21
-0.000760826751480037	0.446349979572318	406	logFC=-1 -log10(p)=17
0.11089979830752	-0.399102900539425	406	logFC=-1.5 -log10(p)=20
-0.0242777309068001	0.151175104795904	406	logFC=-1.25 -log10(p)=13
-0.079423971266179	0.490336835200706	406	logFC=-0.75 -log10(p)=6
-0.020608588173482	-0.198470579667463	406	logFC=-0.5 -log10(p)=3
0.015048547379304	-0.141896658002949	406	logFC=-0.5 -log10(p)=2
0.122596392867254	0.262109358226923	814	logFC=-0.25 -log10(p)=0
0.048917295073596	-0.00768609182761271	814	logFC=-0.5 -log10(p)=1
-0.035431139382882	0.124523687393007	814	logFC=-0.5 -log10(p)=1
0.023910232263799	-0.170600615887271	814	logFC=-0.5 -log10(p)=1
-0.10720643392354	-0.254505353660746	814	logFC=-1.5 -log10(p)=5
-0.0167865804799301	0.179008558450823	814	logFC=-1 -log10(p)=2
-0.0992953235129	0.41377102124381	814	logFC=-0.25 -log10(p)=0
0.05740572508549	-0.0446049355523188	814	logFC=-1.25 -log10(p)=2
0.0123916815941027	0.00918416923286509	668	logFC=0 -log10(p)=0
-0.012496045335984	0.215420643528345	668	logFC=-0.25 -log10(p)=0
-0.00324187759398301	0.19611720580733	814	logFC=0.25 -log10(p)=0
-0.0268688953157501	-0.0833186780759719	905	logFC=-1 -log10(p)=1
0.108885945410273	-0.430485890051913	905	logFC=-0.75 -log10(p)=1
-0.01749291599101	0.0150266908144454	905	logFC=-1.75 -log10(p)=2
-0.11452808674104	0.491388678517016	905	logFC=-0.5 -log10(p)=0
0.0401228231184501	0.372623748516733	905	logFC=-2 -log10(p)=2
0.0953929909315601	0.0849541921526744	905	logFC=-1.5 -log10(p)=1
0.11026065773485	-0.126415997363358	905	logFC=-1 -log10(p)=1
-0.04288670190184	-0.459272367130564	905	logFC=-3.5 -log10(p)=4
0.0543970069615298	-0.495943506562478	905	logFC=-2.25 -log10(p)=4
-0.0664830733252204	0.115193466154933	905	logFC=-4.25 -log10(p)=6
0.09589087685138	0.268527641106719	905	logFC=-1.25 -log10(p)=1
0.0682432841987901	-0.414919099353634	905	logFC=-3 -log10(p)=4
-0.0680846643189701	-0.308737912311977	905	logFC=-1.75 -log10(p)=2
-0.0239460904979798	0.11623404796337	905	logFC=-2.75 -log10(p)=3
0.055330198021893	-0.497398441719041	905	logFC=-1 -log10(p)=1
0.0927997547033699	-0.427483918821214	905	logFC=-3.25 -log10(p)=3
-0.00667833088080982	-0.0419058425685159	905	logFC=-2 -log10(p)=2
0.0974824487969599	-0.419275708057278	668	logFC=-4.75 -log10(p)=3
-0.11650105572548	0.221701716460322	905	logFC=-1.5 -log10(p)=1
-0.0757715757224502	0.072238833878322	905	logFC=-2.25 -log10(p)=2
0.00150077579410013	0.441585733207332	905	logFC=-3 -log10(p)=2
0.045184392847395	0.225716891568452	905	logFC=-0.5 -log10(p)=0
-0.067300823201441	0.087152845884632	905	logFC=0.25 -log10(p)=0
0.03643550516644	0.376059728355885	905	logFC=-2 -log10(p)=1
0.0553961389850699	0.459449063858546	905	logFC=-2 -log10(p)=1
0.0997437485796999	-0.28558123721522	668	logFC=-1.25 -log10(p)=1
-0.02674943770682	-0.320291846123503	668	logFC=-1.25 -log10(p)=1
0.03820140580475	0.462411873815314	668	logFC=-2 -log10(p)=1
0.072463926371119	0.27231081378457	668	logFC=-0.75 -log10(p)=0
-0.0719598184299	-0.372217193322411	668	logFC=-1 -log10(p)=1
0.0862624479108001	-0.29452240716559	668	logFC=-1.75 -log10(p)=1
-0.12136826518242	0.0822343036898565	668	logFC=-4.25 -log10(p)=2
-0.0448079096254801	0.234756519563426	406	logFC=-1.25 -log10(p)=24
-0.0223779295370901	0.422767289397491	406	logFC=-1 -log10(p)=18
0.103141665986102	-0.136855311281929	406	logFC=-1 -log10(p)=11
-0.121984373728729	-0.436385531029984	406	logFC=-0.5 -log10(p)=6
0.060702288855954	-0.00583151475798305	406	logFC=-0.5 -log10(p)=3
0.0922444736491317	0.258244935427141	406	logFC=0 -log10(p)=0
-0.113335262181881	0.273184348944643	406	logFC=0 -log10(p)=0
-0.086970765415883	-0.0947036662721244	814	logFC=-0.5 -log10(p)=2
0.0894031483322431	0.285626430994034	814	logFC=-0.75 -log10(p)=2
-0.039620785205664	-0.194913891535048	814	logFC=-0.75 -log10(p)=3
-0.025185013432548	0.381512939508878	814	logFC=-0.75 -log10(p)=2
0.08328521793181	0.189136476935308	814	logFC=-1.25 -log10(p)=3
0.097256339362182	0.155882517038858	814	logFC=-0.25 -log10(p)=0
-0.09694272958758	-0.0675787845858851	814	logFC=-1 -log10(p)=2
-0.035183947264466	0.0331984434548059	814	logFC=0 -log10(p)=0
-0.0421921034033399	-0.229913493155438	814	logFC=-1 -log10(p)=2
-0.035587330883634	0.296582507160459	814	logFC=-0.25 -log10(p)=0
-0.066779137206951	-0.0512790506668825	905	logFC=-0.75 -log10(p)=1
0.10830295074495	0.134381680321145	905	logFC=-1.5 -log10(p)=2
-0.08067876236647	0.287370312120727	905	logFC=-1.25 -log10(p)=1
0.09992638429974	-0.0744762308447866	905	logFC=-1 -log10(p)=1
-0.091173938447024	-0.414606355563741	905	logFC=-0.5 -log10(p)=1
-0.02465762615357	-0.482715273711408	905	logFC=-1.25 -log10(p)=2
0.0642325335976701	-0.36462657351645	905	logFC=-3 -log10(p)=4
0.075727438962183	-0.473430442038003	905	logFC=-0.75 -log10(p)=1
0.0786601009993699	-0.351022443955058	905	logFC=-1.75 -log10(p)=2
-0.107999500839413	-0.0409818943655456	905	logFC=-0.75 -log10(p)=1
-0.046908046332717	0.239438742601286	905	logFC=-0.25 -log10(p)=0
-0.0915387118159301	-0.0979199129608523	905	logFC=-1.5 -log10(p)=2
0.0544547276840599	-0.132173426729847	905	logFC=-2 -log10(p)=2
0.0581552924903401	-0.203877894094651	905	logFC=-2.75 -log10(p)=3
-0.0106151462777799	0.0690187922681211	905	logFC=-1.5 -log10(p)=1
0.11490807398392	-0.05245346221614	905	logFC=-1.25 -log10(p)=1
-0.05610223751052	-0.444546530813115	905	logFC=-1.75 -log10(p)=2
-0.0187137256110601	-0.169404436635894	905	logFC=-1.25 -log10(p)=1
-0.04276680195257	-0.121183929707333	905	logFC=-1.5 -log10(p)=1
0.11294165023525	-0.200681827830855	905	logFC=-4.25 -log10(p)=2
-0.00247026232448011	0.390119839338254	905	logFC=-1.5 -log10(p)=1
0.0710274421777599	-0.139147828141562	905	logFC=-2 -log10(p)=2
0.098374725129303	0.455921929863655	905	logFC=-0.75 -log10(p)=0
-0.032367039800195	0.152263383391344	905	logFC=-0.25 -log10(p)=0
0.08775413623702	-0.229898195048555	905	logFC=-1.5 -log10(p)=1
0.09603455209065	0.0180532979310337	668	logFC=-5 -log10(p)=3
0.00767923779803992	-0.131064043142905	668	logFC=-2.25 -log10(p)=2
-0.02577399153495	-0.166096694226922	668	logFC=-1 -log10(p)=1
-0.09446104893436	-0.23349787424801	668	logFC=-1 -log10(p)=1
0.031389726192539	0.320342085743399	668	logFC=-1 -log10(p)=0
-0.11973824600122	0.382985004612088	668	logFC=-1.75 -log10(p)=1
-0.01115505666974	-0.375444867440636	668	logFC=-1.5 -log10(p)=1
0.0783873828128301	-0.305560941972034	668	logFC=-1.75 -log10(p)=1
0.088102355643321	-0.100440021617363	608	logFC=-0.5 -log10(p)=8
0.043189103780935	0.399676705927364	608	logFC=-0.25 -log10(p)=2
-0.115237829301213	-0.151932812306686	530	logFC=0 -log10(p)=1
-0.08735727515032	0.0187801987645191	530	logFC=0.5 -log10(p)=6
-0.022183061537126	-0.124135464916622	530	logFC=0.75 -log10(p)=13
0.018647674968173	0.240202420774587	530	logFC=0.5 -log10(p)=6
-0.094339213413462	-0.224315228867196	902	logFC=0.25 -log10(p)=1
0.113994803248847	-0.437263752637291	902	logFC=-0.25 -log10(p)=1
-0.109648908168697	0.393582786973705	902	logFC=0 -log10(p)=0
0.0988059856725695	0.346846537507287	902	logFC=0 -log10(p)=0
-0.0565417405641558	0.14736472541606	658	logFC=0 -log10(p)=0
-0.0195545696155563	0.0410925207577085	658	logFC=0 -log10(p)=0
0.00440772230444297	0.336645135158809	658	logFC=-0.5 -log10(p)=2
0.057274129895138	0.487333813844266	398	logFC=-0.5 -log10(p)=1
0.0412959201470092	0.0668159092142615	398	logFC=0 -log10(p)=0
-0.0525270165263829	0.0908845593071866	398	logFC=0 -log10(p)=0
0.116838902935921	0.234005840677592	398	logFC=-0.25 -log10(p)=0
0.10317776446589	0.0961326872078914	398	logFC=-0.75 -log10(p)=2
-0.021773295723851	0.428023526796898	398	logFC=-0.75 -log10(p)=2
-0.094873792272227	-0.244215122555721	398	logFC=-0.25 -log10(p)=1
-0.053685186783957	0.472008840117491	398	logFC=-0.5 -log10(p)=1
-0.00972971106632992	0.0159469394534311	398	logFC=-1 -log10(p)=3
-0.0144753812567	0.0313451592279348	398	logFC=-1.25 -log10(p)=5
0.0679642240507901	-0.153606096225482	748	logFC=-1.75 -log10(p)=8
0.00256335440753008	0.392625765828178	748	logFC=-1.75 -log10(p)=6
-0.0850503498625601	-0.381204187463959	748	logFC=-2 -log10(p)=9
0.042164480351555	0.488907267575023	748	logFC=-1 -log10(p)=2
-0.0859834967937701	-0.349042066979789	136	logFC=-1.75 -log10(p)=6
-0.0677176563939099	-0.0342698569723261	136	logFC=-1.5 -log10(p)=4
-0.05087285191958	0.398784325801657	136	logFC=-1.5 -log10(p)=4
0.043659468698116	0.104224321770505	136	logFC=-1 -log10(p)=2
-0.10730325995224	-0.0529080992060944	136	logFC=-2 -log10(p)=5
0.0348860967922799	-0.391214914730926	136	logFC=-1.25 -log10(p)=3
0.0637927177492601	0.0446697010771264	136	logFC=-1.25 -log10(p)=2
0.08913954565519	0.312666472036899	136	logFC=-1.5 -log10(p)=2
-0.0951226584184801	0.34684951174119	136	logFC=-1.25 -log10(p)=3
0.0682792035877899	0.462242798881835	136	logFC=-2 -log10(p)=4
0.0755680284585341	0.302494318536588	136	logFC=-1 -log10(p)=1
-0.07411699628855	-0.368391446426043	136	logFC=-1.75 -log10(p)=5
-0.10506952382302	-0.341594896896966	136	logFC=-1.25 -log10(p)=3
-0.08557682055308	0.338087999588114	136	logFC=-1 -log10(p)=2
-0.0878989098840399	-0.374289736141998	136	logFC=-1 -log10(p)=2
-0.04114938583841	0.235764612765529	136	logFC=-2 -log10(p)=4
0.0558314422256401	0.311241921131067	136	logFC=-1.75 -log10(p)=3
-0.07913871192811	0.0858189828245282	136	logFC=-1.75 -log10(p)=4
-0.05194619528672	0.498246512592509	136	logFC=-1 -log10(p)=1
0.059939662813427	0.180859117245767	136	logFC=-1 -log10(p)=1
0.0467014958081	0.189374920674327	136	logFC=-2 -log10(p)=3
-0.029501826835502	-0.247117998842195	136	logFC=-0.75 -log10(p)=1
0.0251942386534201	0.183257696936516	136	logFC=-2 -log10(p)=3
0.09312515253397	0.0290160452789312	608	logFC=-0.5 -log10(p)=8
0.081524650398459	-0.0807410260992601	608	logFC=-0.25 -log10(p)=2
0.0509848994858203	0.318003252658326	530	logFC=0 -log10(p)=0
-0.0875891330781271	-0.427218547836384	530	logFC=0 -log10(p)=1
-0.104314332243213	-0.367974254798617	530	logFC=0 -log10(p)=1
-0.104361727733509	-0.456537126422629	530	logFC=0 -log10(p)=1
0.051424192829305	0.274449065708281	902	logFC=-0.5 -log10(p)=4
-0.076613732117773	0.167649064438856	902	logFC=-0.25 -log10(p)=2
0.060172248194532	-0.323034566877432	902	logFC=-0.5 -log10(p)=4
0.039297291149182	0.18760672890233	902	logFC=-0.5 -log10(p)=3
-0.028524489926438	0.33986051081255	902	logFC=-0.25 -log10(p)=1
-0.04288956959891	0.0411432192031214	658	logFC=-0.5 -log10(p)=3
-0.086313454400049	0.375590895480979	658	logFC=-0.5 -log10(p)=3
0.039496723047007	-0.347171947772455	658	logFC=-0.25 -log10(p)=1
0.0797166915930634	0.17927829727033	398	logFC=0 -log10(p)=0
0.114594551110527	-0.360897478755624	398	logFC=-0.75 -log10(p)=3
-0.02094905036113	0.248497235397363	398	logFC=-0.75 -log10(p)=3
-0.103654863737702	-0.0959420663313895	398	logFC=-0.25 -log10(p)=1
0.095095599246392	0.0929506074022513	398	logFC=-0.5 -log10(p)=1
0.091501121615169	0.0209975755421841	398	logFC=-1 -log10(p)=4
0.0740947206596671	0.193896428692013	398	logFC=-0.75 -log10(p)=2
-0.111555259928248	-0.00273309760987983	398	logFC=-0.75 -log10(p)=3
0.09301045894536	-0.224667862880009	398	logFC=-1.25 -log10(p)=6
0.0673650440111899	0.0972967711388115	398	logFC=-1.25 -log10(p)=5
-0.03540458577809	-0.228677968434644	748	logFC=-1.75 -log10(p)=8
0.10825433243745	0.418715220743454	748	logFC=-1.5 -log10(p)=5
-0.02067659790847	0.190506840468047	748	logFC=-1.25 -log10(p)=4
-0.0681298237977599	-0.0358940767315348	136	logFC=-1.25 -log10(p)=4
0.0198451745395101	-0.32834256825628	748	logFC=-1.25 -log10(p)=4
-0.0432036421122599	0.028286510422872	748	logFC=-1 -log10(p)=3
-0.0878938868683501	0.337861762871612	136	logFC=-1 -log10(p)=2
-0.06655647036827	-0.283046970158437	136	logFC=-1.5 -log10(p)=5
-0.0597430436736699	-0.409780480407123	136	logFC=-1.25 -log10(p)=4
-0.053370190031194	-0.103469328536593	136	logFC=-0.5 -log10(p)=1
0.05039744483248	0.199509104079866	136	logFC=-1.5 -log10(p)=4
-0.05285406600898	-0.417763978042233	136	logFC=-1.25 -log10(p)=4
-0.0117914862266599	0.163880599301391	136	logFC=-1.5 -log10(p)=3
0.055674866905008	0.0847595046040439	136	logFC=-1 -log10(p)=2
0.0441620092241799	-0.304489389836435	136	logFC=-1.5 -log10(p)=4
-0.072292215225838	-0.328019926123898	136	logFC=-0.75 -log10(p)=2
-0.02379273478864	0.042594052351971	136	logFC=-1 -log10(p)=2
-0.0154578161075249	0.220932627112669	136	logFC=-0.75 -log10(p)=1
0.121072797263301	0.427255788666646	136	logFC=-1 -log10(p)=1
0.01307806131454	-0.295861403334473	136	logFC=-1.25 -log10(p)=3
0.085005413230231	-0.323428242389296	136	logFC=-1 -log10(p)=2
-0.07755695140645	-0.322306251894302	136	logFC=-1 -log10(p)=2
0.0019956210673	0.339364741901487	136	logFC=-1.25 -log10(p)=2
0.026595170408795	-0.212375439867072	136	logFC=-0.75 -log10(p)=1
0.052694840905847	0.465787127351904	136	logFC=-1 -log10(p)=1
0.075117321651987	0.236703029839578	136	logFC=-1 -log10(p)=1
0.021522476386153	0.299910901099711	608	logFC=-0.5 -log10(p)=10
-0.058212364166352	0.0259711072002009	608	logFC=-0.25 -log10(p)=5
-0.0737804114962231	-0.269318965343826	530	logFC=-0.5 -log10(p)=11
0.067342764366983	0.0541607953116774	530	logFC=-0.5 -log10(p)=6
0.03380574018075	-0.377756460756973	530	logFC=-0.5 -log10(p)=6
-0.067569535985904	-0.385584500274332	902	logFC=-0.75 -log10(p)=11
-0.030281926928005	0.479102932751272	902	logFC=-0.5 -log10(p)=5
-0.00899428261739499	-0.345970337372432	902	logFC=-0.75 -log10(p)=9
-0.00991866149973897	0.144128273919877	902	logFC=-0.5 -log10(p)=4
-0.01150725208006	-0.224871534536977	902	logFC=-0.5 -log10(p)=4
0.038027917384049	0.0273664962944804	902	logFC=-0.5 -log10(p)=3
-0.072915077220482	-0.102123987942213	658	logFC=-0.5 -log10(p)=4
-0.0952353582453487	0.264134271728127	658	logFC=0 -log10(p)=0
0.067213672146717	-0.443493727302363	398	logFC=-0.25 -log10(p)=1
0.097698800088011	0.372023106024642	398	logFC=-0.25 -log10(p)=0
0.12182962339055	-0.386297595110319	398	logFC=-1.25 -log10(p)=7
0.062754988931159	-0.494454987732039	398	logFC=-0.5 -log10(p)=2
-0.054051862478455	-0.14845517788789	398	logFC=-0.25 -log10(p)=1
-0.081143633848773	0.0490750335098871	398	logFC=-0.5 -log10(p)=2
0.092297619830328	-0.301329237968027	398	logFC=-1 -log10(p)=4
-0.07079358660554	0.0139547372922717	398	logFC=-1.25 -log10(p)=7
-0.0348944757396401	0.158523185357079	398	logFC=-1 -log10(p)=5
-0.09677885210159	-0.00972859990675445	398	logFC=-1 -log10(p)=5
0.0158913732470001	0.396466519339097	398	logFC=-1.25 -log10(p)=5
0.0212446072038029	0.331602096250558	748	logFC=-1 -log10(p)=3
-0.0306469155262701	-0.0919894676256705	748	logFC=-1.25 -log10(p)=5
-0.054891112785555	0.227707786806808	748	logFC=-0.75 -log10(p)=2
-0.0665942455908	-0.173757293373262	748	logFC=-1.75 -log10(p)=7
-0.0048086279917301	-0.00373250550793802	748	logFC=-1.25 -log10(p)=4
0.088865899520198	0.229460458898513	748	logFC=-1 -log10(p)=2
0.047660180794644	-0.170731717829862	748	logFC=-0.5 -log10(p)=1
-0.03700900038174	0.329686911218318	136	logFC=-1 -log10(p)=2
-0.12321051166255	-0.0561609571876716	136	logFC=-1.25 -log10(p)=4
-0.08562433754844	0.18751442416468	136	logFC=-1.75 -log10(p)=5
0.0927869702663899	-0.160184974183305	136	logFC=-1.25 -log10(p)=3
-0.066295729275006	0.479803842959325	136	logFC=-0.75 -log10(p)=1
-0.11211275951699	-0.110651361199765	136	logFC=-1.5 -log10(p)=5
-0.12311632638454	-0.0833723101576016	136	logFC=-1.75 -log10(p)=6
-0.0953625730954299	0.465787075077124	136	logFC=-2 -log10(p)=6
0.037052340614775	0.269968551548607	136	logFC=-0.75 -log10(p)=1
-0.0192700103113099	-0.416523200854476	136	logFC=-1.25 -log10(p)=3
0.10229262105277	0.247034846808407	136	logFC=-1.25 -log10(p)=2
-0.0284550325139401	-0.212734245431024	136	logFC=-1.25 -log10(p)=3
0.043705459752968	-0.366608754620738	136	logFC=-0.5 -log10(p)=1
0.07606569092574	0.308364325584226	136	logFC=-2 -log10(p)=5
0.045287173076846	-0.185352525437906	136	logFC=-1 -log10(p)=2
0.092338614206805	-0.122162788449224	136	logFC=-0.75 -log10(p)=1
-0.110195640831151	0.232887117443862	136	logFC=-0.75 -log10(p)=1
0.085489617960912	-0.415945837969347	136	logFC=-1 -log10(p)=2
0.1017570716723	-0.396235637283108	136	logFC=-1.5 -log10(p)=3
0.115672639699325	-0.461784567215789	608	logFC=-0.5 -log10(p)=8
0.072358878408341	-0.241319961050274	608	logFC=-0.5 -log10(p)=8
-0.121891892502231	0.140347060429753	530	logFC=-0.25 -log10(p)=5
0.110961544793483	-0.304460297085093	530	logFC=-0.5 -log10(p)=5
0.00121855949361205	-0.156223380961789	530	logFC=-0.75 -log10(p)=11
-0.087003850909495	0.448637748760458	530	logFC=-0.5 -log10(p)=7
-0.044778505624306	0.445814581594451	902	logFC=-0.75 -log10(p)=10
0.066798014115036	-0.386171661958755	902	logFC=-0.5 -log10(p)=4
-0.07404062428918	0.0346532909695889	902	logFC=-0.25 -log10(p)=2
-0.033967825587738	0.109573307197258	902	logFC=-0.5 -log10(p)=4
0.024136390573242	-0.0314061926331508	902	logFC=-0.75 -log10(p)=6
0.121603781197663	0.00808904398812338	658	logFC=-0.5 -log10(p)=2
-0.101384748301608	0.296255018818388	658	logFC=0 -log10(p)=0
0.093516890716281	-0.301346849221445	398	logFC=-0.5 -log10(p)=2
0.054561517393204	-0.190161624027025	398	logFC=-0.5 -log10(p)=2
-0.104900860398929	0.353735064449145	398	logFC=-0.75 -log10(p)=4
-0.00285447358351099	0.0949327330560341	398	logFC=-0.5 -log10(p)=2
0.073883262454664	0.0017505639593236	398	logFC=-0.75 -log10(p)=3
-0.0762249213969399	0.244167162333217	398	logFC=-1 -log10(p)=5
-0.0644679230202661	-0.125862210193374	398	logFC=-0.75 -log10(p)=4
0.0573260866127701	0.146483405436204	398	logFC=-1.25 -log10(p)=7
0.024425413261543	-0.246923329707885	398	logFC=-1 -log10(p)=5
-0.00839084011353997	-0.437272313606264	398	logFC=-1 -log10(p)=5
0.122764497764949	-0.20672487009725	748	logFC=-0.75 -log10(p)=2
0.0667141106942699	-0.477226399040328	748	logFC=-1.25 -log10(p)=5
0.00185870049174008	0.184260481491138	398	logFC=-1.5 -log10(p)=7
-0.0848401027375301	-0.331874493623295	748	logFC=-1 -log10(p)=4
-0.0327379958584499	-0.282372325383415	748	logFC=-1 -log10(p)=3
-0.0373444062235899	0.355566669526877	748	logFC=-1 -log10(p)=3
-0.0236422803074099	0.326791426606505	748	logFC=-1.25 -log10(p)=4
-0.014183299384902	0.118082346543227	748	logFC=-0.75 -log10(p)=2
0.1220981906606	0.146480294600734	748	logFC=-1.5 -log10(p)=4
0.083899873832255	0.252810945393378	748	logFC=-1 -log10(p)=2
0.05894861759088	-0.0315348335785237	136	logFC=-1.5 -log10(p)=4
0.0290128523514099	0.352535279059084	136	logFC=-1.75 -log10(p)=6
0.0035725790627501	0.320299111435204	136	logFC=-1.75 -log10(p)=5
-0.0828440563287201	0.368257995178416	136	logFC=-1.25 -log10(p)=4
-0.11223161855016	-0.414678512132774	136	logFC=-1.25 -log10(p)=4
-0.11298697419659	0.450800071321243	136	logFC=-1.25 -log10(p)=4
0.0619769201654701	0.449787334961409	136	logFC=-1.5 -log10(p)=4
0.03681395633619	-0.38995021070122	136	logFC=-1.25 -log10(p)=3
-0.11043526328693	-0.481887275412928	136	logFC=-1 -log10(p)=3
-0.1107114203668	0.0564006857806625	136	logFC=-1.5 -log10(p)=4
0.031976616639213	-0.369034986458813	136	logFC=-0.5 -log10(p)=1
0.109733200306578	0.491712533506447	136	logFC=-0.5 -log10(p)=0
0.115102395507471	0.352221494276602	136	logFC=-1 -log10(p)=1
-0.03816525708633	-0.492029797800528	136	logFC=-1 -log10(p)=3
-0.04636644153419	0.105956071378246	136	logFC=-1 -log10(p)=2
0.119987496421433	-0.356138492184213	136	logFC=-1 -log10(p)=2
-0.03107889027931	0.0460478220406688	136	logFC=-0.75 -log10(p)=1
0.069632763676998	0.304879105042968	608	logFC=-0.75 -log10(p)=16
-0.083522738399976	0.485259279698796	608	logFC=-0.25 -log10(p)=5
-0.114279481930395	0.019995700729079	530	logFC=-0.25 -log10(p)=5
-0.0631550966817061	0.399158585950708	530	logFC=-0.75 -log10(p)=13
-0.091419136879185	-0.209555795910926	530	logFC=-0.5 -log10(p)=8
0.070232324231544	0.399911846219521	530	logFC=-0.75 -log10(p)=9
-0.069548155503281	-0.410996461361507	902	logFC=-0.25 -log10(p)=3
-0.0174121335296188	0.0587687113865673	902	logFC=0 -log10(p)=0
0.123139562840718	-0.0613629702346206	902	logFC=-0.75 -log10(p)=6
-0.073205516237033	-0.485397846556015	902	logFC=-0.75 -log10(p)=8
-0.090541011113183	0.00261398245412714	658	logFC=-0.5 -log10(p)=4
-0.042539620976008	0.208400549944005	658	logFC=-0.25 -log10(p)=1
0.056890128715268	-0.359785947784999	658	logFC=-0.25 -log10(p)=1
0.050132470330864	-0.396739471006224	398	logFC=-1 -log10(p)=6
0.105598303811585	0.0402868298839034	398	logFC=-0.75 -log10(p)=3
-0.086981318206152	0.482938518107093	398	logFC=-0.75 -log10(p)=4
-0.068162494950427	-0.374889312507949	658	logFC=-0.5 -log10(p)=3
-0.071525775525686	0.138165930194329	398	logFC=-0.75 -log10(p)=4
-0.110850765056853	-0.0189526508018778	398	logFC=-0.5 -log10(p)=3
-0.11172025768765	-0.394052357364543	398	logFC=-1 -log10(p)=7
-0.0516600650114301	-0.493741064359124	398	logFC=-1.5 -log10(p)=9
0.071758650394659	-0.498774771556526	398	logFC=-1 -log10(p)=4
-0.0447355541988099	-0.378809740823561	748	logFC=-1 -log10(p)=4
-0.0124753191706299	0.411679066604397	398	logFC=-1.25 -log10(p)=5
-0.09463222899376	-0.327073431613455	398	logFC=-1.25 -log10(p)=6
0.0985081997767501	0.069567008536958	748	logFC=-1.25 -log10(p)=4
-0.092434062608258	-0.194685313110043	398	logFC=-0.75 -log10(p)=3
0.115377719515853	-0.41167523360438	748	logFC=-0.75 -log10(p)=2
0.09810987510367	-0.349545198959177	748	logFC=-1.25 -log10(p)=4
0.11860232295931	-0.0308124387587583	748	logFC=-1.25 -log10(p)=4
0.097536778066581	0.0471024581186752	748	logFC=-1 -log10(p)=2
0.0128845440873	0.463684764540669	748	logFC=-1.5 -log10(p)=5
-0.00339106439878001	0.0314615797910331	748	logFC=-1.25 -log10(p)=4
0.04864975404074	0.0609407288079993	136	logFC=-1.25 -log10(p)=3
-0.10921970147898	-0.154001075674723	136	logFC=-1.5 -log10(p)=5
-0.0329162896170199	-0.44022871754867	136	logFC=-2 -log10(p)=8
-0.120044219137261	0.319973846231297	136	logFC=-0.75 -log10(p)=2
-0.0123525362661601	0.188291240724461	136	logFC=-1.5 -log10(p)=4
0.065959579726819	0.207173860804469	136	logFC=-1 -log10(p)=2
0.0474894004793001	-0.426839723892828	136	logFC=-1.25 -log10(p)=3
-0.07279631556887	-0.325486604754023	136	logFC=-1.75 -log10(p)=5
-0.00609437623026699	0.181000877312924	136	logFC=-0.75 -log10(p)=1
-0.0739567519833799	0.329902163224549	136	logFC=-1.25 -log10(p)=3
-0.0930200277520998	-0.11021687773364	136	logFC=-2 -log10(p)=6
0.0853828131322601	0.351218731441375	136	logFC=-1 -log10(p)=1
0.10898804383888	0.176989500457578	136	logFC=-1.75 -log10(p)=4
-0.044485254963736	-0.237331211427366	136	logFC=-0.5 -log10(p)=1
0.080808666470967	0.462201999940808	136	logFC=-1 -log10(p)=1
-0.11291305245284	-0.0120994677083299	136	logFC=-1 -log10(p)=2
0.021477518804829	-0.29798381302868	136	logFC=-0.5 -log10(p)=1
-0.0646734334882621	-0.244918545005717	608	logFC=-0.5 -log10(p)=13
-0.096395019906313	-0.299554301884049	608	logFC=-0.25 -log10(p)=6
-0.00491374971940595	-0.193885547486124	530	logFC=-0.5 -log10(p)=8
0.021983468312786	-0.48542666826319	530	logFC=-0.5 -log10(p)=7
0.00334334910059703	-0.339449340161201	530	logFC=-0.5 -log10(p)=7
0.00641646904448501	-0.0491316295635977	530	logFC=-0.25 -log10(p)=2
0.042108181726533	0.367608936009785	902	logFC=-0.25 -log10(p)=1
0.084981889318768	-0.306203045370214	902	logFC=-0.5 -log10(p)=4
0.015932347403288	-0.0462593449733642	902	logFC=-0.5 -log10(p)=4
-0.104370548607385	0.209092333585682	902	logFC=-0.25 -log10(p)=2
0.12463287751108	0.443223146345655	902	logFC=-0.25 -log10(p)=0
-0.0930877822884	-0.278239375784786	658	logFC=-0.25 -log10(p)=2
0.0519168904827501	-0.156253843547797	658	logFC=-0.75 -log10(p)=5
-0.047013120984949	0.0827538215277865	658	logFC=-0.75 -log10(p)=5
-0.00947800474548799	0.316500376949107	658	logFC=-0.5 -log10(p)=2
0.083247696185735	0.31441722321032	658	logFC=-1 -log10(p)=6
0.017833659085967	0.26294728635041	658	logFC=-0.75 -log10(p)=4
0.056828319585734	0.304075303560733	658	logFC=-0.75 -log10(p)=4
0.0121522794231299	-0.180252943210979	658	logFC=-1.25 -log10(p)=9
-0.08933381064269	-0.28312735695846	398	logFC=-1 -log10(p)=6
0.106018843592714	-0.0456870898956252	398	logFC=-1 -log10(p)=4
0.085275549281288	-0.163609922477372	398	logFC=-1 -log10(p)=4
0.0357848318779299	0.321355704041681	398	logFC=-1.25 -log10(p)=6
0.10912075451048	-0.240842284705579	398	logFC=-1.25 -log10(p)=5
0.11860994436901	-0.435869522373163	398	logFC=-1.25 -log10(p)=5
0.0654507461762801	-0.321304926634632	398	logFC=-1.25 -log10(p)=6
-0.119942494517061	-0.0286382255795452	398	logFC=-0.75 -log10(p)=3
-0.0927342146269401	0.352035506620088	398	logFC=-1.25 -log10(p)=6
0.0552909165692701	0.420465182981791	748	logFC=-1.25 -log10(p)=4
0.0212698065866599	0.0449976991737993	748	logFC=-1.25 -log10(p)=5
0.06076010362625	0.248760745318799	748	logFC=-1.5 -log10(p)=5
0.08842960974625	0.14264576844392	748	logFC=-1.25 -log10(p)=4
-0.0778469463898801	0.473308235152492	748	logFC=-1 -log10(p)=3
-0.03216380318506	-0.392563243801751	748	logFC=-1.25 -log10(p)=5
0.03765450068025	0.266717146599365	748	logFC=-1.25 -log10(p)=4
0.0168013187706499	-0.034933513545818	748	logFC=-1.5 -log10(p)=5
-0.0146373583421	0.479443236787252	136	logFC=-1.25 -log10(p)=3
0.0239568409066699	-0.0391834768714094	136	logFC=-1.5 -log10(p)=5
0.0202728149042899	0.0494532136112076	136	logFC=-1.25 -log10(p)=4
-0.09551224652668	-0.0898227840890069	136	logFC=-1 -log10(p)=3
0.05048151252891	0.466361016335024	136	logFC=-1.75 -log10(p)=4
-0.10733326692951	-0.324590637247399	136	logFC=-1 -log10(p)=3
-0.11735207027494	0.290825006544581	136	logFC=-2 -log10(p)=7
-0.09754818306556	0.439396544724513	136	logFC=-1 -log10(p)=2
-0.115934214623222	-0.0470946762556743	136	logFC=-0.75 -log10(p)=2
-0.0399209816349699	-0.338262242118785	136	logFC=-1 -log10(p)=3
0.0295083467837101	-0.0667135869678055	136	logFC=-1.25 -log10(p)=3
-0.0811302697601599	0.251821788325018	136	logFC=-1 -log10(p)=2
0.022883702877658	-0.288510135441995	136	logFC=-0.5 -log10(p)=1
-0.07971097825063	-0.239507068836977	136	logFC=-1 -log10(p)=3
0.00898547397376603	-0.161973804582697	608	logFC=-0.75 -log10(p)=17
-0.056483046008551	0.49961254034028	608	logFC=-0.5 -log10(p)=11
0.039294857126441	0.165248549037211	530	logFC=-0.5 -log10(p)=7
-0.00550149417963097	0.234186584881066	530	logFC=-0.5 -log10(p)=8
-0.052185078662577	0.210922143631765	530	logFC=-0.25 -log10(p)=3
0.115034905178874	0.101185240971798	530	logFC=-0.5 -log10(p)=4
0.089378402970136	0.0519320148309639	530	logFC=-0.5 -log10(p)=4
0.055556588446211	0.238968893556795	902	logFC=-0.5 -log10(p)=4
0.119475369786342	-0.44875709260951	902	logFC=0 -log10(p)=1
0.00819845730736402	0.472947516334341	902	logFC=0.25 -log10(p)=1
0.11163353890393	-0.448257536541346	902	logFC=-0.25 -log10(p)=1
-0.066396007406679	0.170701414205315	902	logFC=-0.5 -log10(p)=4
-0.091043926509735	0.0804667273104487	902	logFC=-0.5 -log10(p)=4
-0.00775096280916399	0.106303718000065	902	logFC=-0.25 -log10(p)=1
0.079224346964369	-0.307451951392745	902	logFC=-0.75 -log10(p)=5
0.045562986326259	0.473034026861054	902	logFC=-0.75 -log10(p)=4
-0.077205558567284	0.374173897293296	902	logFC=-0.75 -log10(p)=6
0.034762070922336	0.312574121457647	658	logFC=-0.5 -log10(p)=2
0.039907989069314	0.00166877047369507	658	logFC=-0.5 -log10(p)=2
-0.103805006016285	0.484526062069535	398	logFC=-0.5 -log10(p)=2
-0.030003282314344	-0.219271198930094	398	logFC=-0.25 -log10(p)=1
-0.0206444463740001	-0.300582004085504	398	logFC=-1 -log10(p)=5
0.011295991018053	-0.378971684373622	398	logFC=-0.5 -log10(p)=2
-0.05008193266774	0.395207544805841	398	logFC=-1.25 -log10(p)=6
-0.07885029608011	0.135665723890083	398	logFC=-0.75 -log10(p)=3
0.065071741845992	0.467258568400538	398	logFC=-1 -log10(p)=3
-0.07462360126676	0.278838253778728	398	logFC=-1.25 -log10(p)=6
0.044083769986072	-0.0977554124522633	398	logFC=-1 -log10(p)=4
-0.03451959587386	0.441772183109253	748	logFC=-1.25 -log10(p)=5
0.08815443270348	0.186027248189243	398	logFC=-1.75 -log10(p)=9
0.09959212470582	-0.251494916688033	398	logFC=-1.75 -log10(p)=9
0.10528872664998	0.0176243681515142	748	logFC=-1.5 -log10(p)=5
-0.04314205787377	-0.234617370297519	748	logFC=-1.25 -log10(p)=5
-0.1109139019097	-0.390244669304945	748	logFC=-1 -log10(p)=4
0.0384149174961601	0.0700506746817924	748	logFC=-1.25 -log10(p)=4
-0.076016761543387	0.166181547669465	748	logFC=-0.75 -log10(p)=2
-0.027443814178239	0.439095899540278	748	logFC=-0.75 -log10(p)=2
0.0674585808360999	0.102412520163978	748	logFC=-1.25 -log10(p)=4
0.0942485985183199	-0.1044017511814	748	logFC=-1.5 -log10(p)=5
-0.0933229442397801	-0.280751467115858	748	logFC=-1.25 -log10(p)=5
0.046792093917852	-0.313699256034319	748	logFC=-0.75 -log10(p)=2
0.102193234700031	-0.473855869776757	748	logFC=-1 -log10(p)=3
-0.0887867051860101	0.346690990956576	136	logFC=-1.25 -log10(p)=3
-0.11480743965053	0.404230259532143	748	logFC=-1 -log10(p)=3
0.051283362504479	0.251031653394047	136	logFC=-1 -log10(p)=2
-0.00942721105295008	-0.465025930218811	136	logFC=-1 -log10(p)=3
-0.021660843166225	-0.492840053718766	136	logFC=-0.75 -log10(p)=2
0.048963295877517	-0.238376842933787	748	logFC=-0.5 -log10(p)=1
0.116172728923926	0.135810492766345	136	logFC=-0.75 -log10(p)=1
0.11845820106685	0.138872126812987	136	logFC=-1.25 -log10(p)=3
0.106560265833457	-0.234300029568443	608	logFC=-0.75 -log10(p)=16
-0.060358805017222	0.102505988478197	608	logFC=-0.25 -log10(p)=5
0.0969931015282151	0.184594969461029	530	logFC=-0.75 -log10(p)=12
-0.048323462254957	0.0406080379545082	530	logFC=-0.25 -log10(p)=3
-0.026532606178616	-0.394102289131864	530	logFC=-0.25 -log10(p)=3
0.100794559033833	-0.400586563108829	530	logFC=-0.5 -log10(p)=5
0.120043956124514	-0.151490890867311	902	logFC=-0.5 -log10(p)=4
-0.086452172512767	-0.0110534027839646	902	logFC=0.25 -log10(p)=1
0.031615629812055	-0.0876311977054818	902	logFC=0.25 -log10(p)=2
0.0619095568047238	0.222941733192307	902	logFC=0 -log10(p)=0
-0.016859928485244	0.137903628972882	902	logFC=-0.5 -log10(p)=4
-0.091144904027813	-0.131985292028254	902	logFC=-0.25 -log10(p)=2
0.112906572554326	-0.460059207645447	902	logFC=-0.25 -log10(p)=1
0.013227046118898	-0.0410677179802059	902	logFC=-0.5 -log10(p)=3
0.117226893331535	0.0636382985552051	902	logFC=-0.5 -log10(p)=2
0.00299138537447502	0.139700510385955	902	logFC=-0.5 -log10(p)=3
-0.031980399330199	-0.42376155330976	902	logFC=-0.5 -log10(p)=4
0.059651424857128	0.178509096212784	658	logFC=-0.75 -log10(p)=4
-0.08822534672084	-0.2487093969042	658	logFC=-0.5 -log10(p)=3
0.00255621055749	0.172626073950602	398	logFC=-0.5 -log10(p)=2
0.055968780861544	0.308927283510621	398	logFC=-0.75 -log10(p)=3
-0.105181871007723	0.164883825166135	398	logFC=-0.25 -log10(p)=1
-0.044716119049937	-0.210733220556401	398	logFC=-0.5 -log10(p)=2
0.046861215573679	-0.111913309616463	398	logFC=-0.75 -log10(p)=3
-0.0412874018087701	0.139656149609468	398	logFC=-1 -log10(p)=5
-0.065184307348799	-0.219059677190811	398	logFC=-0.75 -log10(p)=4
-0.0979131232643	-0.152271830460458	398	logFC=-0.75 -log10(p)=4
-0.000391212672739893	0.208390590870424	398	logFC=-1 -log10(p)=4
-0.107274328331722	0.46644872939387	398	logFC=-0.75 -log10(p)=3
0.0972729267394601	-0.247294785224365	398	logFC=-1.5 -log10(p)=7
0.03394844000061	-0.153605478407416	748	logFC=-1.5 -log10(p)=6
-0.0290662328628299	0.0159187282336921	748	logFC=-1 -log10(p)=4
0.0672953343320599	-0.468827867468047	748	logFC=-1.25 -log10(p)=5
-0.12121025982425	0.413898622227926	748	logFC=-1 -log10(p)=4
-0.11102286136121	0.214817752669096	748	logFC=-1 -log10(p)=4
-0.102193488720636	0.374286984522982	748	logFC=-0.75 -log10(p)=2
0.107124555871003	-0.0409097721564375	748	logFC=-1 -log10(p)=3
0.12439676549476	0.40892966584713	748	logFC=-1.5 -log10(p)=5
-0.093144652074748	0.260172457718777	748	logFC=-0.5 -log10(p)=1
-0.00111940186993009	-0.327637970223417	748	logFC=-1.25 -log10(p)=5
-0.10356058407846	0.447183846598501	748	logFC=-0.75 -log10(p)=2
-0.09149018304621	-0.278355796253845	748	logFC=-0.75 -log10(p)=2
0.0521891446168199	-0.0974735807225335	748	logFC=-1.25 -log10(p)=4
-0.0575519618503499	0.37469534338777	748	logFC=-1.5 -log10(p)=5
0.0154777113771001	-0.376285047892147	748	logFC=-1.25 -log10(p)=4
0.080013920318736	0.42081777370317	136	logFC=-0.75 -log10(p)=1
-0.109306347443361	-0.386238903211408	748	logFC=-0.25 -log10(p)=1
-0.070096598276693	0.354579897194293	748	logFC=-0.5 -log10(p)=1
-0.064459728754849	0.0741210518414759	748	logFC=-0.75 -log10(p)=2
0.063203325002579	-0.141129938942799	748	logFC=-1 -log10(p)=3
-0.103008673964529	0.205323903055065	608	logFC=-0.5 -log10(p)=14
-0.031661825390038	-0.355593229637679	608	logFC=-0.5 -log10(p)=11
-0.124725634669213	0.284546004173167	530	logFC=-0.25 -log10(p)=5
-0.068669588262314	-0.442674251810423	530	logFC=-0.25 -log10(p)=4
-0.026075715448483	0.382062784430557	530	logFC=-0.5 -log10(p)=7
0.040200252353183	-0.414553127354323	530	logFC=-0.5 -log10(p)=6
-0.112852611213802	-0.365953844051239	902	logFC=0 -log10(p)=1
-0.087760632998696	-0.0430684284139246	902	logFC=0.25 -log10(p)=1
0.050517143783755	0.162779150922546	902	logFC=-0.25 -log10(p)=1
-0.042320091237911	-0.126972294521585	902	logFC=-0.5 -log10(p)=5
-0.01133369782803	0.318054138114054	902	logFC=-0.75 -log10(p)=7
0.106292238649481	-0.415067975553797	902	logFC=-0.25 -log10(p)=1
0.02830446107175	0.124856667416574	902	logFC=-0.25 -log10(p)=1
0.045505936885674	-0.119815046503886	902	logFC=-0.5 -log10(p)=3
0.119637688566381	0.262464404964401	902	logFC=-0.5 -log10(p)=2
-0.022453444252211	-0.320016188635068	902	logFC=-0.5 -log10(p)=4
-0.000266970730333993	-0.0563033472834095	658	logFC=-0.25 -log10(p)=1
-0.051021394765333	0.132409660457406	658	logFC=-0.75 -log10(p)=5
-0.094646474241344	0.241559501223815	658	logFC=-0.25 -log10(p)=1
-0.089318905747216	-0.126762867694346	658	logFC=-0.5 -log10(p)=3
0.067131759507675	0.453269963731412	398	logFC=-0.5 -log10(p)=1
-0.113096153957846	-0.455501393209213	398	logFC=-0.5 -log10(p)=3
0.037933520477313	-0.116305380168462	398	logFC=-1 -log10(p)=5
-0.04342102198777	0.208327712583895	398	logFC=-1 -log10(p)=5
0.086374840837266	-0.183412480742913	398	logFC=-0.75 -log10(p)=3
-0.105354598136401	-0.242265122824977	398	logFC=-0.75 -log10(p)=4
0.092920123257295	-0.130659399035931	398	logFC=-1 -log10(p)=4
0.010816536351817	0.0896862249294737	398	logFC=-1 -log10(p)=5
-0.1034183697023	-0.285625173519001	398	logFC=-1.25 -log10(p)=8
0.00514474040089996	-0.469553740413728	398	logFC=-1.25 -log10(p)=6
0.066002373804198	0.224089077531227	398	logFC=-0.5 -log10(p)=1
-0.00139450869590996	0.280477181755373	748	logFC=-0.5 -log10(p)=1
0.07301396608442	-0.129072057891439	398	logFC=-1 -log10(p)=4
0.10485699095721	0.184085635921118	748	logFC=-1.5 -log10(p)=6
0.05693533776856	-0.415780029924454	748	logFC=-1.25 -log10(p)=6
0.11942028364793	0.257074699599569	748	logFC=-1.5 -log10(p)=5
-0.02149455022771	-0.1506897895687	748	logFC=-1.25 -log10(p)=6
0.0606119148095701	0.135193052646462	748	logFC=-1.5 -log10(p)=6
0.102253631444525	0.124957249444862	748	logFC=-1 -log10(p)=3
0.0640560693253191	-0.461725837725008	748	logFC=-1 -log10(p)=4
0.114598306283825	0.168484287716019	748	logFC=-1 -log10(p)=2
0.0853377164150799	0.2422257590529	748	logFC=-1.25 -log10(p)=4
-0.11474762399527	-0.0798432455461384	748	logFC=-1.25 -log10(p)=5
-0.06502307470369	-0.261088964515985	748	logFC=-1 -log10(p)=4
0.01063401341174	-0.296972897742643	748	logFC=-1 -log10(p)=3
-0.122709110751366	0.452346257634054	748	logFC=-0.5 -log10(p)=1
0.069760116920592	-0.10511875233983	748	logFC=-0.5 -log10(p)=1
0.079032123086082	0.134796089451105	748	logFC=-1 -log10(p)=3
0.032197344896773	-0.035862736659023	748	logFC=-0.5 -log10(p)=1
-0.069958886643037	-0.379610461517701	748	logFC=-0.75 -log10(p)=3
0.025152545546636	0.479323716108606	608	logFC=-0.75 -log10(p)=18
0.105456708616047	0.0348600851633867	608	logFC=-0.5 -log10(p)=7
-0.094917721961458	0.134432274908677	530	logFC=-0.5 -log10(p)=10
0.028862168796535	0.354693980040324	530	logFC=-0.75 -log10(p)=13
-0.042306844850529	0.0794385791312937	530	logFC=-0.75 -log10(p)=14
0.092518892600789	0.105886754082355	530	logFC=-0.25 -log10(p)=1
-0.0359991920668946	0.154797318828695	530	logFC=0 -log10(p)=0
-0.114484155090673	0.0684669972853791	530	logFC=-0.25 -log10(p)=3
0.032099718525799	0.368574169848742	902	logFC=-0.5 -log10(p)=4
0.036835234749795	-0.16377500506332	902	logFC=-0.5 -log10(p)=4
0.106099962896264	-0.323508297425002	902	logFC=-0.25 -log10(p)=1
0.096592647793935	0.0332236909193697	902	logFC=-0.5 -log10(p)=3
0.016547359231584	0.16675278888938	902	logFC=-0.25 -log10(p)=1
-0.044689351899414	0.237902041411811	902	logFC=-0.5 -log10(p)=4
-0.051560982129856	0.0354609241396107	902	logFC=-0.5 -log10(p)=4
-0.118869625702659	-0.228279080868499	658	logFC=-0.25 -log10(p)=2
0.069452540151174	-0.0480195693668031	658	logFC=-0.5 -log10(p)=2
-0.00460837658687796	0.219840742680639	658	logFC=-0.5 -log10(p)=2
0.107951513808996	-0.419772311028244	658	logFC=-0.5 -log10(p)=2
0.060688006480497	-0.404220127130703	398	logFC=-0.5 -log10(p)=2
0.073994262371604	-0.370119391903015	398	logFC=-0.5 -log10(p)=2
0.024274246861109	-0.143472448604502	398	logFC=-0.5 -log10(p)=2
0.093893849917555	-0.266647795308395	398	logFC=-1 -log10(p)=5
-0.05617321284586	0.102733162789439	398	logFC=-0.75 -log10(p)=4
-0.088051564147604	-0.474680350902924	398	logFC=-0.5 -log10(p)=3
0.075168763545042	-0.0488938352997512	398	logFC=-0.75 -log10(p)=3
-0.0420121857964699	-0.34195234794294	398	logFC=-1.25 -log10(p)=8
-0.00109305059663001	-0.269179409628378	398	logFC=-1.25 -log10(p)=7
0.07824952532109	0.218739166750911	398	logFC=-0.75 -log10(p)=2
0.096371054421258	0.345091968355856	398	logFC=-0.75 -log10(p)=2
-0.021291873265499	-0.388945294408104	398	logFC=-0.5 -log10(p)=2
0.000433085558467994	-0.00884961131256912	398	logFC=-0.75 -log10(p)=3
-0.00792146316891795	-0.145138857773658	398	logFC=-0.75 -log10(p)=3
-0.11106871431918	-0.402940347408661	748	logFC=-1 -log10(p)=5
0.00974743434395009	0.104920868978041	748	logFC=-1.25 -log10(p)=6
-0.0543040963388199	-0.0939246124262167	398	logFC=-1 -log10(p)=5
-0.0332438653590901	0.201521519079561	748	logFC=-1 -log10(p)=3
0.060017922073543	0.121618687624835	748	logFC=-1 -log10(p)=3
-0.039710761177792	0.488880986910286	748	logFC=-0.75 -log10(p)=2
0.0129510888739161	-0.173375864312878	748	logFC=-0.75 -log10(p)=2
0.039428990126285	0.217832068383722	748	logFC=-0.75 -log10(p)=2
0.0961464940715599	-0.194091360257745	748	logFC=-0.75 -log10(p)=2
0.100083819741975	-0.189490051709522	748	logFC=-0.75 -log10(p)=2
0.102278464817733	-0.244891383458046	748	logFC=-0.5 -log10(p)=1
0.064122640697805	-0.209326942933342	748	logFC=-1 -log10(p)=3
-0.049895477193275	-0.485753526583225	748	logFC=-0.5 -log10(p)=2
0.00646780661049595	0.362786926904261	748	logFC=-0.75 -log10(p)=2
-0.090847614915704	-0.222863973765299	748	logFC=-0.25 -log10(p)=1
-0.11667054618517	0.212936188820049	748	logFC=0.25 -log10(p)=0
-0.0953995078633525	0.160715581657972	398	logFC=0 -log10(p)=0
0.041374677504628	-0.368329099104269	608	logFC=-0.75 -log10(p)=18
0.080629724512325	-0.0797304892665363	608	logFC=-0.5 -log10(p)=8
0.00745607618998401	-0.274332483114202	530	logFC=-0.75 -log10(p)=16
-0.018924056688843	-0.266282244645248	530	logFC=-0.75 -log10(p)=15
0.062298915367271	0.432282786583939	530	logFC=-0.25 -log10(p)=1
-0.0397772290131066	0.181079884958183	530	logFC=0 -log10(p)=0
-0.098806850941772	0.211930900269071	530	logFC=-0.25 -log10(p)=3
0.058408634283309	0.199735383818199	530	logFC=-0.5 -log10(p)=4
0.031977588556569	0.23535783353231	902	logFC=-0.5 -log10(p)=4
0.052969686987305	0.0603528124070498	902	logFC=-0.25 -log10(p)=1
-0.105404215449204	-0.279485567460561	902	logFC=-0.25 -log10(p)=3
-0.035511206555411	0.120020450538045	902	logFC=0 -log10(p)=0
-0.0156349738273889	0.0492897616199122	902	logFC=0 -log10(p)=0
0.113121824269593	-0.424243624635392	902	logFC=-0.25 -log10(p)=1
0.05125032037051	-0.181969424774209	902	logFC=-0.25 -log10(p)=1
0.022410143157505	-0.137323796243005	658	logFC=-0.25 -log10(p)=1
-0.0693505088737907	0.173023986865091	658	logFC=0 -log10(p)=0
-0.014370044315643	-0.103165723651542	658	logFC=-0.25 -log10(p)=1
0.109748397323219	0.498068501578519	658	logFC=-0.5 -log10(p)=1
-0.115157131494408	0.46570604425644	658	logFC=-0.25 -log10(p)=1
-0.022063171806012	-0.130147859392496	658	logFC=-0.25 -log10(p)=1
0.122076716126776	0.474351800259201	658	logFC=-0.5 -log10(p)=1
0.105279395737678	0.498371892961881	398	logFC=-0.5 -log10(p)=1
-0.081236503298825	0.14212430562312	398	logFC=-0.25 -log10(p)=1
0.048718801994129	-0.285590124412952	398	logFC=-0.5 -log10(p)=2
-0.107321276369798	-0.124083428768354	398	logFC=-0.75 -log10(p)=5
0.00314650865900301	-0.152013683930393	398	logFC=-1 -log10(p)=6
0.115575918839812	0.0169938034748158	398	logFC=-1 -log10(p)=4
0.058991511659617	-0.300837968801629	398	logFC=-0.75 -log10(p)=3
0.040642312270775	0.270728360081823	398	logFC=-0.5 -log10(p)=1
0.023674767039129	-0.436493806444478	398	logFC=-0.25 -log10(p)=1
0.00328363129727899	0.498183579863095	398	logFC=-0.5 -log10(p)=1
0.076715704591695	0.228118747394989	398	logFC=-0.5 -log10(p)=1
0.045171294161428	0.357583933638662	398	logFC=-1 -log10(p)=4
-0.068140158079786	0.200093564215365	398	logFC=-0.75 -log10(p)=3
-0.116837685367637	-0.219581424611842	748	logFC=-0.5 -log10(p)=2
-0.10821547315474	-0.0931163003019106	748	logFC=-0.75 -log10(p)=3
0.090086607296196	0.328988006182283	398	logFC=-1 -log10(p)=3
0.034956902137328	0.34589825695574	748	logFC=-0.25 -log10(p)=0
0.064469203609852	0.371749671062823	398	logFC=-0.75 -log10(p)=2
0.065336161521014	0.11316787726516	398	logFC=-0.5 -log10(p)=1
0.047943741941682	0.421769339744163	398	logFC=-0.25 -log10(p)=0
0.04541591514581	0.341590335208384	748	logFC=-0.25 -log10(p)=0
-0.023376437382805	-0.43665918324333	748	logFC=-0.25 -log10(p)=1
-0.028902022001745	-0.458653342726135	748	logFC=-0.25 -log10(p)=1
-0.03417333866411	-0.39579183774222	748	logFC=-0.25 -log10(p)=1
0.101466256697304	0.149878588473477	748	logFC=0 -log10(p)=0
0.025368669637547	-0.423509273761784	748	logFC=0.25 -log10(p)=1
0.088260706761886	0.318081637734976	398	logFC=-0.25 -log10(p)=0
0.115175373210761	-0.147146135127608	398	logFC=0.25 -log10(p)=1
0.089842715167901	-0.279709753935238	608	logFC=-0.75 -log10(p)=16
0.123229963391941	-0.450008404935882	608	logFC=-0.5 -log10(p)=7
0.06165792744688	-0.20547607334809	530	logFC=-0.5 -log10(p)=7
0.12417817865122	-0.112860321446855	530	logFC=-0.25 -log10(p)=1
0.079180507374905	0.245812204826152	530	logFC=-0.25 -log10(p)=1
0.048102680641544	0.400885185352579	530	logFC=-0.25 -log10(p)=1
0.12394501409117	0.367194634556515	530	logFC=-0.5 -log10(p)=3
-0.109144301743455	-0.318294865713133	902	logFC=-0.5 -log10(p)=7
-0.124263283003339	-0.411331358961556	902	logFC=0 -log10(p)=1
0.080100716303841	-0.094893242340629	902	logFC=-0.25 -log10(p)=1
-0.0189060994359004	0.0632300250756811	902	logFC=0 -log10(p)=0
0.08088099563608	0.320755871694426	902	logFC=0 -log10(p)=0
0.081815344356474	-0.212894374849969	902	logFC=-0.25 -log10(p)=1
0.049882461198734	-0.170860148901579	902	logFC=-0.25 -log10(p)=1
0.115926483473053	-0.0895403269303876	658	logFC=-0.5 -log10(p)=2
-0.020274098449963	0.0831865617223966	658	logFC=-0.25 -log10(p)=1
0.094386049796027	-0.186344880959057	658	logFC=-0.5 -log10(p)=2
-0.061801453450907	0.103773136371012	658	logFC=-0.25 -log10(p)=1
0.055466220378246	-0.0313153332366793	658	logFC=-0.5 -log10(p)=2
-0.010074471906233	-0.115559580062919	658	logFC=-0.25 -log10(p)=1
-0.00399461005871599	-0.151377277133388	658	logFC=-0.25 -log10(p)=1
-0.122594914847863	0.217245385161932	658	logFC=-0.5 -log10(p)=3
-0.0922586107390356	0.216474557666745	398	logFC=0 -log10(p)=0
-0.011649828786285	-0.192712056438644	398	logFC=-0.75 -log10(p)=4
-0.105603281489396	-0.422526325929105	398	logFC=-0.75 -log10(p)=5
0.0977084798947501	-0.344746881806723	398	logFC=-1.25 -log10(p)=7
-0.03351580290228	0.0937814401506154	398	logFC=-1 -log10(p)=5
-0.00616705867373102	-0.378369388318746	398	logFC=-0.5 -log10(p)=2
0.092685909744316	0.322162036023699	398	logFC=-0.25 -log10(p)=0
-0.029919099078053	-0.334447402376182	398	logFC=-0.25 -log10(p)=1
-0.016181004826703	-0.289279604446192	398	logFC=-0.5 -log10(p)=2
-0.042138498776164	-0.478613451918164	398	logFC=-0.5 -log10(p)=2
0.094597331032542	0.0956321752331029	398	logFC=-1 -log10(p)=4
-0.0563083484891001	-0.266391808026926	398	logFC=-1 -log10(p)=5
0.035476123762078	0.258423037139615	398	logFC=-0.75 -log10(p)=2
-0.03951962121845	-0.498071088691444	398	logFC=-0.5 -log10(p)=2
-0.07711804194462	-0.457065084191255	398	logFC=-1 -log10(p)=5
-0.00513837239282999	-0.375520545334423	398	logFC=-1 -log10(p)=4
0.110914484237231	0.0849930538125991	398	logFC=-0.75 -log10(p)=2
0.105141475812975	-0.089035538850378	398	logFC=-0.5 -log10(p)=1
-0.075138848805397	-0.284537608590906	398	logFC=-0.75 -log10(p)=3
0.122397867920427	-0.250218882270429	748	logFC=-0.75 -log10(p)=2
0.090750794293724	-0.0420623994980204	748	logFC=-0.5 -log10(p)=1
0.00165934825055	-0.487426796778115	748	logFC=-0.25 -log10(p)=1
0.082312182562492	0.00547048274635031	748	logFC=-0.5 -log10(p)=1
0.039884019387479	0.0278091027984857	748	logFC=-0.5 -log10(p)=1
0.052771215325054	0.0840197693010932	748	logFC=0 -log10(p)=0
0.0454870986946206	0.071077548535581	398	logFC=0 -log10(p)=0
0.075514242402874	0.0158910568329964	398	logFC=-0.5 -log10(p)=1
-0.060668665921272	0.0988169355906304	398	logFC=0 -log10(p)=0
0.113856739256632	0.476649492765777	608	logFC=-0.75 -log10(p)=15
-0.123192856836099	0.443795551977143	608	logFC=-0.25 -log10(p)=6
0.031106415333222	0.255551846262758	530	logFC=-0.25 -log10(p)=2
-0.114742431949649	-0.496471904445279	530	logFC=-0.25 -log10(p)=5
-0.068480491281508	0.345593619314136	530	logFC=-0.25 -log10(p)=3
-0.078455629456944	0.407866493496715	530	logFC=-0.5 -log10(p)=7
-0.116752864295567	-0.304970134731054	530	logFC=-0.5 -log10(p)=8
-0.00545846711921899	0.0278960482746076	530	logFC=-0.25 -log10(p)=2
-0.088117124019449	-0.0260366041676781	530	logFC=-0.25 -log10(p)=3
0.061422196549254	0.0615031956500274	902	logFC=-0.25 -log10(p)=1
0.00599936697510101	-0.474835681207082	902	logFC=-0.25 -log10(p)=2
0.0801843695639913	0.308825355676792	902	logFC=0 -log10(p)=0
0.00943059122476853	0.0261578110025767	902	logFC=0 -log10(p)=0
-0.00707072079856903	0.0172455249589113	658	logFC=0 -log10(p)=0
0.0944050928007449	0.270629532867073	658	logFC=0 -log10(p)=0
-0.024584375936367	0.0935863040806209	658	logFC=-0.25 -log10(p)=1
0.0280981544670313	0.0617345470701296	658	logFC=0 -log10(p)=0
0.00247127169497299	-0.0726081934482312	658	logFC=-0.25 -log10(p)=1
0.079265744299127	-0.10167877289416	658	logFC=-0.5 -log10(p)=2
0.097559821443895	-0.351644913903647	658	logFC=-0.5 -log10(p)=2
-0.036198690257409	0.154250016081286	658	logFC=-0.25 -log10(p)=1
-0.00500343410182702	-0.0939719895534136	658	logFC=-0.25 -log10(p)=1
-0.00766716910830201	0.290243389095892	658	logFC=-0.5 -log10(p)=2
-0.066449871427795	0.0694637731851806	658	logFC=-0.25 -log10(p)=1
-0.036986644003837	-0.0471242747656064	398	logFC=-0.75 -log10(p)=4
-0.105588844336476	-0.378900963722518	398	logFC=-0.5 -log10(p)=3
0.032479759684963	-0.286186495076727	398	logFC=-0.5 -log10(p)=2
-0.027790541993079	-0.28857305230505	398	logFC=-0.25 -log10(p)=1
-0.080224698994008	-0.33517322283231	398	logFC=-0.75 -log10(p)=4
0.04292302355675	0.467601247208977	398	logFC=-0.5 -log10(p)=1
0.017815238117924	0.254072115790809	398	logFC=-0.75 -log10(p)=3
-0.121014531636703	0.380473851785667	398	logFC=-0.5 -log10(p)=2
-0.097281628311014	-0.402404275351707	398	logFC=-0.75 -log10(p)=4
0.10902064463513	0.0887533237276201	398	logFC=-0.5 -log10(p)=1
0.00171047833534499	-0.024172233975654	398	logFC=-0.75 -log10(p)=3
-0.077527071035696	-0.139427883104378	398	logFC=-0.25 -log10(p)=1
0.064841254425777	0.274593799459646	398	logFC=-0.75 -log10(p)=2
0.099340243085018	0.247030321668984	398	logFC=-0.75 -log10(p)=2
-0.031279369674434	-0.370875988669371	398	logFC=-0.25 -log10(p)=1
-0.106296331336253	-0.216305146566548	748	logFC=-0.25 -log10(p)=1
0.100084569180499	0.248641637997472	748	logFC=-0.25 -log10(p)=0
0.010561275918787	0.0157509995086693	398	logFC=0 -log10(p)=0
-0.048339857521383	-0.195878138323864	398	logFC=-0.25 -log10(p)=1
0.088544499821569	0.160839671557028	398	logFC=-0.5 -log10(p)=1
0.118393532205794	0.238528210618477	398	logFC=-0.25 -log10(p)=0
-0.100805295859394	0.289899894882844	398	logFC=0.25 -log10(p)=0
-0.042213117752864	-0.247889023964357	398	logFC=-0.25 -log10(p)=1
-0.0425848326280201	0.0743955948780081	398	logFC=0 -log10(p)=0
0.09860631205742	0.314824636868804	398	logFC=-0.25 -log10(p)=0
0.0148454478597362	0.0231204592654118	398	logFC=0 -log10(p)=0
-0.046042943651576	-0.00498988906346476	608	logFC=-0.5 -log10(p)=12
-0.022306375435858	0.00121181919834346	608	logFC=-0.25 -log10(p)=4
-0.01908997659623	0.0784873682946747	530	logFC=-0.25 -log10(p)=3
0.09492330209239	0.0461755845817207	530	logFC=-0.5 -log10(p)=5
-0.113173872036076	0.134559515426288	530	logFC=-0.5 -log10(p)=9
0.025071748204671	-0.149888595848081	530	logFC=-0.5 -log10(p)=6
-0.0272931439143737	0.117610289634925	530	logFC=0 -log10(p)=0
0.063036102543313	0.312599040381213	530	logFC=-0.25 -log10(p)=1
-0.0233449156086778	0.0882018620389185	530	logFC=0 -log10(p)=0
0.044761272075845	0.248392660364661	902	logFC=-0.25 -log10(p)=1
0.0323612314039972	0.107965053357748	902	logFC=0 -log10(p)=0
0.122591485680859	0.47558035557509	902	logFC=0 -log10(p)=0
0.103817442520553	0.345334978956444	658	logFC=0 -log10(p)=0
0.01605869647855	0.0402032105798219	658	logFC=0 -log10(p)=0
0.043474439561103	-0.185257048198092	658	logFC=-0.25 -log10(p)=1
-0.049389767880055	-0.279800206992875	658	logFC=0.25 -log10(p)=1
0.0728360881416248	0.192294950765193	658	logFC=0 -log10(p)=0
0.102175674414224	0.446942808347913	658	logFC=-0.25 -log10(p)=0
0.036876482511129	-0.312313776497737	658	logFC=-0.25 -log10(p)=1
0.109910943063201	-0.0280186678598871	658	logFC=-0.5 -log10(p)=2
-0.0953559478940217	0.227054972347749	658	logFC=0 -log10(p)=0
0.07775102096215	0.467844842488307	658	logFC=-0.25 -log10(p)=0
0.081285664854037	-0.153166355527009	658	logFC=-0.5 -log10(p)=2
0.00142002363591498	-0.491616069899957	398	logFC=-0.75 -log10(p)=4
0.01436799130589	0.331997791868943	398	logFC=-0.75 -log10(p)=3
-0.0774702404682354	0.147474276606273	398	logFC=0 -log10(p)=0
-0.05769902962309	0.196508278602379	398	logFC=-0.5 -log10(p)=2
-0.022054433368728	-0.27780017613047	398	logFC=-0.25 -log10(p)=1
0.067901090984925	-0.497286040822848	398	logFC=-0.75 -log10(p)=3
-0.073578870404718	-0.190014458953115	398	logFC=-0.75 -log10(p)=4
0.045358859254186	0.49925268078721	398	logFC=-0.5 -log10(p)=1
0.063142657277342	-0.24760300419103	398	logFC=-0.75 -log10(p)=3
-0.017738483874652	-0.266282818546643	398	logFC=-0.5 -log10(p)=2
-0.06388210307632	0.0909103762599424	398	logFC=-0.75 -log10(p)=3
-0.065958980657741	-0.0611061638536981	398	logFC=-0.5 -log10(p)=2
-0.108440786706804	-0.0347377217527045	398	logFC=-0.75 -log10(p)=3
-0.037439656329782	0.219908095825915	398	logFC=-0.75 -log10(p)=3
0.071402167595326	0.0209028921199685	398	logFC=-0.5 -log10(p)=1
-0.094052853938811	-0.114598682132197	398	logFC=-0.25 -log10(p)=1
0.050752771070021	0.36276560188585	398	logFC=-0.25 -log10(p)=0
0.119152047897934	0.210889220180622	398	logFC=-0.25 -log10(p)=0
0.092099880692918	0.0350243695116448	398	logFC=-0.5 -log10(p)=1
-0.0711091936944867	0.113374623171766	398	logFC=0 -log10(p)=0
0.029419683054872	0.488331646059723	398	logFC=-0.25 -log10(p)=0
0.084881975402121	-0.252447771445366	398	logFC=0.25 -log10(p)=1
0.0500822055555355	0.087658803678832	398	logFC=0 -log10(p)=0
0.103188482326983	0.191965674256136	398	logFC=0 -log10(p)=0
0.049884956330489	-0.213642670652298	398	logFC=0.25 -log10(p)=1
-0.08142680684933	0.322139375456342	398	logFC=0.25 -log10(p)=0
-0.075181662839523	-0.122463281702002	398	logFC=-0.25 -log10(p)=1
-0.093411493927725	-0.282904733105283	608	logFC=-0.5 -log10(p)=14
0.086333086318224	0.247087761758507	608	logFC=-0.5 -log10(p)=7
-0.095020807435384	-0.252487331622667	530	logFC=-0.5 -log10(p)=11
-0.0414852203141181	-0.413063589431992	530	logFC=-0.75 -log10(p)=15
-0.038981092594122	0.0912324070728037	530	logFC=-0.5 -log10(p)=8
0.020476651488893	0.0652894376794038	530	logFC=-0.25 -log10(p)=2
0.001082458114537	-0.470981864120381	530	logFC=-0.5 -log10(p)=7
-0.064733064838381	-0.290445186674186	530	logFC=-0.25 -log10(p)=3
-0.112883824842696	-0.000947133302980241	530	logFC=-0.25 -log10(p)=3
0.119860572085337	-0.354236297426389	530	logFC=-0.25 -log10(p)=1
0.116410602640339	0.488968048368119	902	logFC=0 -log10(p)=0
-0.100579326316176	0.352086723043989	902	logFC=0 -log10(p)=0
-0.0532583853327975	0.155837764788201	902	logFC=0 -log10(p)=0
0.0912205548436298	0.27444007190029	658	logFC=0 -log10(p)=0
-0.0275230854337179	0.0694744328366326	658	logFC=0 -log10(p)=0
-0.115673578088037	0.366196449587259	658	logFC=0 -log10(p)=0
0.053098108398486	0.202369756391181	658	logFC=-0.5 -log10(p)=2
0.0542002344528629	0.129083702840528	658	logFC=0 -log10(p)=0
-0.080601007984021	0.497152002355958	658	logFC=-0.25 -log10(p)=1
0.078503642260193	-0.425717103277051	658	logFC=-0.25 -log10(p)=1
0.086378524375655	0.494777042126211	658	logFC=-0.25 -log10(p)=0
-0.107463976888838	0.336967794675983	658	logFC=-0.5 -log10(p)=3
-0.061363133058519	-0.209161461047788	398	logFC=-0.75 -log10(p)=5
-0.015229509067721	-0.144121228644597	398	logFC=-0.75 -log10(p)=4
0.08243575536619	0.388460299699428	398	logFC=-0.25 -log10(p)=0
-0.051646567941083	-0.131952155307929	398	logFC=-0.25 -log10(p)=1
-0.100239264961501	0.0636641391130188	398	logFC=-0.25 -log10(p)=1
0.062435943129036	0.20698165933946	398	logFC=-0.75 -log10(p)=3
-0.085487737355046	0.154457252789901	398	logFC=-0.5 -log10(p)=2
0.097716734982658	-0.160708976816832	398	logFC=-0.75 -log10(p)=3
0.079526996822161	0.40844661781083	398	logFC=-0.5 -log10(p)=1
-0.037702462317982	-0.224130372317654	398	logFC=-0.5 -log10(p)=2
0.002820233977611	-0.403649825477881	398	logFC=-0.5 -log10(p)=2
-0.064035388885619	0.435138222259909	398	logFC=-0.75 -log10(p)=3
0.080127441327264	0.0681335868182305	398	logFC=-0.75 -log10(p)=2
-0.057644023407899	0.086745686451478	398	logFC=-0.75 -log10(p)=3
0.04635922133231	0.412420897302714	398	logFC=-0.75 -log10(p)=2
-0.037603669680113	-0.405890667141629	398	logFC=-0.25 -log10(p)=1
-0.118246507697941	-0.259351710596522	398	logFC=-0.25 -log10(p)=1
0.121400585417913	-0.0831931294556553	398	logFC=-0.5 -log10(p)=1
-0.014412077964229	-0.390376035227379	398	logFC=-0.25 -log10(p)=1
0.076012017072336	0.0799546999549832	398	logFC=-0.5 -log10(p)=1
-0.059440431574566	0.38683998365499	398	logFC=0.25 -log10(p)=0
-0.027291420745273	-0.480997607286543	398	logFC=0.25 -log10(p)=1
0.117884184145338	0.252874190121187	398	logFC=0 -log10(p)=0
0.011549024478965	-0.38729429171797	398	logFC=0.25 -log10(p)=1
-0.049106480099459	-0.239758248441272	398	logFC=-0.25 -log10(p)=1
-0.091147424206865	0.327718970527999	398	logFC=0.25 -log10(p)=0
0.069387614345069	0.380143565333375	398	logFC=-0.25 -log10(p)=0
0.095965371029062	-0.0212927877694431	398	logFC=0.25 -log10(p)=1
-0.048277647234339	0.422619639795478	608	logFC=-0.75 -log10(p)=19
0.11517244053292	-0.358824803567019	608	logFC=-0.5 -log10(p)=7
0.071778043231185	0.199323616742651	530	logFC=-0.75 -log10(p)=13
0.055761618780583	0.413582450444101	530	logFC=-0.5 -log10(p)=6
-0.049869307822572	0.292237998222225	530	logFC=0 -log10(p)=0
-0.072682857108978	-0.120736337697364	530	logFC=-0.25 -log10(p)=4
0.107319104781464	-0.342906176720195	530	logFC=0 -log10(p)=1
-0.016638336634004	0.0639148789386512	530	logFC=0 -log10(p)=0
-0.045290706356276	0.343182219792026	530	logFC=0.25 -log10(p)=1
-0.081591385923383	0.347304304871631	902	logFC=0.5 -log10(p)=3
-0.061076479484818	-0.159136198111722	902	logFC=0.25 -log10(p)=1
0.030492269994773	0.33991680789458	902	logFC=0.25 -log10(p)=1
-0.0127535341108842	0.0334340095350365	902	logFC=0 -log10(p)=0
0.075669795689856	0.497558811616827	658	logFC=0.25 -log10(p)=1
-0.0531991097979667	0.150031048660143	658	logFC=0 -log10(p)=0
0.0658024995373494	0.172257769434072	658	logFC=0 -log10(p)=0
-0.0447835623803465	0.116354974845271	658	logFC=0 -log10(p)=0
-0.0990849254982736	0.303089758213491	658	logFC=0 -log10(p)=0
0.10785790404026	0.33281442728387	658	logFC=0 -log10(p)=0
-0.085903703165538	-0.457960234006307	658	logFC=0.25 -log10(p)=1
-0.12085855996333	0.368703623739488	658	logFC=0 -log10(p)=0
-0.051804708177659	-0.274914408063486	398	logFC=-0.75 -log10(p)=5
-0.121738986800463	0.242321161114891	398	logFC=-0.25 -log10(p)=1
-0.0168542774032137	0.0292805660148866	398	logFC=0 -log10(p)=0
-0.046951269687395	-0.174242514197442	398	logFC=-0.25 -log10(p)=1
-0.044333039469204	0.292681231673742	398	logFC=-0.5 -log10(p)=2
-0.08685231744207	0.0462444824153336	398	logFC=-0.25 -log10(p)=1
0.032750075367603	-0.45230128809944	398	logFC=-0.25 -log10(p)=1
0.082979416788065	-0.127117855994439	398	logFC=-0.75 -log10(p)=3
0.00861497448988802	-0.173151411434942	398	logFC=-0.5 -log10(p)=2
0.075006158806348	0.22434116011008	398	logFC=-0.5 -log10(p)=1
0.0849675323086641	-0.483458988699461	398	logFC=-0.75 -log10(p)=3
-0.00338615296909905	-0.242748849255224	398	logFC=-0.5 -log10(p)=2
0.073778066568107	-0.00521347174244835	398	logFC=-0.5 -log10(p)=1
-0.0364496901210291	-0.225278121359908	398	logFC=-0.5 -log10(p)=2
0.059427340305413	0.181901643918677	398	logFC=-0.5 -log10(p)=1
-0.049386822734794	-0.277229682408773	398	logFC=-0.5 -log10(p)=2
-0.082185751019967	-0.405455937616162	398	logFC=-0.5 -log10(p)=2
-0.119394571523564	0.206690159724679	398	logFC=0 -log10(p)=0
-0.038431441939902	0.0610790681079683	398	logFC=0 -log10(p)=0
0.0798574273606592	0.13437028129521	398	logFC=0 -log10(p)=0
-0.116791086578399	0.023948862141802	398	logFC=0.5 -log10(p)=1
0.015544580054961	-0.313877249472001	398	logFC=0.25 -log10(p)=1
0.11676746246477	-0.0906683202404643	398	logFC=0.25 -log10(p)=1
-0.119503743453023	-0.0108956867341519	398	logFC=0.5 -log10(p)=1
-0.066960604313631	0.395057994222543	398	logFC=0.25 -log10(p)=0
-3.86854262225471e-05	0.000196033763816751	398	logFC=0 -log10(p)=0
0.054381790110571	-0.176729360204962	398	logFC=0.25 -log10(p)=1
-0.0877891316167058	0.158412859970835	398	logFC=0 -log10(p)=0
-0.061069241648006	-0.282777156094288	398	logFC=-0.25 -log10(p)=1
0.00141756428798001	0.115377049425113	608	logFC=-0.75 -log10(p)=18
-0.095472220828108	0.0133451573254533	608	logFC=-0.5 -log10(p)=12
0.053396224440411	-0.263407593194117	530	logFC=-0.75 -log10(p)=14
0.050833667746298	-0.300095010131789	530	logFC=-0.5 -log10(p)=8
-0.085460601006187	-0.0514174547432997	530	logFC=-0.5 -log10(p)=10
0.061722420649521	0.395023056872375	530	logFC=-0.5 -log10(p)=5
-0.085615220904151	0.253420238659142	530	logFC=-0.25 -log10(p)=3
0.0619342482465332	0.284844772515171	530	logFC=0 -log10(p)=0
0.124454054271534	-0.394514788058455	530	logFC=0 -log10(p)=1
0.0719796854952128	0.259957357441182	902	logFC=0 -log10(p)=0
0.022195998335133	0.428940502894617	902	logFC=0.25 -log10(p)=1
0.121605653233533	0.457935085937345	902	logFC=0 -log10(p)=0
-0.022488715855511	-0.0628152806252521	658	logFC=0.25 -log10(p)=1
0.035983894222636	-0.122528475252061	658	logFC=-0.25 -log10(p)=1
0.085238346916731	-0.439816655106873	658	logFC=-0.25 -log10(p)=1
-0.0354059284465027	0.0907434165725089	658	logFC=0 -log10(p)=0
-0.0293035917706827	0.0778859298974167	658	logFC=0 -log10(p)=0
0.0755974033146046	0.210850250555334	658	logFC=0 -log10(p)=0
-0.091337262632297	-0.43541785172034	658	logFC=-0.25 -log10(p)=2
0.105475710204096	0.463138447229117	658	logFC=-0.25 -log10(p)=0
0.046431182641572	0.218725851364862	658	logFC=-0.5 -log10(p)=2
-0.0645530588735061	0.177749757908675	398	logFC=-0.5 -log10(p)=2
0.01826446376823	-0.338792566635244	398	logFC=-0.25 -log10(p)=1
-0.0759808525639962	0.165156931896461	398	logFC=0 -log10(p)=0
-0.0941617924887001	-0.0880373339412435	398	logFC=-0.5 -log10(p)=3
0.0608413706357	-0.343974279243418	398	logFC=-0.5 -log10(p)=2
-0.038832891790375	0.298096954361768	398	logFC=-0.5 -log10(p)=2
-0.028353922805021	0.256159466570416	398	logFC=-0.5 -log10(p)=2
-0.08022698071555	0.497313172753402	398	logFC=-0.5 -log10(p)=2
-0.104683110589258	0.462623728486577	398	logFC=-0.5 -log10(p)=2
-0.109943242651239	0.139002415104728	398	logFC=-0.25 -log10(p)=1
-0.061020400976065	-0.0719014499621582	398	logFC=-0.25 -log10(p)=1
-0.00652272686187547	0.0103604962962082	398	logFC=0 -log10(p)=0
-0.113687870335606	0.2681488196268	398	logFC=-0.5 -log10(p)=2
-0.106824415723822	-0.00876446952552634	398	logFC=-0.25 -log10(p)=1
-0.012613527680098	-0.0150215207122382	398	logFC=-0.75 -log10(p)=3
-0.031998595046746	-0.429250164859344	398	logFC=-0.25 -log10(p)=1
0.055677168511376	-0.301010010507891	398	logFC=0.25 -log10(p)=1
0.00441506139303434	0.00709184140609978	398	logFC=0 -log10(p)=0
0.012961399077359	0.0207819825066052	398	logFC=0 -log10(p)=0
0.0870954220186974	0.163932693271046	398	logFC=0 -log10(p)=0
-0.0108310421477441	0.0181920491781907	398	logFC=0 -log10(p)=0
-0.095538906868097	0.322174266106903	398	logFC=0.25 -log10(p)=0
-0.124870765426461	0.246524005051062	398	logFC=0 -log10(p)=0
-0.1120702163286	0.287146938043163	398	logFC=0.25 -log10(p)=0
0.047739422582762	-0.148974000242641	398	logFC=0.25 -log10(p)=1
-0.00714315449876975	0.0112422138064564	398	logFC=0 -log10(p)=0
0.0474012532460676	0.0846109982159786	398	logFC=0 -log10(p)=0
-0.019743185803444	-0.498637762401163	398	logFC=0.25 -log10(p)=1
-0.0824430697535895	0.145513544367598	398	logFC=0 -log10(p)=0
-0.10151161568334	0.148565362148887	608	logFC=-0.5 -log10(p)=14
0.113615311886415	0.232857911025679	608	logFC=-0.5 -log10(p)=7
-0.026633483943044	0.24404366992662	530	logFC=-0.5 -log10(p)=10
0.07344592544643	-0.0178529996208479	530	logFC=-0.75 -log10(p)=13
-0.010129853472983	-0.453535169553865	530	logFC=-0.5 -log10(p)=8
0.07209434647551	0.0296820981010368	530	logFC=-0.5 -log10(p)=5
-0.040907935349883	-0.352116456333607	530	logFC=-0.25 -log10(p)=3
0.00956105561654	-0.445539405403974	530	logFC=-0.25 -log10(p)=2
0.097980782837542	-0.294053570080925	902	logFC=-0.25 -log10(p)=1
-0.104254587442637	0.387927240282417	902	logFC=0 -log10(p)=0
-0.0468617651015418	0.161350347476241	902	logFC=0 -log10(p)=0
0.0736721901863465	0.239434073937815	902	logFC=0 -log10(p)=0
0.107216298472242	-0.431901569996118	902	logFC=-0.25 -log10(p)=1
-0.0781478432229239	0.257947099037385	902	logFC=0 -log10(p)=0
0.012815167426628	0.102549257124049	902	logFC=-0.25 -log10(p)=1
0.029293857718553	0.0372046406000963	902	logFC=-0.25 -log10(p)=1
-0.0997808351524173	0.352536478686383	902	logFC=0 -log10(p)=0
0.0694071789980055	0.219568121136169	902	logFC=0 -log10(p)=0
-0.048602739079135	-0.290749594849329	902	logFC=-0.25 -log10(p)=2
-0.043773390700578	0.127909736040236	902	logFC=-0.5 -log10(p)=4
0.115005395078176	0.421900051028865	414	logFC=-0.25 -log10(p)=0
-0.0344525385614552	0.0825723222968354	414	logFC=0 -log10(p)=0
0.045547902913061	-0.384717536558564	398	logFC=-0.25 -log10(p)=1
-0.023910270525851	-0.0969113304838864	414	logFC=-0.5 -log10(p)=3
-0.080330044438418	-0.14696429454491	398	logFC=-0.5 -log10(p)=3
0.00081657433582899	-0.0436418995559003	414	logFC=-0.25 -log10(p)=1
-0.059594614832945	0.160349825974238	414	logFC=-0.25 -log10(p)=1
0.067647279545875	-0.438653318551334	414	logFC=-0.25 -log10(p)=1
0.109448775566444	0.36591452382592	414	logFC=-0.25 -log10(p)=0
0.047171528858569	-0.107413787444424	414	logFC=-0.5 -log10(p)=2
0.055816576871248	-0.392894059343445	414	logFC=-0.25 -log10(p)=1
-0.04222777585625	-0.0775219304492341	414	logFC=-0.25 -log10(p)=1
-0.081105233971744	0.199547690193601	414	logFC=0 -log10(p)=0
0.0350971743119732	0.0716707447237157	414	logFC=0 -log10(p)=0
0.036561569238285	-0.409177815601988	414	logFC=-0.25 -log10(p)=1
-0.0816808567358264	0.15476965402181	414	logFC=0 -log10(p)=0
-0.041952026341174	-0.459102092478509	414	logFC=0.25 -log10(p)=1
-0.00301816771111434	0.00572577449664167	414	logFC=0 -log10(p)=0
0.00309484313102501	-0.278560608369494	414	logFC=-0.25 -log10(p)=1
-0.059714658583492	-0.47066674686072	414	logFC=0.25 -log10(p)=1
-0.121326412191482	0.292632153709226	414	logFC=0.25 -log10(p)=0
0.0361267465067144	0.0740970037280979	414	logFC=0 -log10(p)=0
-0.0321887623096522	0.0601783554445202	414	logFC=0 -log10(p)=0
-0.0459114287040118	0.0904418380142347	414	logFC=0 -log10(p)=0
-0.056798725070338	-0.433095777635546	414	logFC=0.25 -log10(p)=1
0.0778778822737714	0.183264281222355	414	logFC=0 -log10(p)=0
-0.108321981255817	0.253262117855303	414	logFC=0 -log10(p)=0
0.0803935452563788	0.169906713047999	414	logFC=0 -log10(p)=0
0.114338608584236	0.253559133385189	414	logFC=0 -log10(p)=0
-0.092259215622175	0.292937925727344	748	logFC=0.25 -log10(p)=0
-0.096665965314167	0.408683261794414	608	logFC=-0.5 -log10(p)=14
-0.018037668356074	0.186656134783856	608	logFC=-0.5 -log10(p)=10
-0.002001814844106	-0.0763467468199686	530	logFC=-0.75 -log10(p)=14
0.113176822696285	-0.352067138938031	530	logFC=-0.75 -log10(p)=11
-0.083069214437798	0.177340199093054	530	logFC=-0.5 -log10(p)=8
0.00399488993231401	0.0133136807984786	530	logFC=-0.25 -log10(p)=2
-0.0526625931648256	0.208906782187774	530	logFC=0 -log10(p)=0
0.069947364646143	0.380911799810027	902	logFC=-0.5 -log10(p)=3
-0.0494636460163094	0.161940136435463	902	logFC=0 -log10(p)=0
0.035111216016003	0.087808784391135	902	logFC=-0.25 -log10(p)=1
-0.113265934807635	0.405285288947778	902	logFC=0 -log10(p)=0
-0.0788918521286682	0.261996030369015	902	logFC=0 -log10(p)=0
0.100079725336949	-0.376303715923215	902	logFC=-0.25 -log10(p)=1
0.104368907901627	-0.415339604791953	902	logFC=-0.25 -log10(p)=1
0.026778952953443	0.113724208067123	902	logFC=-0.25 -log10(p)=1
0.106928679120465	-0.458172723662571	902	logFC=-0.25 -log10(p)=1
-0.0243969744708867	0.068336648587204	902	logFC=0 -log10(p)=0
-0.00778887424170399	0.380199257277079	902	logFC=-0.25 -log10(p)=1
0.123685495544082	0.194156750943084	902	logFC=-0.5 -log10(p)=2
0.082275402864133	-0.447637135798637	414	logFC=-0.25 -log10(p)=1
0.00111571809232	-0.13688507228357	414	logFC=-0.25 -log10(p)=1
0.080176084233982	0.484846769654525	398	logFC=-0.25 -log10(p)=0
0.115308586117693	0.410082949468117	414	logFC=-0.25 -log10(p)=0
-0.120522926799251	-0.396181436862528	414	logFC=-0.25 -log10(p)=2
-0.031505593020195	-0.157881436730092	414	logFC=-0.5 -log10(p)=3
0.029059083662563	0.256134072588792	414	logFC=-0.5 -log10(p)=2
0.067026341095841	-0.0359318371065145	414	logFC=-0.5 -log10(p)=2
-0.094240126367101	0.260511694447328	414	logFC=-0.25 -log10(p)=1
0.023688099354268	-0.315715945176941	414	logFC=-0.25 -log10(p)=1
0.063387829259704	-0.450107319088297	414	logFC=-0.25 -log10(p)=1
-0.026446013584376	-0.163906621216174	414	logFC=-0.25 -log10(p)=1
-0.043580305421361	-0.0634423043373323	414	logFC=-0.25 -log10(p)=1
0.0205982644784957	0.0408856039335928	414	logFC=0 -log10(p)=0
0.033469395600918	-0.407770797168757	414	logFC=-0.25 -log10(p)=1
-0.124014337551268	0.271586051972545	414	logFC=0.25 -log10(p)=0
0.0379556317300624	0.0693376625198715	414	logFC=0 -log10(p)=0
-0.0095846535396876	0.0172579178051649	414	logFC=0 -log10(p)=0
0.025604514446609	-0.390566397564706	414	logFC=-0.25 -log10(p)=1
-0.116672815330226	0.433647850968208	414	logFC=0.5 -log10(p)=1
-0.0303899872558568	0.0564219424418767	414	logFC=0 -log10(p)=0
0.013040887174455	-0.3647982097471	414	logFC=-0.25 -log10(p)=1
0.1021254730945	0.353149725941317	414	logFC=-0.25 -log10(p)=0
-0.0992760767323208	0.241706883987032	414	logFC=0 -log10(p)=0
0.071546555180969	-0.478665949577028	414	logFC=-0.25 -log10(p)=1
0.09523866028245	0.406275715763626	414	logFC=-0.5 -log10(p)=1
0.06572747396944	0.497364198305197	414	logFC=-0.25 -log10(p)=0
0.114758847610832	-0.493919620567238	414	logFC=0.5 -log10(p)=3
0.0120180458596024	0.0207260441085311	414	logFC=0 -log10(p)=0
0.000561569832775999	-0.490712563301245	748	logFC=0.25 -log10(p)=1
0.114886558772291	-0.176650045420156	748	logFC=0.25 -log10(p)=1
0.035782688531977	-0.205141271665468	608	logFC=-0.75 -log10(p)=18
-0.048961058472355	0.384887841235853	608	logFC=-0.5 -log10(p)=11
0.070855841296921	-0.0795695890670674	530	logFC=-0.5 -log10(p)=7
0.086364040787389	-0.262105367493054	530	logFC=-0.5 -log10(p)=6
0.0956720223296362	-0.400954736745971	530	logFC=0 -log10(p)=1
-0.062547508969942	0.342879539491903	530	logFC=0.25 -log10(p)=1
-0.0325937868482755	0.118861567024756	902	logFC=0 -log10(p)=0
0.062418085334815	0.23655448033987	902	logFC=0 -log10(p)=0
-0.108968610880084	-0.312202223683936	902	logFC=0.25 -log10(p)=1
-0.116157417344433	-0.437469778380008	902	logFC=0.25 -log10(p)=1
-0.117218468489218	-0.404081928545921	902	logFC=0.25 -log10(p)=1
0.017654366927698	-0.476134220524793	902	logFC=0.25 -log10(p)=2
-0.064517623417696	-0.173312080415411	902	logFC=0.25 -log10(p)=1
0.0275237507669177	0.0858827725401351	902	logFC=0 -log10(p)=0
-0.103289021938964	-0.398254565609725	902	logFC=0.25 -log10(p)=1
0.058679845350121	-0.285375713766532	902	logFC=0.25 -log10(p)=2
-0.0275143945481459	0.0796296551783831	902	logFC=0 -log10(p)=0
0.050250606847415	-0.140527474609233	902	logFC=-0.25 -log10(p)=1
0.113040552099034	-0.235420731451031	414	logFC=-0.5 -log10(p)=2
-0.118174496299112	0.377020733782535	414	logFC=0.25 -log10(p)=0
-0.006414199303765	0.012608868457384	398	logFC=0 -log10(p)=0
0.070400072779037	-0.431845053468857	414	logFC=-0.25 -log10(p)=1
0.026142240166836	-0.0519496830940815	414	logFC=-0.5 -log10(p)=2
-0.00740518837500098	-0.166505584364243	414	logFC=-0.25 -log10(p)=1
-0.0920792035676	0.401642133413036	414	logFC=-0.25 -log10(p)=1
-0.082149433083309	-0.0641905676571888	414	logFC=-0.5 -log10(p)=3
0.03550861175697	-0.378703086690549	414	logFC=-0.25 -log10(p)=1
0.103501028256925	0.395599070180757	414	logFC=-0.5 -log10(p)=1
-0.0199104132089192	0.0399483233861551	414	logFC=0 -log10(p)=0
0.063864616669998	0.428013397767995	414	logFC=-0.25 -log10(p)=0
0.046509483487752	-0.190218865973834	414	logFC=-0.5 -log10(p)=2
-0.01414839573844	-0.242539537535397	414	logFC=-0.25 -log10(p)=1
-0.00135710207365503	-0.168105895419021	414	logFC=-0.5 -log10(p)=2
0.104885812863744	0.313245491161619	414	logFC=-0.25 -log10(p)=0
0.102166533231731	0.206765683230497	414	logFC=0 -log10(p)=0
0.105777139644255	0.230303635732082	414	logFC=0 -log10(p)=0
-0.046076139293775	-0.191465968775801	414	logFC=-0.25 -log10(p)=1
-0.086732079630828	0.394973991901057	414	logFC=0.25 -log10(p)=0
-0.00299918538520799	-0.351740536491654	414	logFC=0.25 -log10(p)=1
0.058898415245351	-0.0961051063466026	414	logFC=0.25 -log10(p)=1
-0.097634604994026	0.354264051721789	414	logFC=0.25 -log10(p)=0
0.068294736220329	-0.0515822555658243	414	logFC=0.25 -log10(p)=1
0.0141863484481496	0.0262875124296647	414	logFC=0 -log10(p)=0
0.092311460578703	0.387058731073022	414	logFC=-0.25 -log10(p)=0
-0.0415476968348775	0.0813226295353868	414	logFC=0 -log10(p)=0
0.090713016680273	0.321161663949646	152	logFC=-0.25 -log10(p)=0
0.053162524568098	0.0937861210088779	152	logFC=0 -log10(p)=0
0.013922949289457	0.48455331375983	748	logFC=0.25 -log10(p)=0
0.0695446547037982	0.112705863874421	748	logFC=0 -log10(p)=0
-0.011597136008513	-0.433483715072611	748	logFC=-0.25 -log10(p)=1
-0.027415544724726	-0.000763711772011178	608	logFC=-0.5 -log10(p)=12
0.10505939569495	0.0740950744639344	608	logFC=-0.5 -log10(p)=7
0.086984673034695	-0.311435053767241	530	logFC=-0.5 -log10(p)=7
0.0308882595271737	0.166091607969971	530	logFC=0 -log10(p)=0
-0.097030802541134	0.118926619995831	530	logFC=0.25 -log10(p)=1
-0.0830803448221783	0.406679828348844	530	logFC=0 -log10(p)=0
-0.0611193696558042	0.26369846345863	530	logFC=0 -log10(p)=0
0.119444903525473	-0.370054560661514	530	logFC=0 -log10(p)=1
0.036272381344377	0.0013273603598285	902	logFC=0.25 -log10(p)=2
0.062180558522453	0.173877856465038	902	logFC=0.25 -log10(p)=2
0.039752134630284	-0.0204902441594952	902	logFC=0.25 -log10(p)=2
-0.089582797465888	-0.218823384798429	902	logFC=0.25 -log10(p)=1
-0.076872782177129	-0.0795385786315651	902	logFC=0.25 -log10(p)=1
0.073770543404762	0.277348065563472	902	logFC=0.25 -log10(p)=2
-0.049333636931976	0.0720967387580864	902	logFC=0.25 -log10(p)=1
0.114754172541426	0.496778113895485	902	logFC=0 -log10(p)=0
0.055923285671329	0.246988747165913	902	logFC=-0.5 -log10(p)=3
0.095538779164891	-0.432300177169771	414	logFC=-0.25 -log10(p)=1
-0.066705665126644	-0.352803772468987	414	logFC=0.25 -log10(p)=1
0.0246939123906669	0.0601916512193121	414	logFC=0 -log10(p)=0
0.1238557103042	0.394436309342567	414	logFC=0 -log10(p)=0
0.03341604429942	-0.211375219163026	414	logFC=-0.25 -log10(p)=1
-0.098207866401096	0.403078211429184	414	logFC=-0.25 -log10(p)=1
0.054454380901606	0.28963587229012	414	logFC=-0.5 -log10(p)=2
-0.061470159403559	0.221863092953815	414	logFC=-0.25 -log10(p)=1
-0.0403494810158295	0.0908528551768357	414	logFC=0 -log10(p)=0
-0.012660326521369	-0.111219036117215	414	logFC=-0.25 -log10(p)=1
0.043712023477526	-0.388637319149501	414	logFC=-0.25 -log10(p)=1
-0.0426956610846	-0.0435658022851718	414	logFC=-0.25 -log10(p)=1
0.00630413959592908	0.0124217850201304	414	logFC=0 -log10(p)=0
-0.121144823618463	0.297241670163211	414	logFC=0 -log10(p)=0
-0.072322341276973	-0.0374331940935646	414	logFC=-0.25 -log10(p)=1
-0.076617407840236	-0.0175097682677445	414	logFC=-0.25 -log10(p)=1
-0.0463605334169494	0.0873432617228347	414	logFC=0 -log10(p)=0
-0.037172532650566	-0.469067723522892	414	logFC=0.25 -log10(p)=1
0.10224972880863	0.216421800847899	414	logFC=0 -log10(p)=0
0.00460695563232699	-0.267532531086271	414	logFC=0.25 -log10(p)=1
-0.068746103516393	0.463043350903396	414	logFC=0.25 -log10(p)=0
0.04308881610593	-0.094826272562858	414	logFC=0.25 -log10(p)=1
-0.00342372830630799	-0.300881407673365	414	logFC=0.25 -log10(p)=1
0.037141424408393	-0.0613892301897145	414	logFC=0.25 -log10(p)=1
0.103034216949031	0.222233291080403	414	logFC=0 -log10(p)=0
-0.0407173219701222	0.0916556743459829	414	logFC=0 -log10(p)=0
0.116294673858002	0.317660718831358	414	logFC=-0.25 -log10(p)=0
-0.057962394233183	0.433093102765774	152	logFC=0.25 -log10(p)=0
-0.023235706298785	-0.275989124647109	152	logFC=-0.25 -log10(p)=1
0.043371857231752	0.379589990415973	748	logFC=-0.25 -log10(p)=0
0.0151923454621373	0.0245982090403672	748	logFC=0 -log10(p)=0
0.082302646319369	0.0759345192736314	748	logFC=-0.5 -log10(p)=1
-0.040216559659462	-0.0666632667722865	136	logFC=0.75 -log10(p)=1
-0.00913165431265906	0.39574479025034	608	logFC=-0.75 -log10(p)=18
0.00707172059682701	0.401768839786872	608	logFC=-0.25 -log10(p)=3
0.109451437219573	0.251543093275985	530	logFC=-0.25 -log10(p)=1
-0.0528844038904032	0.283968599310908	530	logFC=0 -log10(p)=0
0.115956807259658	-0.00823541237014158	530	logFC=-0.5 -log10(p)=4
0.034955992077784	-0.475008944952877	530	logFC=-0.25 -log10(p)=2
0.00262005962477199	-0.171239162166798	530	logFC=-0.25 -log10(p)=2
0.067647397516136	0.0281616617974987	902	logFC=-0.25 -log10(p)=1
0.102610702844511	0.472595494484584	902	logFC=0 -log10(p)=0
0.037880652257446	-0.351946664747739	902	logFC=0.5 -log10(p)=6
-0.052830814469609	0.0680340238379449	902	logFC=0.25 -log10(p)=1
0.0972680951987004	0.416410519117946	902	logFC=0 -log10(p)=0
0.100034664982205	0.477189968717585	902	logFC=0.25 -log10(p)=2
0.0234868821380054	0.0716983130320994	902	logFC=0 -log10(p)=0
-0.102286000299528	0.398383318086001	902	logFC=-0.25 -log10(p)=2
0.00346004460633498	-0.204388328546792	902	logFC=-0.5 -log10(p)=4
-0.00517879273391797	0.117053816453446	414	logFC=-0.5 -log10(p)=3
-0.0877259377511529	0.259003347622414	414	logFC=0 -log10(p)=0
0.0231603294608724	0.0533957629629254	414	logFC=0 -log10(p)=0
0.0686867233369288	0.196549523489663	414	logFC=0 -log10(p)=0
0.051862247244515	0.15499387261326	414	logFC=0.25 -log10(p)=1
0.085182581439616	0.249229747223221	414	logFC=-0.75 -log10(p)=4
-0.034888025473616	0.123760057367482	414	logFC=-0.25 -log10(p)=1
-0.044914166588268	0.104514857158613	414	logFC=-0.25 -log10(p)=1
-0.0328088846306188	0.0670572538228359	414	logFC=0 -log10(p)=0
-0.0908189131526841	0.197709631799149	414	logFC=0 -log10(p)=0
-0.01369496561005	0.250992212081953	414	logFC=-0.5 -log10(p)=2
0.0564679840418603	0.109553159493137	414	logFC=0 -log10(p)=0
0.046947489477304	-0.467938947004479	414	logFC=-0.75 -log10(p)=4
0.121269881396441	0.287235384075748	414	logFC=-0.25 -log10(p)=0
-0.102507023423787	0.0606776502043593	414	logFC=-0.25 -log10(p)=1
-0.040309305884853	-0.249683850201412	414	logFC=-0.25 -log10(p)=1
-0.084251698665683	0.379840540360904	414	logFC=0.25 -log10(p)=0
-0.110493033382352	0.231490569378784	414	logFC=0 -log10(p)=0
0.0633662590711707	0.126824126475699	414	logFC=0 -log10(p)=0
0.0865628690201894	0.184929052590623	414	logFC=0 -log10(p)=0
-0.075020541706419	0.398637395137942	414	logFC=0.25 -log10(p)=0
-0.00742041472687205	0.0139236406621804	414	logFC=0 -log10(p)=0
-0.087923510998456	0.385312853626695	414	logFC=0.25 -log10(p)=0
0.0758138680456893	0.162388564190804	414	logFC=0 -log10(p)=0
-0.0967663706007063	0.220102030132177	414	logFC=0 -log10(p)=0
0.117650659597994	0.347603900016854	414	logFC=-0.5 -log10(p)=1
0.100465447426588	0.230815299549733	414	logFC=-0.5 -log10(p)=1
0.010874081127697	-0.463793508212647	152	logFC=-0.25 -log10(p)=1
-0.044815638568449	-0.271574112398651	152	logFC=-0.25 -log10(p)=1
0.076197017125032	0.305636714116658	748	logFC=-0.25 -log10(p)=0
0.041708584593386	0.132572157878954	748	logFC=-0.5 -log10(p)=1
0.115243828460146	0.221065641066748	748	logFC=-0.25 -log10(p)=0
0.093030245125746	0.241960975387809	136	logFC=0.75 -log10(p)=1
-0.05056680177772	-0.299060721153123	865	logFC=-0.25 -log10(p)=1
0.110682438146814	0.452537611898258	608	logFC=-0.75 -log10(p)=15
-0.099871468395905	-0.143950486017324	608	logFC=-0.25 -log10(p)=6
0.076494375669727	-0.440847537627715	530	logFC=-0.25 -log10(p)=2
-0.00494494015186903	0.425567687471214	530	logFC=-0.25 -log10(p)=2
-0.088088461445776	-0.4698721757249	530	logFC=-0.25 -log10(p)=4
0.024001842661128	-0.157164798919698	530	logFC=-0.25 -log10(p)=2
-0.0506669043439095	0.220011204405904	530	logFC=0 -log10(p)=0
-0.049069560461032	0.21168398578645	530	logFC=0 -log10(p)=0
-0.11122361790031	-0.0503896645448201	530	logFC=0.5 -log10(p)=4
-0.112909014192683	0.448744106844003	902	logFC=0.5 -log10(p)=3
-0.009714658852118	-0.356106673928326	902	logFC=0.25 -log10(p)=2
0.107708635688488	-0.483480244639969	902	logFC=0 -log10(p)=1
0.103181894860855	0.452795482536418	902	logFC=0 -log10(p)=0
0.062345388652247	0.028965473894653	902	logFC=-0.25 -log10(p)=1
0.02889789904016	0.144218904986205	902	logFC=-0.25 -log10(p)=1
0.01572314372386	0.19657255609012	902	logFC=-0.5 -log10(p)=3
-0.0485469305956666	0.147163242148605	902	logFC=0 -log10(p)=0
0.101610385338808	0.338692354355266	902	logFC=0 -log10(p)=0
-0.0595608924011488	0.179485849872556	902	logFC=0 -log10(p)=0
-0.000128707645253025	0.000357541982001266	414	logFC=0 -log10(p)=0
0.092802974464994	-0.441017685180847	414	logFC=-0.25 -log10(p)=1
-0.103920326734891	-0.359558889911424	414	logFC=-0.25 -log10(p)=2
-0.06040981774038	0.282161154905592	414	logFC=-0.25 -log10(p)=1
-0.118262614941235	0.434512792687409	414	logFC=-0.25 -log10(p)=1
-0.0315710552447449	0.0685555686844596	414	logFC=0 -log10(p)=0
-0.0936437237405915	0.239005135009301	414	logFC=0 -log10(p)=0
-0.01408330366608	-0.258343306247745	414	logFC=-0.25 -log10(p)=1
0.0393472402580087	0.0862417445437653	414	logFC=0 -log10(p)=0
0.11971098912197	0.314389722821093	414	logFC=-0.25 -log10(p)=0
0.097951290805324	0.340447540625243	414	logFC=-0.25 -log10(p)=0
0.109452473815483	0.0733734941213362	414	logFC=0.25 -log10(p)=1
0.102557688375184	0.0882139718442259	414	logFC=0.25 -log10(p)=1
0.0266812798287828	0.0495603575887132	414	logFC=0 -log10(p)=0
-0.0588833073524136	0.123288074636651	414	logFC=0 -log10(p)=0
-0.050958875644285	0.47194879846826	414	logFC=0.25 -log10(p)=0
0.123657405591553	0.263965825300009	414	logFC=0.25 -log10(p)=1
-0.089044607253005	0.38893966458843	414	logFC=0.25 -log10(p)=0
-0.0198794072904845	0.038961138572448	414	logFC=0 -log10(p)=0
-0.039480277225587	-0.451838095527241	414	logFC=0.25 -log10(p)=1
0.038388216982748	0.143105700425559	414	logFC=0.5 -log10(p)=2
-0.065089390346438	-0.494761524017981	414	logFC=0.25 -log10(p)=1
0.031812587993209	-0.447742439773798	414	logFC=-0.25 -log10(p)=1
0.099304660705234	0.287789483006476	152	logFC=-0.25 -log10(p)=0
0.11931802401539	0.154170619500931	152	logFC=-0.5 -log10(p)=1
-0.013672251570938	-0.489745015218987	152	logFC=0.25 -log10(p)=1
-0.12459288227853	0.24586963022023	152	logFC=0.25 -log10(p)=0
0.109519261550748	0.243379793138123	748	logFC=-0.25 -log10(p)=0
-0.124691892952025	-0.471663282741196	136	logFC=1 -log10(p)=2
-0.00709154443691047	0.0114731041141714	865	logFC=0 -log10(p)=0
0.0111492884468215	0.0175892431540793	865	logFC=0 -log10(p)=0
0.020867333576956	-0.160230901408941	608	logFC=-0.5 -log10(p)=11
0.063988539083697	0.206622269536936	608	logFC=-0.25 -log10(p)=2
-0.076164415961585	0.255761664935363	530	logFC=-0.25 -log10(p)=4
-0.072031083366868	-0.323329825935863	530	logFC=-0.25 -log10(p)=4
-0.050259797934409	0.262505681884039	530	logFC=-0.25 -log10(p)=3
-0.021065279163721	0.456317104114481	530	logFC=-0.25 -log10(p)=2
-0.112705108806258	-0.329665573115652	530	logFC=0 -log10(p)=1
0.00748757349942313	0.0284447319776729	530	logFC=0 -log10(p)=0
0.103179860893797	-0.475377590498883	530	logFC=0 -log10(p)=1
0.0843248330293444	0.41741709675002	530	logFC=0 -log10(p)=0
0.104502450326757	-0.150408799258593	530	logFC=-0.25 -log10(p)=1
0.0334603402367982	0.129233202342617	530	logFC=0 -log10(p)=0
0.00773295771311995	0.0259054790754329	902	logFC=0 -log10(p)=0
-0.065697644759209	0.186820655430825	902	logFC=-0.25 -log10(p)=2
0.02211613838203	-0.476732046247092	902	logFC=-0.5 -log10(p)=4
0.0612725709762331	0.213162104345683	902	logFC=0 -log10(p)=0
0.100020936013422	0.340179759845281	902	logFC=0 -log10(p)=0
-0.0754327337129023	0.253801542897796	902	logFC=0 -log10(p)=0
0.0173795435938011	0.0463641358033843	414	logFC=0 -log10(p)=0
0.0150991800353269	0.0393637897221249	414	logFC=0 -log10(p)=0
0.068301516011342	-0.335866285185428	414	logFC=-0.25 -log10(p)=1
-0.11432913415743	0.346765948597718	414	logFC=0 -log10(p)=0
-0.008527966318298	-0.131070143536875	414	logFC=-0.25 -log10(p)=1
0.0130983112715092	0.028490802768901	414	logFC=0 -log10(p)=0
-0.002276500884144	-0.114296816653538	414	logFC=-0.25 -log10(p)=1
0.0749292439987478	0.159148125387855	414	logFC=0 -log10(p)=0
-0.097104038878521	0.22912923309032	414	logFC=-0.25 -log10(p)=1
-0.079608709137583	0.110938539164565	414	logFC=-0.25 -log10(p)=1
-0.00777954027178296	-0.0707324062331061	414	logFC=-0.5 -log10(p)=2
-0.070422695817362	0.409610767276882	152	logFC=0.25 -log10(p)=0
0.054631673764776	-0.116189870433213	414	logFC=0.25 -log10(p)=1
-0.10420122007492	0.440702396424012	414	logFC=0.5 -log10(p)=1
0.073567474422009	-0.0352546990250986	414	logFC=0.25 -log10(p)=1
0.10399561356759	-0.278395090071161	414	logFC=0.5 -log10(p)=3
-0.122262637270101	-0.452860464820496	414	logFC=0.75 -log10(p)=3
0.010264819881912	-0.127338221392947	414	logFC=0.25 -log10(p)=1
-0.003178493957293	-0.259960661603066	414	logFC=0.25 -log10(p)=1
-0.015554449943607	-0.323751334599076	414	logFC=0.25 -log10(p)=1
-0.002451424914721	-0.127558978762623	414	logFC=0.5 -log10(p)=2
-0.00796860250760301	-0.314594232447839	414	logFC=0.25 -log10(p)=1
-0.0815287704696843	0.164210394439084	414	logFC=0 -log10(p)=0
0.087977711212065	0.276330388065277	152	logFC=-0.5 -log10(p)=1
-0.014537955700681	-0.312174624699806	152	logFC=-0.25 -log10(p)=1
0.104797508908548	0.278048731993456	152	logFC=-0.25 -log10(p)=0
-0.109273240609891	0.303576303484986	152	logFC=0.25 -log10(p)=0
-0.0558257206319578	0.0952170920808887	152	logFC=0 -log10(p)=0
0.00911695333056101	0.272312544621408	136	logFC=0.25 -log10(p)=0
0.000772830694324558	0.00139036151306607	865	logFC=0 -log10(p)=0
-0.0292119253180697	0.0502545420608658	865	logFC=0 -log10(p)=0
0.045333172032802	-0.473922869960002	865	logFC=-0.25 -log10(p)=1
0.056859366241974	-0.383926014983487	608	logFC=-0.5 -log10(p)=10
-0.106116434255002	0.166320954392129	608	logFC=-0.25 -log10(p)=6
-0.067677128454233	0.158415467769446	530	logFC=-0.5 -log10(p)=11
0.113707844004009	-0.201180406695907	530	logFC=-0.5 -log10(p)=6
-0.069276473888555	-0.263883628641102	530	logFC=-0.25 -log10(p)=4
0.073057874699196	-0.46619267549801	530	logFC=-0.25 -log10(p)=2
0.117344013581965	-0.257790745680184	530	logFC=0 -log10(p)=1
0.051414830969353	-0.21615140194549	530	logFC=0.25 -log10(p)=3
0.052879698924578	0.00830462523530784	530	logFC=0.25 -log10(p)=3
-0.047171437020434	0.464879809567299	530	logFC=0.25 -log10(p)=1
0.110664839396129	0.473181441122806	530	logFC=0.25 -log10(p)=3
-0.059050821447824	0.414770137538238	530	logFC=0.5 -log10(p)=4
0.0412664578072518	0.147593628128633	902	logFC=0 -log10(p)=0
-0.1082000012196	0.425782446961923	902	logFC=0 -log10(p)=0
0.114777146340905	0.428715593207679	902	logFC=0 -log10(p)=0
0.045964161660601	-0.3751288965384	902	logFC=0.25 -log10(p)=2
-0.11403481048628	-0.482454176979001	902	logFC=0.25 -log10(p)=1
-0.039042144720425	0.0629160070732193	414	logFC=0.5 -log10(p)=3
-0.001264552649832	0.0257984964433045	414	logFC=0.25 -log10(p)=1
-0.064041068205755	-0.386092276534337	414	logFC=0.25 -log10(p)=1
0.053656553347665	-0.377122565392067	414	logFC=-0.25 -log10(p)=1
0.122714730108526	0.331909080526992	414	logFC=0 -log10(p)=0
-0.113197697671472	0.370217979591247	414	logFC=0.25 -log10(p)=0
0.0635914852355105	0.147282037250252	414	logFC=0 -log10(p)=0
0.030172279052101	-0.332547797187726	152	logFC=0.25 -log10(p)=1
-0.0875474339819253	0.200250946746111	414	logFC=0 -log10(p)=0
0.093455335594803	0.165723373237067	414	logFC=0.25 -log10(p)=1
-0.00881273838220098	-0.31820090490021	414	logFC=-0.25 -log10(p)=1
-0.079550857847076	0.374907649120116	152	logFC=0.25 -log10(p)=0
-0.085316060379043	0.229480402553443	152	logFC=0.5 -log10(p)=1
-0.06461164646355	-0.0372405528751529	414	logFC=0.75 -log10(p)=3
-0.111878844909442	0.0493279111558982	414	logFC=0.75 -log10(p)=3
-0.00103300829034197	-0.108078645694115	414	logFC=0.5 -log10(p)=2
-0.010433040121225	-0.306741907864055	414	logFC=0.25 -log10(p)=1
0.045979986820637	0.0647960076333327	414	logFC=0.25 -log10(p)=1
0.062279723256978	0.0471214713614523	414	logFC=0.25 -log10(p)=1
0.00148520409710795	0.244747112050998	152	logFC=0.75 -log10(p)=3
-0.097561850842877	-0.490266651579592	152	logFC=0.75 -log10(p)=3
-0.093127191864741	0.353797926416317	152	logFC=0.25 -log10(p)=0
0.056071612267382	0.461871345616486	414	logFC=-0.25 -log10(p)=0
-0.07795976356349	0.360571874975438	152	logFC=0.25 -log10(p)=0
-0.0802754925473227	0.150225819304703	152	logFC=0 -log10(p)=0
0.0325043124793482	0.0446893472192231	152	logFC=0 -log10(p)=0
-0.014065245980893	-0.335179100874113	152	logFC=-0.25 -log10(p)=1
0.0106168189548537	0.0165491353841581	152	logFC=0 -log10(p)=0
-0.011820159248238	0.250432052128334	136	logFC=0.25 -log10(p)=0
-0.0815419052052979	0.153917696506231	865	logFC=0 -log10(p)=0
0.020331989966046	-0.354873858210776	865	logFC=0.25 -log10(p)=1
0.047840215709133	-0.238231335078854	865	logFC=0.25 -log10(p)=1
-0.083550191274669	0.180513187202279	865	logFC=0.5 -log10(p)=1
-0.104409749165097	-0.109462373326924	608	logFC=-0.5 -log10(p)=14
0.022722355283287	0.0269638775883245	608	logFC=-0.25 -log10(p)=3
-0.116925773965043	-0.021155084643829	530	logFC=0 -log10(p)=1
0.05748562313449	-0.304736404014015	530	logFC=-0.25 -log10(p)=2
-0.0548162311738474	0.300176277095159	530	logFC=0 -log10(p)=0
-0.044499386167324	-0.423358166761867	530	logFC=0.25 -log10(p)=2
-0.030296562808835	0.45462709787589	530	logFC=0.5 -log10(p)=5
-0.056222403535207	-0.114186606321918	530	logFC=0.5 -log10(p)=5
0.019618912303423	0.373111818179364	530	logFC=0.25 -log10(p)=2
-0.053048924786342	0.424973945812645	530	logFC=0.5 -log10(p)=4
-0.060212614201554	-0.455108950709377	530	logFC=0.5 -log10(p)=5
0.0694772993305788	0.267590814713652	902	logFC=0 -log10(p)=0
0.0655180973477822	0.226920084941161	902	logFC=0 -log10(p)=0
0.082276850603469	0.0514160525366911	902	logFC=0.25 -log10(p)=2
0.0301013209896629	0.0926741012924712	902	logFC=0 -log10(p)=0
0.102711844629208	0.349839840095464	902	logFC=0 -log10(p)=0
-0.0870854192999479	0.050565727672458	414	logFC=0.75 -log10(p)=5
0.102991805449663	-0.230297345459942	414	logFC=0.25 -log10(p)=2
0.040765271783361	0.225068437990805	414	logFC=0.25 -log10(p)=1
0.0710904885213688	0.172698471597877	414	logFC=0 -log10(p)=0
-0.022720142195164	-0.311137520785	414	logFC=0.25 -log10(p)=1
0.108553553897294	0.420015868137304	414	logFC=0.25 -log10(p)=1
0.035903861735409	-0.366343493953125	414	logFC=-0.25 -log10(p)=1
-0.044320979785776	0.477613861846073	152	logFC=0.25 -log10(p)=0
0.059941805549712	-0.0324898498435258	414	logFC=0.25 -log10(p)=1
0.00738978578798599	-0.0391382950391388	152	logFC=0.75 -log10(p)=3
-0.0947842375955975	0.182073918509376	152	logFC=0 -log10(p)=0
0.0783354258203485	0.138145089334168	152	logFC=0 -log10(p)=0
-0.083835744739026	0.424113450495906	152	logFC=0.75 -log10(p)=2
0.00702989249093999	0.0766667621407917	152	logFC=1 -log10(p)=5
-0.121509735327047	0.0796079886160568	152	logFC=1 -log10(p)=4
-0.022835262363889	0.496776576804338	152	logFC=0.5 -log10(p)=1
0.096575496242104	0.242937492747852	152	logFC=0.5 -log10(p)=2
0.0916224101681	0.0362996074242625	414	logFC=0.75 -log10(p)=5
0.108512850265362	0.350979389695137	414	logFC=0.5 -log10(p)=2
-0.080754475177041	0.302545985185568	414	logFC=0.5 -log10(p)=1
0.021656242646554	0.440388422615485	152	logFC=0.75 -log10(p)=3
0.112290000839369	0.00426167535950195	152	logFC=0.25 -log10(p)=1
-0.040910908613109	0.30730803283912	152	logFC=0.5 -log10(p)=1
0.0179707271846955	0.0284621770556677	152	logFC=0 -log10(p)=0
0.0146015430565319	0.0230891601193079	152	logFC=0 -log10(p)=0
-0.00270313280946	0.464115373217443	152	logFC=0.25 -log10(p)=0
-0.119520743808886	0.252387018944038	152	logFC=0.25 -log10(p)=0
-0.085186447470835	0.286243689054944	152	logFC=0.25 -log10(p)=0
0.0458038054771526	0.0373839150948295	136	logFC=0 -log10(p)=0
-0.106344584483206	0.269288167519149	865	logFC=0.25 -log10(p)=0
0.020863395338493	-0.41813115466788	865	logFC=0.25 -log10(p)=1
-0.0945447224714059	0.167820744760431	865	logFC=0 -log10(p)=0
0.00381968928590298	-0.454709156945888	865	logFC=0.25 -log10(p)=1
0.00730385856295244	0.0100650423576114	738	logFC=0 -log10(p)=0
-0.0653543862146741	-0.274772396631587	608	logFC=-0.5 -log10(p)=13
0.077530251102635	-0.0737797635043063	608	logFC=-0.25 -log10(p)=2
0.032878949935477	0.159450575132915	530	logFC=-0.25 -log10(p)=2
0.077073048471554	0.405546692976645	530	logFC=-0.25 -log10(p)=1
0.107228437859429	-0.354318457614201	530	logFC=0 -log10(p)=1
0.107430322945768	-0.477239374699044	530	logFC=0.25 -log10(p)=4
0.084820035657094	0.32407879610451	530	logFC=0.25 -log10(p)=3
0.070465506755715	-0.119822961936988	530	logFC=0.25 -log10(p)=3
0.057139875855621	-0.473111196280689	530	logFC=0.25 -log10(p)=3
0.027986674110281	0.107900399005144	530	logFC=0.25 -log10(p)=2
-0.0221608487216225	0.0700311396834504	902	logFC=0 -log10(p)=0
-0.116206451581319	0.408119019367851	902	logFC=0 -log10(p)=0
0.029463605327416	-0.443624557242481	902	logFC=0.25 -log10(p)=2
-0.031229551923393	0.0868800243406922	902	logFC=0.25 -log10(p)=1
0.081828046979222	-0.177289022518245	902	logFC=0.25 -log10(p)=2
0.023199298270503	0.396777898832287	414	logFC=0.5 -log10(p)=3
0.00920751282573795	-0.0112504614444173	414	logFC=0.5 -log10(p)=3
-0.01924078006518	0.426537897031126	414	logFC=0.5 -log10(p)=2
0.069308768053585	0.164037219364246	414	logFC=0.25 -log10(p)=1
-0.091708373832144	0.397788583213184	414	logFC=0.25 -log10(p)=0
0.00710699030085304	-0.161192767008264	414	logFC=0.75 -log10(p)=4
-0.078449240002558	-0.451892846398073	414	logFC=0.5 -log10(p)=2
-0.122754726920881	0.082192348413265	152	logFC=0.5 -log10(p)=1
-0.053282529235725	0.474294923679628	152	logFC=0.25 -log10(p)=0
0.067962785640437	-0.198177103953235	152	logFC=0.25 -log10(p)=1
-0.033128407532504	0.42168908458169	152	logFC=0.25 -log10(p)=0
0.0958649184345201	-0.118069489793647	152	logFC=0.5 -log10(p)=2
0.018154295762487	-0.186296718252265	152	logFC=0.5 -log10(p)=2
0.12418243510421	0.195463673516825	152	logFC=1 -log10(p)=6
-0.119558345736695	-0.0251241429725195	152	logFC=1 -log10(p)=4
0.0614060444548501	0.354373581877493	152	logFC=1.25 -log10(p)=6
0.02627458363554	0.0777143009423726	152	logFC=1 -log10(p)=5
0.123689043346497	-0.0151646055020453	414	logFC=0.5 -log10(p)=3
0.041744597991994	0.246565452605486	414	logFC=0.75 -log10(p)=3
-0.10505702589162	-0.113782763889901	152	logFC=1.25 -log10(p)=6
-0.101492091327529	-0.169005615495436	152	logFC=1 -log10(p)=4
0.00751873484035803	0.465725385767252	152	logFC=0.5 -log10(p)=1
-0.070155292675024	0.324704303800359	152	logFC=0.25 -log10(p)=0
0.07784086775197	0.326183885890891	152	logFC=-0.25 -log10(p)=0
0.0117016561577356	0.0168070288852903	152	logFC=0 -log10(p)=0
0.085933277601336	-0.411540244349112	152	logFC=0.5 -log10(p)=2
0.050092758257528	-0.297702721765865	152	logFC=0.25 -log10(p)=1
-0.003634820589413	-0.469225410647816	152	logFC=0.25 -log10(p)=1
-0.104111034150949	-0.122522554869375	136	logFC=0.75 -log10(p)=1
0.067405248088709	-0.203220049665203	865	logFC=0.25 -log10(p)=1
0.070146985931484	-0.250964803834703	865	logFC=0.25 -log10(p)=1
-0.099097365664548	0.298697756606755	865	logFC=0.25 -log10(p)=0
-0.087364455952399	-0.0239366634016504	865	logFC=0.5 -log10(p)=1
-0.078663413194098	0.311459113129124	738	logFC=0.25 -log10(p)=0
0.059531567599224	0.32044835463188	738	logFC=-0.25 -log10(p)=0
-0.03703482965301	0.340599323893342	608	logFC=-0.5 -log10(p)=12
-0.03699314239689	0.356188622619364	608	logFC=-0.25 -log10(p)=4
-0.012446468318697	-0.339591889887228	608	logFC=-0.25 -log10(p)=4
-0.00139074270152545	0.00656332243213767	530	logFC=0 -log10(p)=0
0.111059962350629	-0.256014539505343	530	logFC=0 -log10(p)=1
0.0580421448047884	0.334948148819942	530	logFC=0 -log10(p)=0
-0.0156502595554266	0.0713666835155142	530	logFC=0 -log10(p)=0
0.0634565023736921	0.322613470963028	530	logFC=0 -log10(p)=0
0.052671881248474	-0.266942630905761	530	logFC=0.25 -log10(p)=3
-0.0205597883445739	0.0761976593683402	530	logFC=0 -log10(p)=0
0.085330369316245	-0.195108128290159	974	logFC=-0.25 -log10(p)=1
0.0895282023790032	0.362059035484761	974	logFC=0 -log10(p)=0
0.0853518679833774	0.321590223880873	902	logFC=0 -log10(p)=0
-0.022660366829068	0.210664914394898	902	logFC=0.25 -log10(p)=1
-0.077781536546413	-0.266230172231593	902	logFC=0.25 -log10(p)=1
-0.076978989056962	-0.337156046997654	902	logFC=0.25 -log10(p)=1
-0.042618060435597	-0.171091088620927	414	logFC=0.25 -log10(p)=1
0.0107411561286291	0.0255889698006724	414	logFC=0 -log10(p)=0
-0.032202109522402	-0.268170065610523	414	logFC=0.25 -log10(p)=1
0.032450572868767	0.0472107279957106	414	logFC=0.25 -log10(p)=1
-0.069024514349774	-0.422301562337786	414	logFC=0.25 -log10(p)=1
0.039045099579666	0.239314462215265	152	logFC=0.5 -log10(p)=2
-0.085325902055747	0.462150949217134	414	logFC=0.25 -log10(p)=0
0.011972268768733	-0.243325092232439	414	logFC=0.25 -log10(p)=1
0.049570139118398	-0.0892140885969699	414	logFC=0.25 -log10(p)=1
-0.075662811742222	0.291091622590586	152	logFC=0.5 -log10(p)=1
-0.036510669893842	-0.431986973984971	152	logFC=0.5 -log10(p)=2
0.114539746072702	-0.36808394804036	152	logFC=0.5 -log10(p)=3
0.000535757728103992	-0.236787409125347	152	logFC=0.75 -log10(p)=4
-0.014690154855622	-0.189684285687218	414	logFC=0.5 -log10(p)=2
0.023728702500511	0.150303990069139	414	logFC=0.75 -log10(p)=4
0.081545847345963	-0.182312785571991	414	logFC=0.5 -log10(p)=3
-0.094470256865847	-0.0531651809863396	152	logFC=0.75 -log10(p)=3
-0.021265880151512	0.464147139891192	152	logFC=0.75 -log10(p)=3
0.086776007885582	0.361671228539223	152	logFC=0.5 -log10(p)=2
-0.101309683946627	0.324447757551227	152	logFC=0.25 -log10(p)=0
-0.030466559824133	-0.255286528035455	152	logFC=-0.25 -log10(p)=1
0.0913771482438526	0.15972726525238	152	logFC=0 -log10(p)=0
-0.01228247371068	-0.388627301827713	152	logFC=-0.25 -log10(p)=1
-0.105742608027712	-0.212227961798528	152	logFC=-0.25 -log10(p)=1
0.0648777737411	0.35208627203297	152	logFC=-0.25 -log10(p)=0
0.0309963738199699	0.0450259766948429	152	logFC=0 -log10(p)=0
0.055851205038494	0.3433288761312	136	logFC=0.25 -log10(p)=0
0.032885744044696	-0.30111814215372	865	logFC=0.25 -log10(p)=1
0.03033254554286	0.468856129758051	865	logFC=-0.25 -log10(p)=0
-0.090816911590246	0.233443918584283	865	logFC=0.5 -log10(p)=1
-0.045426068967195	0.431405133877104	865	logFC=0.25 -log10(p)=0
0.018052244804342	0.481025973170461	865	logFC=-0.25 -log10(p)=0
-0.088392437702296	-0.32283219333442	738	logFC=-0.25 -log10(p)=1
0.0157055327744031	0.0216460988067013	738	logFC=0 -log10(p)=0
-0.030519097132377	0.14489523063285	608	logFC=-0.5 -log10(p)=12
-0.035567177538135	0.390789062546702	608	logFC=-0.25 -log10(p)=4
-0.122206586222127	-0.0645321508121303	530	logFC=0 -log10(p)=1
-0.0414473726549169	0.206351082422221	530	logFC=0 -log10(p)=0
0.115836447272912	-0.0380260179561326	530	logFC=-0.25 -log10(p)=1
-0.08167318303087	-0.163816561490481	530	logFC=-0.25 -log10(p)=4
0.050225699731023	0.221638034529572	530	logFC=-0.5 -log10(p)=5
0.00932605829088543	0.0354881727757777	530	logFC=0 -log10(p)=0
0.041398650932485	0.28723603434018	530	logFC=-0.25 -log10(p)=1
-0.047503107367712	-0.0581175739825233	974	logFC=-0.25 -log10(p)=2
0.0476072923127966	0.15489842958789	974	logFC=0 -log10(p)=0
0.0756867493077191	0.271781053227	902	logFC=0 -log10(p)=0
0.0862777573027939	0.312810621526955	902	logFC=0 -log10(p)=0
0.046499782151577	-0.399746154309042	902	logFC=0.25 -log10(p)=2
-0.019359634872672	-0.030836979046371	414	logFC=0.25 -log10(p)=1
-0.111310573530641	-0.013006252228593	414	logFC=0.5 -log10(p)=2
0.124888847723778	0.364764377605599	414	logFC=-0.25 -log10(p)=0
0.030589481323446	-0.0326070883179558	414	logFC=0.25 -log10(p)=1
0.082026632118927	0.258268928357321	414	logFC=0.25 -log10(p)=1
-0.082362768890195	-0.233145611379221	414	logFC=0.5 -log10(p)=2
-0.094678807115347	-0.273823573775998	152	logFC=0.75 -log10(p)=3
-0.046918300754656	0.0935986942027171	414	logFC=0 -log10(p)=0
0.0596698244167344	0.111196520467489	414	logFC=0 -log10(p)=0
0.0119758647824196	0.0205110090622865	414	logFC=0 -log10(p)=0
-0.065303943105865	0.233343734449535	152	logFC=0.5 -log10(p)=1
-0.035056391170034	-0.45105419901167	152	logFC=0.5 -log10(p)=2
0.044308810345949	-0.250251486259984	152	logFC=0.75 -log10(p)=4
-0.03356606211675	0.137057309993176	152	logFC=0.75 -log10(p)=3
0.065404205374087	0.384153241093825	152	logFC=0.75 -log10(p)=3
0.022170157481752	-0.154986570981734	152	logFC=0.5 -log10(p)=2
-0.08564365860382	-0.158767308290926	152	logFC=1 -log10(p)=5
0.090556852345657	-0.0635261950431755	152	logFC=0.25 -log10(p)=1
-0.0931974244965099	-0.299556904094864	152	logFC=1.25 -log10(p)=6
0.095808597800102	-0.031294239265951	152	logFC=0.75 -log10(p)=4
0.047486632073703	-0.0415084002739128	152	logFC=0.5 -log10(p)=2
-0.095005499300615	0.187416307795264	152	logFC=0.5 -log10(p)=1
-0.095266431935548	0.289964206470075	152	logFC=0.25 -log10(p)=0
0.0082467326814281	0.0117968054710038	152	logFC=0 -log10(p)=0
0.021809364058139	0.171364822647096	152	logFC=0.5 -log10(p)=1
0.015637837000748	-0.45392870799623	152	logFC=0.25 -log10(p)=1
0.0581393093386475	0.0903225590383906	152	logFC=0 -log10(p)=0
-0.0980085311992001	0.401367320454498	136	logFC=1 -log10(p)=1
0.0390986830564617	0.0628600475347675	865	logFC=0 -log10(p)=0
-0.03810380190277	0.431234643502609	865	logFC=0.25 -log10(p)=0
0.068918197722772	-0.253147880061864	865	logFC=0.25 -log10(p)=1
-0.049872253574014	0.17209238708311	865	logFC=0.5 -log10(p)=1
0.0551410886599363	0.073615576177386	738	logFC=0 -log10(p)=0
0.026526013332554	0.00542535791369958	738	logFC=-0.5 -log10(p)=1
0.0584250290130755	0.0795547540614635	738	logFC=0 -log10(p)=0
-0.018546409213197	0.119997291358079	738	logFC=0.5 -log10(p)=1
-0.043538186049267	0.488674221983221	608	logFC=-0.5 -log10(p)=12
-0.0274494893086148	0.156499618752314	608	logFC=0 -log10(p)=0
0.086247204342997	0.393219718048913	530	logFC=-0.25 -log10(p)=1
-0.082261122096487	0.0958643008574107	530	logFC=-0.25 -log10(p)=4
0.122880968735035	0.227461541409363	530	logFC=-0.5 -log10(p)=5
0.00335533240322999	0.415329521515562	530	logFC=-0.5 -log10(p)=7
-0.0196012116107779	0.0811555229878764	530	logFC=0 -log10(p)=0
-0.090372354048487	-0.0658247270856345	530	logFC=-0.25 -log10(p)=3
-0.058732200653531	0.174753473251798	974	logFC=-0.25 -log10(p)=2
-0.05544121525306	0.202353431850063	974	logFC=0 -log10(p)=0
-0.0174644072424894	0.0534297289752705	902	logFC=0 -log10(p)=0
-0.0217143443467237	0.0685141320229061	902	logFC=0 -log10(p)=0
0.04350322737879	-0.401900007666001	902	logFC=0.25 -log10(p)=2
-0.042703123059046	-0.163358292777454	414	logFC=0.25 -log10(p)=1
-0.110492463133555	0.37564429264993	902	logFC=0 -log10(p)=0
-0.00816758424039937	0.0192558205993411	414	logFC=0 -log10(p)=0
-0.03795892665578	-0.29210987614426	414	logFC=0.25 -log10(p)=1
-0.082355144213563	-0.498396184328064	414	logFC=0.25 -log10(p)=1
0.0096130906143969	0.0207508795854389	414	logFC=0 -log10(p)=0
0.0276407556819806	0.0532201999776495	414	logFC=0 -log10(p)=0
0.036510905621335	-0.0898618500651819	414	logFC=0.25 -log10(p)=1
-0.122233103946252	0.293614688938053	414	logFC=0.5 -log10(p)=1
-0.109562235833931	0.309026506135754	414	logFC=0.25 -log10(p)=0
-0.05191824890626	0.42817989455568	414	logFC=0.5 -log10(p)=1
-0.118297636982001	0.215225430026096	152	logFC=0.5 -log10(p)=1
-0.047378329388755	-0.386509797010547	152	logFC=0.5 -log10(p)=2
-0.0693837398348311	0.134606041943642	414	logFC=0 -log10(p)=0
-0.012238112308238	-0.231166418621655	152	logFC=0.5 -log10(p)=2
0.115999338156933	0.445119965068669	152	logFC=0.5 -log10(p)=2
-0.00567836470766001	-0.317186357858483	414	logFC=0.25 -log10(p)=1
0.084955373736491	0.445485174643966	414	logFC=0.5 -log10(p)=2
0.121337056169403	0.13312937433622	152	logFC=0.75 -log10(p)=4
-0.056347263050408	0.486970478688205	152	logFC=0.5 -log10(p)=1
-0.063352948368004	0.395169418717723	152	logFC=0.5 -log10(p)=1
0.0721444961813308	0.132493109220372	152	logFC=0 -log10(p)=0
0.023264059286891	0.475609954193615	152	logFC=-0.25 -log10(p)=0
-0.067587913480355	-0.275343027855018	152	logFC=-0.25 -log10(p)=1
-0.0794585884500432	0.113373106088439	152	logFC=0 -log10(p)=0
-0.0294890639494273	0.0436325549182796	152	logFC=0 -log10(p)=0
-0.00935754344401796	0.254008847072347	152	logFC=-0.5 -log10(p)=1
-0.053020655645263	0.492183256230331	136	logFC=0.5 -log10(p)=0
0.008810289424694	-0.476668053243098	865	logFC=-0.25 -log10(p)=1
0.118629283548869	0.23337179475278	865	logFC=-0.25 -log10(p)=0
0.015896780486612	-0.486312306399218	865	logFC=-0.25 -log10(p)=1
-0.016084399486994	-0.474379099728299	865	logFC=0.25 -log10(p)=1
0.056376567876708	0.144083677719588	738	logFC=-0.5 -log10(p)=1
-0.047832487020988	-0.390312336546209	738	logFC=-0.25 -log10(p)=1
-0.111417329930822	0.229734783397341	738	logFC=0.25 -log10(p)=0
-0.107229704108776	0.168555867200194	738	logFC=0 -log10(p)=0
-0.00920884057315068	0.0120008759259274	738	logFC=0 -log10(p)=0
0.111809919859084	0.21061417714963	608	logFC=-0.75 -log10(p)=15
0.02179268743268	-0.227719458061864	608	logFC=-0.25 -log10(p)=3
-0.0935475579871803	-0.285738288229684	530	logFC=0 -log10(p)=1
-0.0886508289414808	-0.362148738330228	530	logFC=0 -log10(p)=1
0.104895210754856	0.140903213913314	530	logFC=-0.25 -log10(p)=1
0.0121849420348817	0.0511470101691349	530	logFC=0 -log10(p)=0
0.064620778709724	0.274050030871212	530	logFC=-0.25 -log10(p)=1
-0.096032343798444	-0.207912306985444	974	logFC=-0.25 -log10(p)=3
0.048477955884363	0.177568039608347	974	logFC=0 -log10(p)=0
0.038149668440543	0.130398531228977	974	logFC=-0.25 -log10(p)=1
0.0573497455565746	0.21708278521356	974	logFC=0 -log10(p)=0
0.0375896588079546	0.121512981729015	902	logFC=0 -log10(p)=0
-0.090313111339928	-0.379121255302931	902	logFC=0.25 -log10(p)=1
0.123987330454	0.45233281442499	902	logFC=-0.25 -log10(p)=0
-0.087720310528642	-0.325190270880009	902	logFC=-0.25 -log10(p)=2
-0.0427004374143981	0.109203943548574	414	logFC=0 -log10(p)=0
0.033436772032087	-0.191033038835004	414	logFC=-0.25 -log10(p)=1
0.0732767515325575	0.191094047156829	414	logFC=0 -log10(p)=0
0.00581205750914798	-0.155503668330472	414	logFC=0.25 -log10(p)=1
0.101359660236849	0.46558714896396	609	logFC=-0.25 -log10(p)=0
0.0459123427060924	0.101733062125682	609	logFC=0 -log10(p)=0
-0.070986592919489	0.0329131584880553	414	logFC=-0.25 -log10(p)=1
-0.059623832366651	0.122683768126859	414	logFC=0 -log10(p)=0
0.089232502124373	0.0483597035334742	414	logFC=0.25 -log10(p)=1
-0.048978169381628	-0.2481006599678	414	logFC=0.5 -log10(p)=2
-0.045335049399156	-0.416774809831058	414	logFC=0.25 -log10(p)=1
-0.022450867529651	-0.337881498727846	414	logFC=0.25 -log10(p)=1
-0.093576506459808	0.0123237328459451	414	logFC=0.75 -log10(p)=3
0.023430165968813	0.186701089513112	414	logFC=0.5 -log10(p)=2
0.017137250846091	-0.231222955134004	414	logFC=0.25 -log10(p)=1
-0.058628401651578	-0.469496005246866	414	logFC=0.25 -log10(p)=1
0.116586216519716	0.301035608445756	414	logFC=0.25 -log10(p)=1
0.0460338369331879	0.0856258670992202	414	logFC=0 -log10(p)=0
-0.0790111275030391	0.167508628226946	414	logFC=0 -log10(p)=0
-0.115364169321938	0.217225805652073	152	logFC=0 -log10(p)=0
0.116266248066585	0.0950482796612953	152	logFC=-0.5 -log10(p)=1
0.085705793511979	0.271704485426695	152	logFC=-0.25 -log10(p)=0
-0.00714470220667501	-0.486314853744931	152	logFC=-0.25 -log10(p)=1
-0.053113080436772	-0.372251305175328	152	logFC=-0.25 -log10(p)=1
0.026824706474535	0.205862790711533	136	logFC=0.25 -log10(p)=0
-0.069522697466517	-0.217816167379014	865	logFC=-0.25 -log10(p)=1
-0.107726537147127	-0.0575073726052712	865	logFC=-0.25 -log10(p)=1
0.088627920487004	0.341733289481988	865	logFC=-0.25 -log10(p)=0
-0.121178666780169	0.23596241067125	865	logFC=0 -log10(p)=0
0.073951104406423	0.219197292388869	865	logFC=-0.5 -log10(p)=1
-0.083333306182499	-0.319653088531939	738	logFC=-0.5 -log10(p)=2
-0.095493243479139	-0.284398519809081	738	logFC=-0.25 -log10(p)=1
0.0269006030430921	-0.358470910500649	232	logFC=-0.75 -log10(p)=3
0.055929013621311	0.140189074954972	232	logFC=-0.75 -log10(p)=2
0.00619514408011301	0.490839859715449	232	logFC=-0.25 -log10(p)=0
-0.04735638997162	-0.0038541158963632	608	logFC=-0.75 -log10(p)=19
-0.106929277118491	0.0285386613356353	608	logFC=-0.25 -log10(p)=6
0.034445438480126	-0.0530296379957145	530	logFC=-0.5 -log10(p)=8
-0.060822067970931	0.0849698319966699	530	logFC=-0.5 -log10(p)=9
-0.0225424522605781	0.468914561194601	530	logFC=-0.5 -log10(p)=7
0.100661141630992	-0.43108297075492	530	logFC=-0.75 -log10(p)=9
0.119815747699075	0.0731073524685679	974	logFC=-0.5 -log10(p)=3
0.092487731845501	-0.208298271778879	974	logFC=-0.25 -log10(p)=1
0.031937021023452	0.166816692158441	974	logFC=-0.25 -log10(p)=1
-0.10924156522331	0.462172843939332	974	logFC=0 -log10(p)=0
0.120362535573404	-0.473979826427675	902	logFC=-0.25 -log10(p)=1
0.061770783681266	-0.16071944657546	902	logFC=-0.25 -log10(p)=1
-0.057531426646949	0.143166801279615	902	logFC=-0.5 -log10(p)=4
-0.088992158185085	0.390768167687272	902	logFC=-0.5 -log10(p)=4
-0.031052411985657	0.128402678122338	414	logFC=-0.5 -log10(p)=3
0.02507922066196	-0.186747769149321	414	logFC=-0.25 -log10(p)=1
0.111251099948808	0.425073388211453	414	logFC=-0.25 -log10(p)=0
-0.0949621062750596	0.234837259176565	414	logFC=0 -log10(p)=0
-0.0920575435563446	0.246769015657788	609	logFC=0 -log10(p)=0
-0.067068479265688	0.170433726500788	609	logFC=-0.25 -log10(p)=1
-0.016047333016557	-0.101776558943518	609	logFC=-0.25 -log10(p)=1
0.034205728299393	-0.447194151697389	414	logFC=-0.25 -log10(p)=1
0.060438411584556	0.493709193722571	414	logFC=-0.25 -log10(p)=0
0.112007114225123	0.284121526386167	609	logFC=0 -log10(p)=0
-0.00424689236023701	-0.272670968434379	414	logFC=-0.25 -log10(p)=1
-0.0607878935234406	0.122711649075507	414	logFC=0 -log10(p)=0
0.015319355557085	-0.175084216129038	414	logFC=0.25 -log10(p)=1
-0.068775376943134	-0.211129684062978	414	logFC=0.5 -log10(p)=2
-0.030779890871805	-0.418562977641478	414	logFC=0.25 -log10(p)=1
-0.032433708354527	-0.382691405473993	414	logFC=0.25 -log10(p)=1
0.0993124813888816	0.233353472765367	414	logFC=0 -log10(p)=0
0.107979758377275	0.312290167008206	414	logFC=-0.5 -log10(p)=1
-0.02959304143302	-0.224104835888914	414	logFC=-0.25 -log10(p)=1
0.077154701624862	0.207558975632319	152	logFC=-0.5 -log10(p)=1
0.0718891295134163	0.121826782449725	152	logFC=0 -log10(p)=0
-0.035117311159842	-0.449090896339555	152	logFC=-0.25 -log10(p)=1
0.112701378262639	0.234711596626656	152	logFC=-0.25 -log10(p)=0
0.04049807960746	0.108059399905535	152	logFC=-0.5 -log10(p)=1
-0.113867941215469	-0.221993663932694	136	logFC=0.75 -log10(p)=1
-0.031994366617412	-0.378650739711829	865	logFC=-0.5 -log10(p)=2
0.063509501087204	0.380365032176011	865	logFC=-0.25 -log10(p)=0
-0.032870061989518	-0.192769734619309	770	logFC=-0.25 -log10(p)=1
-0.065090686662225	-0.117697717245759	865	logFC=-0.25 -log10(p)=1
-0.071079063739032	-0.190091384095955	865	logFC=-0.25 -log10(p)=1
0.040961039990708	0.113470211562395	738	logFC=-0.5 -log10(p)=1
0.068883397235778	0.297050030315689	738	logFC=-0.25 -log10(p)=0
0.034424947719007	0.247763074432989	232	logFC=-0.75 -log10(p)=2
-0.094078583215462	0.0619640455273052	232	logFC=-0.75 -log10(p)=3
0.00420735102882999	0.46967447626744	738	logFC=-0.25 -log10(p)=0
-0.096499049819128	-0.285921722059185	738	logFC=-0.25 -log10(p)=1
-0.041521554782248	0.185589901925269	608	logFC=-0.75 -log10(p)=20
-0.023658544697153	0.113373675690395	608	logFC=-0.5 -log10(p)=11
-0.027620922917917	0.104958139263552	530	logFC=-0.75 -log10(p)=15
-0.061971122250746	-0.340772668186764	530	logFC=-0.5 -log10(p)=9
-0.079278552341124	-0.141657261360491	530	logFC=-0.75 -log10(p)=13
-0.010636381208376	0.432738946852993	974	logFC=-0.5 -log10(p)=5
-0.104274220518749	-0.111683109597672	974	logFC=-0.25 -log10(p)=3
0.059804346062261	0.0530716011329988	974	logFC=-0.25 -log10(p)=1
0.056066473338339	0.101343196390519	974	logFC=-0.25 -log10(p)=1
-0.092151842979293	0.327670776367458	902	logFC=-0.25 -log10(p)=2
0.097526904204105	-0.337842348104396	902	logFC=-0.25 -log10(p)=1
-0.084208745749064	0.201524271904582	902	logFC=-0.25 -log10(p)=2
0.122573948910761	0.261556792457832	902	logFC=-0.75 -log10(p)=5
-0.034278549367899	0.349708699178865	902	logFC=-0.25 -log10(p)=1
0.110584896460534	0.483207058749702	902	logFC=-0.25 -log10(p)=0
-0.046198920873294	0.456560972423833	902	logFC=-0.25 -log10(p)=1
0.017745571410975	-0.187713769565389	609	logFC=-0.25 -log10(p)=1
0.072615605446129	-0.378823480527595	609	logFC=-0.25 -log10(p)=1
-0.116493183345546	0.305908403886201	609	logFC=0 -log10(p)=0
0.013641823314197	0.232587119090827	609	logFC=-0.5 -log10(p)=2
-0.0656757736342798	0.148813965457507	414	logFC=0 -log10(p)=0
0.121633260657233	-0.484241395839946	609	logFC=0.25 -log10(p)=2
-0.0233012750721684	0.049126476671819	609	logFC=0 -log10(p)=0
-0.113493020011674	0.348746386041915	414	logFC=0.25 -log10(p)=0
-0.0656214503624945	0.152333211697231	414	logFC=0 -log10(p)=0
0.020706688639302	-0.110952310355477	414	logFC=0.25 -log10(p)=1
-0.019450751881398	-0.249342015933478	414	logFC=0.25 -log10(p)=1
-0.061410781887774	-0.445971017435738	414	logFC=0.25 -log10(p)=1
-0.0268729102094371	0.0573361379523741	414	logFC=0 -log10(p)=0
0.046271706607561	0.100946047801457	414	logFC=0 -log10(p)=0
-0.00215171527333602	0.158613751179397	414	logFC=-0.5 -log10(p)=2
-0.102509409384219	0.175149788300224	414	logFC=-0.25 -log10(p)=1
-0.0126043124637	-0.296574638906053	152	logFC=-0.25 -log10(p)=1
0.024562509197806	-0.0464766334621332	152	logFC=-0.75 -log10(p)=3
-0.119603025779639	0.207005718498781	152	logFC=0 -log10(p)=0
-0.00479277713486304	-0.488590312610924	152	logFC=-0.5 -log10(p)=2
-0.0688057611458924	0.114452074859313	152	logFC=0 -log10(p)=0
-0.025165995955162	-0.433393178218146	136	logFC=0.5 -log10(p)=1
-0.050430781860092	-0.0889696539225755	865	logFC=-0.5 -log10(p)=2
0.098811487236262	0.219157945601408	770	logFC=-0.5 -log10(p)=1
-0.0590946425322024	0.12179615177615	770	logFC=0 -log10(p)=0
0.039967307851269	-0.349840552104752	770	logFC=-0.5 -log10(p)=2
0.059797529482041	-0.412012219959153	865	logFC=-0.75 -log10(p)=3
0.093860091096215	0.282469041562207	738	logFC=-0.25 -log10(p)=0
-0.070435035005859	-0.356909899102405	232	logFC=-0.25 -log10(p)=1
0.059483780950812	0.264378833723703	232	logFC=-0.5 -log10(p)=1
0.0492539535132701	0.0481079537832736	232	logFC=-1.25 -log10(p)=6
0.059907419265205	0.305696041933689	232	logFC=-0.5 -log10(p)=1
-0.060753850438317	-0.338164822664407	738	logFC=-0.25 -log10(p)=1
-0.076166344988774	-0.409534561662818	738	logFC=-0.5 -log10(p)=2
-0.111352063648756	0.406702627624874	608	logFC=-0.5 -log10(p)=14
0.07357663742085	0.401493302259918	608	logFC=-0.5 -log10(p)=7
-0.01231480264513	-0.0708158195760325	530	logFC=-0.25 -log10(p)=3
-0.017693744611011	0.163389784804425	530	logFC=-0.5 -log10(p)=7
0.034827919535309	0.275751868531748	974	logFC=-0.5 -log10(p)=5
0.046227672882741	0.341111031250047	974	logFC=-0.25 -log10(p)=1
-0.123430032496118	-0.426327637227997	974	logFC=0 -log10(p)=1
0.077682492240761	-0.0263037372101869	974	logFC=-0.25 -log10(p)=1
-0.109751407235891	-0.48737976217845	974	logFC=0 -log10(p)=1
-0.0257672901978655	0.0866258124465999	974	logFC=0 -log10(p)=0
0.00491619884811001	0.3480591725262	902	logFC=-0.25 -log10(p)=1
0.096211004649428	-0.300054233549409	902	logFC=-0.5 -log10(p)=3
-0.039372107139881	0.106832207985964	902	logFC=0 -log10(p)=0
0.049447466447004	-0.138350212551696	902	logFC=-0.25 -log10(p)=1
-0.109887769359623	0.374528342577909	902	logFC=0 -log10(p)=0
0.000900168154660491	0.00204428624856225	609	logFC=0 -log10(p)=0
-0.0152433759120016	0.0367061435948517	609	logFC=0 -log10(p)=0
0.07501857878185	-0.453460671914406	609	logFC=-0.25 -log10(p)=1
0.061670892667212	-0.0618736415913204	609	logFC=-0.5 -log10(p)=2
-0.00234989066594302	0.0046447144014777	609	logFC=0 -log10(p)=0
-0.0105696131898318	0.0214760438738354	609	logFC=0 -log10(p)=0
-0.07934896139832	-0.49096023822766	609	logFC=0.25 -log10(p)=1
-0.0332135940569441	0.0725207020601566	414	logFC=0 -log10(p)=0
0.043461056433599	0.0146199326523551	414	logFC=0.25 -log10(p)=1
-0.00673822133405	-0.176550316252609	414	logFC=0.25 -log10(p)=1
0.0477494559418889	0.10992957595508	414	logFC=0 -log10(p)=0
0.118385787586359	0.396582900611611	414	logFC=0.25 -log10(p)=1
-0.0496132029787245	0.112887420186142	414	logFC=0 -log10(p)=0
-0.114282057313605	0.360769746456673	414	logFC=0.25 -log10(p)=0
0.045315456511978	-0.42057204635728	414	logFC=-0.25 -log10(p)=1
0.124281175189816	0.292836721251045	414	logFC=-0.5 -log10(p)=1
-0.10277490404909	0.203007156635941	152	logFC=0 -log10(p)=0
-0.097314248755093	0.0118844144954875	152	logFC=-0.25 -log10(p)=1
-0.072285137650356	-0.0954750235502423	152	logFC=0.5 -log10(p)=1
0.048825625171645	0.407825567087246	152	logFC=-0.25 -log10(p)=0
0.072021559360511	0.0860866881956492	152	logFC=-0.75 -log10(p)=2
0.058773654138431	0.303364173898409	136	logFC=0.25 -log10(p)=0
-0.119901531209648	0.245433538920588	865	logFC=0 -log10(p)=0
-0.080853557294604	0.350292043227953	865	logFC=0.25 -log10(p)=0
-0.021186018176979	0.0349542566011687	770	logFC=-0.5 -log10(p)=2
0.036643820659335	-0.457791844114994	770	logFC=-0.25 -log10(p)=1
-0.077721932168215	-0.112564213429988	865	logFC=-0.25 -log10(p)=1
-0.03963809102703	-0.330033364758801	232	logFC=-0.5 -log10(p)=2
-0.12448912881103	-0.13434049489398	232	logFC=-0.5 -log10(p)=2
-0.121961250828736	0.35271828873386	232	logFC=-0.5 -log10(p)=2
0.094823866375218	0.0593244970516855	232	logFC=-0.5 -log10(p)=1
-0.077401991117813	0.1075504523043	232	logFC=-0.75 -log10(p)=3
-0.012571894530968	-0.444752801440813	738	logFC=-0.25 -log10(p)=1
-0.031668485115612	-0.428842855828168	738	logFC=-0.75 -log10(p)=3
0.072666140663292	-0.0827053273058429	738	logFC=-0.5 -log10(p)=1
-0.114857237737215	-0.425100111458441	608	logFC=-0.5 -log10(p)=15
-0.043213091900547	0.44944083140649	608	logFC=-0.25 -log10(p)=4
-0.067029193148386	-0.327297543972371	530	logFC=-0.5 -log10(p)=10
-0.024607085214165	-0.153228542201777	530	logFC=-0.75 -log10(p)=13
-0.115119891753647	-0.169653319145162	530	logFC=-0.5 -log10(p)=9
0.07786203238987	0.190357311994422	974	logFC=-0.5 -log10(p)=4
0.109572915326718	-0.177634474715313	974	logFC=-0.5 -log10(p)=4
-0.038061048476428	0.140440075463393	974	logFC=-0.25 -log10(p)=2
-0.059211691626818	0.329984542286743	974	logFC=-0.25 -log10(p)=2
0.10318043154321	0.207042113716902	974	logFC=-0.5 -log10(p)=3
0.081245084597758	0.0686588734435967	902	logFC=-0.5 -log10(p)=3
-0.055462084249535	-0.4420742534532	902	logFC=-0.25 -log10(p)=2
0.043105063451482	-0.116890736184042	902	logFC=-0.25 -log10(p)=1
-0.039159983886705	0.495239067989327	902	logFC=-0.25 -log10(p)=1
0.028497233603638	-0.22589753384026	609	logFC=-0.25 -log10(p)=1
-0.064765337036787	0.427392736193641	609	logFC=-0.25 -log10(p)=1
0.047713392618983	-0.337130187310384	609	logFC=-0.25 -log10(p)=1
-0.058608096843393	0.198715352473959	609	logFC=-0.25 -log10(p)=1
0.0918321773187545	0.231057425623382	609	logFC=0 -log10(p)=0
0.0139538312659895	0.0301337863421686	609	logFC=0 -log10(p)=0
0.0162746170639329	0.0342391231252891	609	logFC=0 -log10(p)=0
-0.107220546463849	0.352857170745311	414	logFC=0.25 -log10(p)=0
-0.053137590825332	-0.395564063777704	414	logFC=0.25 -log10(p)=1
-0.06234913683534	-0.116777855035676	414	logFC=0.5 -log10(p)=2
0.048970147510925	0.120618433495853	414	logFC=0.25 -log10(p)=1
0.10339793364566	0.188541919619885	414	logFC=0.25 -log10(p)=1
-0.002630066624179	-0.257264005289412	414	logFC=0.25 -log10(p)=1
-0.10868262151801	0.370842376753661	414	logFC=0.25 -log10(p)=0
-0.109175574899848	0.35067587706936	414	logFC=0.25 -log10(p)=0
-0.10121652756413	0.215832667274487	152	logFC=0 -log10(p)=0
0.0562044791567815	0.102439161949384	152	logFC=0 -log10(p)=0
-0.049715941733923	-0.162301015664527	152	logFC=-0.5 -log10(p)=2
-0.040766588057808	-0.408284856133647	152	logFC=-0.25 -log10(p)=1
0.046529267224467	0.416491291193219	152	logFC=-0.25 -log10(p)=0
-0.030093655523429	-0.375997212946186	152	logFC=-0.25 -log10(p)=1
0.121846427498744	-0.0484428006784824	136	logFC=0.5 -log10(p)=1
0.082169009277089	0.343350266884904	865	logFC=-0.25 -log10(p)=0
0.096127901372007	0.435685602588187	865	logFC=-0.75 -log10(p)=2
-0.070727039736426	-0.0361775743076147	770	logFC=-0.25 -log10(p)=1
-0.090835049098328	0.0760489849109485	770	logFC=-0.5 -log10(p)=2
-0.045165517382813	-0.492576055355948	232	logFC=-0.5 -log10(p)=2
-0.0316384722665199	-0.288479474658843	232	logFC=-0.75 -log10(p)=3
-0.024722766596936	0.452951913672736	232	logFC=-0.5 -log10(p)=1
-0.075491191673954	-0.13750333959065	232	logFC=-0.75 -log10(p)=3
-0.093748175844961	-0.135472939047583	232	logFC=-0.75 -log10(p)=3
-0.123759869873826	-0.397605740861825	232	logFC=-0.5 -log10(p)=2
0.048992891744881	-0.00968856371969273	738	logFC=-0.5 -log10(p)=1
-0.100285494312794	-0.283260138361409	738	logFC=-0.5 -log10(p)=2
-0.032922179799328	0.0826892276171867	738	logFC=-0.75 -log10(p)=2
-0.0819474424620199	0.468889221041262	738	logFC=-1 -log10(p)=2
0.00685603742415797	-0.163522902837382	608	logFC=-0.75 -log10(p)=18
-0.074764546625848	-0.445146230969957	608	logFC=-0.5 -log10(p)=13
-0.042800659252733	-0.190163192480584	530	logFC=-0.5 -log10(p)=10
-0.053475875306838	0.152192447524232	530	logFC=-0.5 -log10(p)=9
0.039711760579035	-0.406158153016762	974	logFC=-0.5 -log10(p)=6
0.066070361422122	0.165469721178365	974	logFC=-0.5 -log10(p)=5
-0.103395212673637	0.46895739528754	974	logFC=-0.25 -log10(p)=3
0.06798493654633	-0.241817159433918	974	logFC=-0.5 -log10(p)=5
0.063995949408219	-0.405914001926294	974	logFC=-0.5 -log10(p)=5
0.044249364476732	0.455204322207155	974	logFC=-0.5 -log10(p)=4
-0.04295575220408	0.0102865319494434	974	logFC=-0.5 -log10(p)=5
0.011806806015271	-0.0136706453441025	974	logFC=-0.5 -log10(p)=4
-0.00385248289743401	0.333720457239343	974	logFC=-0.25 -log10(p)=1
-0.029672539243369	0.441889142535235	609	logFC=-0.25 -log10(p)=1
-0.065291295665835	-0.215812741870599	609	logFC=-0.25 -log10(p)=2
-0.068498457052847	-0.294645082883935	609	logFC=-0.25 -log10(p)=2
-0.036061275600243	0.339810763476962	609	logFC=-0.25 -log10(p)=1
-0.106080942325011	0.314580080921243	609	logFC=0 -log10(p)=0
0.0640652916312148	0.16069732272778	609	logFC=0 -log10(p)=0
0.0128636141165633	0.0291899211096169	609	logFC=0 -log10(p)=0
-0.0417209074855905	0.103034176227777	609	logFC=0 -log10(p)=0
-0.0491816834957509	0.123352252448521	609	logFC=0 -log10(p)=0
0.102748570523123	0.441261971303775	609	logFC=-0.25 -log10(p)=0
-0.109572304481519	0.311448327918294	609	logFC=0 -log10(p)=0
0.0663079247669256	0.165971864626472	609	logFC=0 -log10(p)=0
-0.014347773752586	-0.0150349958650363	609	logFC=-0.25 -log10(p)=1
-0.1083756976504	-0.438616590512092	609	logFC=-0.25 -log10(p)=2
-0.027330358198666	0.0389957997391797	609	logFC=-0.25 -log10(p)=1
0.021749692265784	0.206758789581252	609	logFC=-0.5 -log10(p)=2
-7.65607948982616e-07	-0.352186799180002	152	logFC=-0.25 -log10(p)=1
0.091565286857216	0.446562842565184	152	logFC=-0.5 -log10(p)=1
-0.10188211566775	-0.163932313487648	152	logFC=-0.5 -log10(p)=2
-0.00574849489564699	0.199573839333969	152	logFC=-0.75 -log10(p)=3
-0.020185604530762	-0.401450329683333	152	logFC=-0.25 -log10(p)=1
-0.0304560759430601	0.0663905835233534	136	logFC=-1.25 -log10(p)=2
0.054325379235655	-0.431766588985133	865	logFC=-0.5 -log10(p)=2
0.0999635655754521	-0.338640805320618	865	logFC=-0.75 -log10(p)=3
-0.025422105912641	-0.315262041717767	770	logFC=-0.75 -log10(p)=5
-0.103016835526301	-0.32118539274777	770	logFC=-0.5 -log10(p)=3
0.051788345545313	0.311693126322882	232	logFC=-1 -log10(p)=4
0.118234112298249	0.309563794016868	232	logFC=-0.75 -log10(p)=2
-0.108530896332075	0.404963345350104	232	logFC=-0.75 -log10(p)=3
0.000939841832080957	-0.00391240214253674	232	logFC=-0.75 -log10(p)=3
0.056734332454687	0.213194952021341	232	logFC=-1 -log10(p)=4
0.036404784144894	0.37363049244865	232	logFC=-0.5 -log10(p)=1
0.056477969740076	0.326283315225834	232	logFC=-0.75 -log10(p)=2
0.05391021343612	-0.0688293650458718	232	logFC=-1.25 -log10(p)=6
0.0855473688895401	-0.254184503481702	738	logFC=-1.5 -log10(p)=6
0.117203932560752	0.498218824975553	738	logFC=-1 -log10(p)=2
0.0742604794741999	0.242489040344272	297	logFC=-1.25 -log10(p)=2
-0.115878340306813	-0.27680221288129	608	logFC=-0.5 -log10(p)=15
-0.019082503878037	-0.376358328472474	608	logFC=-0.5 -log10(p)=11
-0.091999621541208	0.085002347786169	530	logFC=-0.5 -log10(p)=11
-0.104590708994454	-0.335439397854412	530	logFC=-0.5 -log10(p)=10
0.00929675207730801	0.454712391421382	530	logFC=-0.5 -log10(p)=7
-0.084246725777567	-0.254883930112345	530	logFC=-0.25 -log10(p)=4
0.039739321934284	-0.311317654036764	530	logFC=-0.25 -log10(p)=2
-0.054998574480213	-0.171389070396407	530	logFC=-0.25 -log10(p)=3
0.012633816029115	-0.221215218594691	974	logFC=-0.25 -log10(p)=2
0.046267867951782	-0.0473025543990726	974	logFC=-0.5 -log10(p)=4
0.095610671774828	-0.250737355697092	974	logFC=-0.25 -log10(p)=1
-0.110404511372809	0.471724440793767	974	logFC=0 -log10(p)=0
0.090220910087922	-0.301923502538821	609	logFC=-0.5 -log10(p)=3
0.029968906168163	0.123943263798239	609	logFC=-0.25 -log10(p)=1
-0.083357741643862	-0.0642574964419087	609	logFC=-0.25 -log10(p)=2
0.047402213227007	-0.173193103729757	609	logFC=-0.5 -log10(p)=3
0.0260413834732271	0.0692365747120922	609	logFC=0 -log10(p)=0
0.01244497352815	-0.019159724417502	609	logFC=-0.25 -log10(p)=1
-0.059797232102482	0.459847348457377	609	logFC=-0.25 -log10(p)=1
0.121357835465548	0.417511876465278	609	logFC=-0.25 -log10(p)=0
0.109169626436381	0.121529150431513	609	logFC=-0.5 -log10(p)=2
0.0373399439252853	0.0956356660877715	609	logFC=0 -log10(p)=0
-0.12172419004569	-0.234223533257963	609	logFC=-0.25 -log10(p)=2
0.0714390373848655	0.193496527541961	609	logFC=0 -log10(p)=0
0.04186246146409	-0.18965940589732	609	logFC=-0.25 -log10(p)=1
0.045740541976774	-0.225110144030441	609	logFC=-0.25 -log10(p)=1
-0.04990462843858	0.183781745951037	609	logFC=-0.5 -log10(p)=3
-0.0658703798322841	0.159397927437051	609	logFC=-0.5 -log10(p)=3
-0.00238131593153701	0.0127758591897447	152	logFC=-0.5 -log10(p)=2
-0.03221482025932	0.010882348997713	152	logFC=-1 -log10(p)=6
-0.0582167363949415	0.0967192031702004	152	logFC=0 -log10(p)=0
0.049817458704445	0.452589646723051	152	logFC=-0.25 -log10(p)=0
0.019062354057533	-0.163610051450083	152	logFC=-0.75 -log10(p)=3
-0.077322222320785	0.393088634103446	136	logFC=-0.25 -log10(p)=0
0.109342750637744	0.23255865700498	865	logFC=-1 -log10(p)=4
0.030910404930552	-0.174687514115106	865	logFC=-0.5 -log10(p)=2
0.105118662800157	0.167963341043904	770	logFC=-1 -log10(p)=5
-0.0260616024253419	0.147683970929622	770	logFC=-0.75 -log10(p)=4
-0.0132146411072001	-0.371798022691297	232	logFC=-1.25 -log10(p)=8
-0.092810979161783	-0.140444190284091	232	logFC=-0.25 -log10(p)=1
-0.015472708573199	0.0795459470495592	232	logFC=-0.75 -log10(p)=3
0.072326398321913	-0.421116341003588	232	logFC=-1 -log10(p)=5
-0.039657003818305	0.439137480426183	232	logFC=-0.75 -log10(p)=3
-0.117251870639599	0.100012872185947	738	logFC=-0.5 -log10(p)=2
0.070911112129716	0.207388309258562	738	logFC=-0.75 -log10(p)=2
0.11421018162021	-0.486509664058098	738	logFC=-1.5 -log10(p)=7
0.0874498961064401	-0.499360004849393	738	logFC=-1.25 -log10(p)=5
0.05436912411831	-0.271557830999307	738	logFC=-1 -log10(p)=3
-0.0567964256505298	0.13455385125954	297	logFC=-2 -log10(p)=5
0.11109747981794	-0.0567920718419792	297	logFC=-3 -log10(p)=7
0.041487588176777	-0.0425997765937289	608	logFC=-0.75 -log10(p)=17
0.094880737348764	0.0926946840483902	608	logFC=-0.5 -log10(p)=7
0.101536002065055	0.40889239714052	530	logFC=-0.5 -log10(p)=5
0.11308630426078	-0.371779426312307	530	logFC=-0.5 -log10(p)=6
0.102147961554031	0.0950384991510911	530	logFC=-0.25 -log10(p)=1
-0.0309640053226751	0.145005752814375	530	logFC=0 -log10(p)=0
0.046587758390483	-0.453498501106072	530	logFC=-0.25 -log10(p)=2
-0.0693776860419759	0.318519703280187	974	logFC=0 -log10(p)=0
0.124438112675391	-0.454537401637541	974	logFC=-0.25 -log10(p)=1
0.032936862136826	0.113849635463364	974	logFC=0 -log10(p)=0
-0.1024844219659	0.388265298206445	974	logFC=0 -log10(p)=0
0.00694417332139415	0.0190284469506198	609	logFC=0 -log10(p)=0
0.028592372499411	0.0248569907323961	609	logFC=-0.25 -log10(p)=1
-0.0811292438536914	0.259923308646911	609	logFC=0 -log10(p)=0
0.012984140666701	-0.0466080244733671	609	logFC=-0.25 -log10(p)=1
-0.045184144847549	-0.219498835291723	609	logFC=0.25 -log10(p)=1
0.055523612371913	-0.34635939749327	609	logFC=-0.25 -log10(p)=1
0.042034124841604	-0.246417902275669	609	logFC=-0.25 -log10(p)=1
-0.0615177820574744	0.162406497480258	609	logFC=0 -log10(p)=0
0.0763900496975577	0.194686612639345	609	logFC=0 -log10(p)=0
-0.075860999349055	-0.41066485056318	609	logFC=0.25 -log10(p)=1
-0.0450152018645792	0.111594128782721	609	logFC=0 -log10(p)=0
0.00693227242157426	0.0151048190180838	609	logFC=0 -log10(p)=0
-0.076943966554809	0.488825448037243	609	logFC=0.25 -log10(p)=0
-0.00829286490462669	0.0181069553105299	609	logFC=0 -log10(p)=0
0.0332907705442205	0.0743658747359765	609	logFC=0 -log10(p)=0
0.123782504365004	0.331580624379462	152	logFC=-0.5 -log10(p)=1
0.047830827543801	-0.485463902972611	152	logFC=-0.5 -log10(p)=2
0.028179131620896	-0.463736789334582	152	logFC=-1 -log10(p)=5
-0.00555569764994601	0.380729738929003	152	logFC=-0.5 -log10(p)=1
-0.0845907762778127	0.153554872855912	152	logFC=0 -log10(p)=0
-0.115909833075398	0.268183762056954	152	logFC=-0.75 -log10(p)=3
0.018359338002789	-0.355578586144978	136	logFC=0.5 -log10(p)=1
-0.021571782642957	-0.18593407375246	865	logFC=-0.5 -log10(p)=2
0.086402184788496	0.102334191835343	865	logFC=-0.5 -log10(p)=1
0.074665456624052	0.00554417098074334	770	logFC=-0.75 -log10(p)=3
-0.056245194914706	0.161060885008171	770	logFC=-0.5 -log10(p)=2
-0.036255104965641	0.00896750232934007	232	logFC=-0.75 -log10(p)=3
0.119090692873406	0.022486873225962	232	logFC=-1 -log10(p)=3
0.1017494392545	-0.208197077225851	232	logFC=-0.75 -log10(p)=2
-0.0267240054272621	-0.0861055425123194	232	logFC=-0.75 -log10(p)=3
-0.054528446154543	0.472008231619721	738	logFC=-0.5 -log10(p)=1
0.034679487719618	0.40365555320446	738	logFC=-0.25 -log10(p)=0
0.008664236636372	0.159131943429968	738	logFC=-0.5 -log10(p)=1
-0.0319202771462099	0.150144041116985	738	logFC=-1 -log10(p)=3
0.043745168670971	-0.328882140044842	738	logFC=-1 -log10(p)=3
0.025614916782199	-0.475381353305425	738	logFC=-1 -log10(p)=3
0.0803599445062102	0.0173654915786114	297	logFC=-2.25 -log10(p)=4
0.0774017756073799	0.398990930366348	297	logFC=-1.25 -log10(p)=2
-0.0538532006868602	-0.328565998271405	549	logFC=-2 -log10(p)=3
-0.099340418095915	-0.0203748312125196	608	logFC=-0.5 -log10(p)=14
-0.00493787682506602	-0.258307019076951	608	logFC=-0.25 -log10(p)=4
0.078879703328899	-0.350788657157894	608	logFC=-0.5 -log10(p)=8
-0.0913954230341722	-0.358615489670529	530	logFC=0 -log10(p)=1
0.112935948352122	0.00424255078419855	530	logFC=-0.25 -log10(p)=1
-0.021327937790889	0.493103931383782	530	logFC=-0.25 -log10(p)=2
0.048488448408673	0.451271941763664	974	logFC=-0.25 -log10(p)=1
0.0338403755947287	0.123899725322711	974	logFC=0 -log10(p)=0
-0.109765915254742	-0.321339459569858	974	logFC=0.25 -log10(p)=1
-0.086023793883017	-0.172889334514816	974	logFC=0.25 -log10(p)=1
-0.0220595135701388	0.0614993796878195	609	logFC=0 -log10(p)=0
-0.0824935027224408	0.290241125417429	609	logFC=0 -log10(p)=0
0.052276228025651	-0.219590245307862	609	logFC=-0.25 -log10(p)=1
0.00740876860315541	0.0181951052744034	609	logFC=0 -log10(p)=0
-0.033590306278039	-0.200307271580544	609	logFC=0.25 -log10(p)=1
-0.00541211401619199	-0.0319143865805707	609	logFC=0.25 -log10(p)=1
-0.124272942712422	-0.222270946379777	609	logFC=0.5 -log10(p)=2
0.121072230789165	0.353803244853301	609	logFC=0 -log10(p)=0
0.00785533901005797	-0.472124475689951	609	logFC=0.5 -log10(p)=3
-0.076917080497705	-0.463037160010095	609	logFC=0.25 -log10(p)=1
0.015120272175691	0.13812951445927	609	logFC=0.25 -log10(p)=1
0.046087107764559	0.213232034273201	609	logFC=0.25 -log10(p)=1
0.113801397204111	-0.452215932961445	609	logFC=0.25 -log10(p)=2
-0.021873943519313	-0.185843029296564	609	logFC=0.25 -log10(p)=1
0.097732158070023	0.417726047326287	609	logFC=-0.25 -log10(p)=0
-0.121328276176715	0.282434717826113	152	logFC=0 -log10(p)=0
0.049073774976241	-0.329967224645652	152	logFC=-0.5 -log10(p)=2
0.067329661815453	0.428284548144858	152	logFC=-0.25 -log10(p)=0
-0.101936487959738	-0.0655215707410355	152	logFC=-0.5 -log10(p)=2
0.028915478163624	0.497543308466761	152	logFC=-0.25 -log10(p)=0
-0.023102394673466	-0.326534374497997	152	logFC=-0.25 -log10(p)=1
0.024726150631546	0.322463130909288	136	logFC=0.25 -log10(p)=0
0.0128404658158098	0.0213771578150288	865	logFC=0 -log10(p)=0
0.00915180814128298	0.0141402063892526	865	logFC=0 -log10(p)=0
-0.00786510847632999	-0.269337854666406	770	logFC=-0.25 -log10(p)=1
-0.00829395307221698	-0.374439883941365	770	logFC=-0.25 -log10(p)=1
0.012832184839038	-0.230141336457688	232	logFC=-1 -log10(p)=4
0.00605470881972803	-0.419405574824467	232	logFC=-1 -log10(p)=4
0.010749520199596	-0.206115974786681	232	logFC=-1 -log10(p)=4
-0.023150851872993	-0.168095678808049	232	logFC=-0.75 -log10(p)=3
-0.094653714123364	-0.249938561589614	738	logFC=-0.25 -log10(p)=1
0.062731732648991	-0.205962633455162	738	logFC=-1 -log10(p)=3
-0.08990629526	-0.345165943276311	738	logFC=-0.25 -log10(p)=1
-0.087608641825472	-0.302299403354243	738	logFC=-0.25 -log10(p)=1
0.084973906021128	-0.482886438064692	738	logFC=-0.75 -log10(p)=2
-0.051945249244401	-0.260231761348939	738	logFC=-0.75 -log10(p)=2
0.0772592104168399	-0.492196497473014	738	logFC=-1.25 -log10(p)=3
-0.0428145345622699	0.13600968349759	297	logFC=-1.25 -log10(p)=2
-0.04984493602801	-0.197065332900253	549	logFC=-2.25 -log10(p)=3
-0.1073569891354	0.278490391563131	549	logFC=-1.5 -log10(p)=1
0.109043452341221	0.139035262893421	608	logFC=-0.75 -log10(p)=15
-0.113461617994359	-0.452945486887169	608	logFC=-0.25 -log10(p)=7
-0.00969795062732681	0.0470031310610757	530	logFC=0 -log10(p)=0
-0.121466994075682	-0.161056429579904	530	logFC=0 -log10(p)=1
-0.05705599368266	-0.0349030358862605	530	logFC=-0.25 -log10(p)=3
0.073576533012445	0.146442967042224	974	logFC=-0.25 -log10(p)=1
-0.034692848176134	0.129579414822107	974	logFC=0 -log10(p)=0
-0.016386218476587	0.432944115412148	974	logFC=0.25 -log10(p)=1
0.0626882928062425	0.22740061005649	974	logFC=0 -log10(p)=0
-0.0362998551033987	0.106415245306834	609	logFC=0 -log10(p)=0
-0.0878503355964014	0.308364031965707	609	logFC=0 -log10(p)=0
0.0536424723474128	0.161866451237726	609	logFC=0 -log10(p)=0
-0.123323886011631	-0.199016838805754	609	logFC=-0.25 -log10(p)=2
-0.059134463083608	-0.329712641612181	609	logFC=0.25 -log10(p)=1
0.070770734161048	0.305767827602145	609	logFC=0.5 -log10(p)=3
-0.00976534900864601	0.488278959667873	609	logFC=0.75 -log10(p)=5
-0.020781603247108	-0.405710027029921	609	logFC=0.5 -log10(p)=3
-0.084301816505778	-0.476654043239777	609	logFC=0.25 -log10(p)=1
0.00500849728280595	-0.380206715736081	609	logFC=0.5 -log10(p)=3
0.076479174435878	-0.476982330066836	609	logFC=0.25 -log10(p)=2
0.111647455161543	0.312969041659484	609	logFC=0 -log10(p)=0
-0.024796572650758	0.295299786461366	609	logFC=0.5 -log10(p)=2
0.0934910469098547	0.228370946139382	609	logFC=0 -log10(p)=0
0.112610240141385	0.33861914574715	152	logFC=-0.25 -log10(p)=0
-0.097668386840795	0.0930814750434759	152	logFC=-0.25 -log10(p)=1
-0.024897852875191	0.059894826875607	152	logFC=-0.5 -log10(p)=2
-0.116438981931144	0.0782756185341018	152	logFC=-0.25 -log10(p)=1
-0.123838025435205	-0.00209953546931863	152	logFC=-0.25 -log10(p)=1
0.098527414857534	0.327716365947857	152	logFC=-0.25 -log10(p)=0
0.077947329137461	0.341795215286813	152	logFC=-0.25 -log10(p)=0
-0.0552552040222258	0.047633026242382	136	logFC=0 -log10(p)=0
0.02919699389858	0.497353466600517	865	logFC=-0.25 -log10(p)=0
0.049908423864151	0.406059810698262	865	logFC=-0.25 -log10(p)=0
-0.081532210191371	-0.0848194083073118	770	logFC=-0.25 -log10(p)=1
0.04000827329424	-0.131341471465797	770	logFC=-0.75 -log10(p)=3
0.0849847317800561	0.108549074613232	232	logFC=-0.75 -log10(p)=2
-0.074862216402746	0.368687708536723	232	logFC=-0.5 -log10(p)=1
-0.1141035295302	-0.098731249721415	232	logFC=-1 -log10(p)=4
-0.0229179127499615	0.0342586665057641	232	logFC=0 -log10(p)=0
0.0497405577686451	-0.252473423530707	738	logFC=-0.75 -log10(p)=2
0.058003690008033	-0.00591808446393272	738	logFC=-0.5 -log10(p)=1
-0.00190629421031302	0.443799988233986	738	logFC=-0.25 -log10(p)=0
-0.122240918193415	-0.229940871370022	738	logFC=-0.25 -log10(p)=1
0.049956110324716	-0.283553084006009	738	logFC=-1 -log10(p)=3
-0.0452602193945499	-0.472099806313838	738	logFC=-1 -log10(p)=3
0.0783260282484399	-0.0806337580588306	297	logFC=-1.75 -log10(p)=4
0.10264431218879	-0.118998500825053	297	logFC=-1.25 -log10(p)=2
-0.0178500591847399	-0.209578789328517	549	logFC=-1.5 -log10(p)=2
-0.0760712787406299	-0.00797830104385966	549	logFC=-1 -log10(p)=1
-0.033602283696711	0.485429642425462	549	logFC=-0.75 -log10(p)=0
0.086245652472941	-0.416726973880245	608	logFC=-0.75 -log10(p)=17
-0.011070809703603	-0.35733206243916	608	logFC=-0.25 -log10(p)=4
0.081264880522657	-0.38629157135593	530	logFC=-0.25 -log10(p)=2
-0.073694564254414	-0.167454643802951	530	logFC=-0.25 -log10(p)=4
-0.064412736213321	0.11992106132065	530	logFC=-0.25 -log10(p)=3
-0.094473266902377	0.0201832720883339	974	logFC=-0.25 -log10(p)=3
-0.014921514936128	0.0553456897212693	974	logFC=0 -log10(p)=0
0.0959508005609916	0.436014446881747	974	logFC=0 -log10(p)=0
0.0387211033434278	0.133732075203363	974	logFC=0 -log10(p)=0
0.100537926798141	-0.283693235403454	974	logFC=-0.25 -log10(p)=1
-0.018381377905275	0.0574281105214886	974	logFC=0 -log10(p)=0
0.021994260675383	0.156318863975974	609	logFC=-0.5 -log10(p)=3
0.110839614156159	0.388393187405125	609	logFC=0 -log10(p)=0
0.124672914114276	0.457227601089208	609	logFC=0 -log10(p)=0
-0.00605127943252458	0.0154305137633013	609	logFC=0 -log10(p)=0
-0.078830980528062	-0.355920316551647	609	logFC=0.25 -log10(p)=1
-0.008106080428637	0.0328579215182441	609	logFC=0.25 -log10(p)=1
-0.00736615641751801	-0.00660919232747315	609	logFC=0.25 -log10(p)=1
0.0388249234955703	0.105379693496136	609	logFC=0 -log10(p)=0
0.0757132491656977	0.225564605198447	609	logFC=0 -log10(p)=0
-0.110608472284618	0.457702476362804	609	logFC=0.25 -log10(p)=0
0.0563980254097357	0.148041116250029	609	logFC=0 -log10(p)=0
-0.00227700491373295	-0.25079136106219	609	logFC=-0.5 -log10(p)=3
0.076251202120758	-0.137644386436965	609	logFC=-0.5 -log10(p)=2
-0.024243343087111	-0.158735688323421	152	logFC=-0.25 -log10(p)=1
-0.073257194343851	0.449175196033146	152	logFC=-0.75 -log10(p)=3
0.077456047323154	0.0626779413820462	152	logFC=-0.5 -log10(p)=1
-0.084394697117526	-0.104719096061242	152	logFC=-0.25 -log10(p)=1
0.080754952890543	0.19682696327738	152	logFC=-0.5 -log10(p)=1
0.0655086264319261	0.0644571299317402	136	logFC=0 -log10(p)=0
-0.094908457645673	0.0442189674499058	770	logFC=-0.25 -log10(p)=1
0.095859046750339	-0.317628251234208	770	logFC=-0.75 -log10(p)=3
-0.123258783996735	-0.213336651721139	770	logFC=-0.5 -log10(p)=3
0.062337355497476	-0.0111712330846401	770	logFC=-0.75 -log10(p)=3
-0.01522454085889	-0.187237116640275	232	logFC=-1 -log10(p)=5
-0.022593314142709	-0.432185798934039	232	logFC=-0.75 -log10(p)=3
0.011293259075264	0.420301527139131	232	logFC=-0.75 -log10(p)=2
-0.0412021760674901	-0.320571180053764	232	logFC=-1 -log10(p)=5
-0.118386573661207	0.106186211199642	232	logFC=-0.5 -log10(p)=2
-0.01046174758605	0.236189701035208	232	logFC=-1 -log10(p)=4
0.122065250418279	-0.326353754070194	738	logFC=-0.75 -log10(p)=2
-0.099888828606697	-0.280963681472272	738	logFC=-0.25 -log10(p)=1
-0.0507257031072099	0.363133960987531	738	logFC=-1 -log10(p)=3
-0.0786858826847401	0.0296264542580107	738	logFC=-1 -log10(p)=3
-0.075830111178092	-0.0320187290087457	297	logFC=-0.5 -log10(p)=1
0.11760486812814	0.309720948107704	297	logFC=-1.75 -log10(p)=3
0.09970821651535	-0.0481744283511446	549	logFC=-1 -log10(p)=1
-0.00931297992144997	0.199429689861696	549	logFC=-1.75 -log10(p)=1
-0.0353760530114999	-0.126249407743164	549	logFC=-1 -log10(p)=1
0.0921746420544496	0.249947513332457	549	logFC=-4.75 -log10(p)=2
0.114978092696959	0.454055041892202	608	logFC=-0.75 -log10(p)=15
0.00810387085994602	-0.0710088957387267	608	logFC=-0.5 -log10(p)=10
-0.122564218486562	-0.496866829728445	530	logFC=-0.5 -log10(p)=12
-0.038171457087379	-0.250474214161268	530	logFC=-0.5 -log10(p)=8
0.095537047198702	0.496916018688756	530	logFC=-0.5 -log10(p)=4
0.0377367606851245	0.166760827922596	530	logFC=0 -log10(p)=0
-0.0881062998059557	0.429999533161482	974	logFC=0 -log10(p)=0
0.083112702681185	-0.117676326179031	974	logFC=-0.25 -log10(p)=1
0.083890954880598	-0.0710532717982253	974	logFC=-0.25 -log10(p)=1
0.013565419495911	0.449846669313635	974	logFC=-0.25 -log10(p)=1
0.079213498803251	-0.167514639022685	609	logFC=-0.75 -log10(p)=6
0.11315871056475	-0.467674217443086	609	logFC=-0.25 -log10(p)=1
-0.0263517491880542	0.0734217318749284	609	logFC=0 -log10(p)=0
-0.094719329579177	-0.366796869031753	609	logFC=0.25 -log10(p)=1
0.0449941957698917	0.135644858288056	609	logFC=0 -log10(p)=0
-0.017296989188963	0.00312785450975395	609	logFC=0.25 -log10(p)=1
0.107515654478069	-0.278413439201006	609	logFC=0.25 -log10(p)=2
-0.013181578937788	0.140223069074815	609	logFC=0.25 -log10(p)=1
-0.0133634243374811	0.0353025393630563	609	logFC=0 -log10(p)=0
0.0551647469774342	0.147282426563288	609	logFC=0 -log10(p)=0
0.104214046472774	0.336204145878853	609	logFC=0 -log10(p)=0
0.068894024292581	0.242985264128399	609	logFC=-0.75 -log10(p)=4
-0.039838047043579	-0.422135122977137	609	logFC=-0.5 -log10(p)=3
0.053851933453514	0.267234746247209	152	logFC=-0.75 -log10(p)=3
0.043872486114805	0.222158372477066	152	logFC=-0.75 -log10(p)=3
-0.062226767439536	0.410250897891211	152	logFC=0.25 -log10(p)=0
-0.085427384188295	0.381694327070147	152	logFC=-0.5 -log10(p)=2
0.10667518363361	0.0675624705298368	152	logFC=-0.5 -log10(p)=1
0.0637808989574516	0.0581101859003185	136	logFC=0 -log10(p)=0
-0.091245825023431	0.443996426767404	770	logFC=-0.5 -log10(p)=2
-0.00859969577222697	-0.229892195924631	770	logFC=-0.5 -log10(p)=2
-0.108496707246938	-0.337749714976884	770	logFC=-0.5 -log10(p)=3
-0.011449829994946	-0.354517288044059	770	logFC=-0.75 -log10(p)=4
-0.014725960538308	-0.204995699344191	232	logFC=-0.75 -log10(p)=3
0.024903750224048	0.103552471558879	232	logFC=-0.75 -log10(p)=2
-0.0383189161736199	-0.0090337704490473	232	logFC=-1 -log10(p)=4
0.019384466239505	0.418751411578398	232	logFC=-0.5 -log10(p)=1
-0.08976046263822	-0.226012506309816	232	logFC=-1 -log10(p)=5
0.029013468048366	0.240623795872259	232	logFC=-0.5 -log10(p)=1
0.08710219676124	0.299026212368283	738	logFC=-1.25 -log10(p)=4
-0.0400968475460299	0.302912172914721	738	logFC=-1 -log10(p)=3
-0.0818420679012699	0.0905608540449125	738	logFC=-1 -log10(p)=3
-0.08947733470387	-0.246089665023032	297	logFC=-1.5 -log10(p)=5
-0.11279354795533	0.292855447603081	297	logFC=-1 -log10(p)=2
0.0345861716286602	0.427555160851858	297	logFC=-2.5 -log10(p)=4
0.0432959708307901	-0.453441108305406	549	logFC=-1.5 -log10(p)=2
-0.047611027116875	0.153969076083867	549	logFC=-0.25 -log10(p)=0
-0.10928221521558	0.347445395092941	549	logFC=-1.5 -log10(p)=1
-0.120600807450509	0.35716921831739	549	logFC=-0.75 -log10(p)=0
-0.00365840483554153	0.00123100476885248	549	logFC=0 -log10(p)=0
0.00511394751447403	0.441517579850427	608	logFC=-0.75 -log10(p)=18
0.069993578170525	-0.111405175243733	608	logFC=-0.5 -log10(p)=8
0.112107347579651	-0.28085791746198	530	logFC=-0.5 -log10(p)=6
0.010286302886086	0.261326377976549	530	logFC=-0.25 -log10(p)=2
0.0673114647648272	0.35469142981375	530	logFC=0 -log10(p)=0
-0.110109604175516	-0.354013917734922	530	logFC=0 -log10(p)=1
0.028934541060166	-0.447571514099466	974	logFC=-0.25 -log10(p)=2
-0.058268249206652	-0.460738237857459	974	logFC=-0.25 -log10(p)=3
0.02363603327352	-0.290290483653186	974	logFC=-0.5 -log10(p)=5
-0.011487957757919	0.249911221967542	974	logFC=-0.75 -log10(p)=8
-0.0598491302419535	0.214419241938109	974	logFC=0 -log10(p)=0
0.034803879571494	0.0652048487610359	974	logFC=-0.25 -log10(p)=1
0.093536443905825	-0.300992534978734	974	logFC=-0.25 -log10(p)=1
-0.118429273601839	0.455185290095277	974	logFC=0 -log10(p)=0
0.035099147865173	0.0634342149220055	974	logFC=-0.25 -log10(p)=1
0.047223030829504	-0.0559712275562616	609	logFC=-0.25 -log10(p)=1
-0.00489212786697399	0.0132049298403983	609	logFC=0 -log10(p)=0
-0.104942994047709	0.345931373482828	609	logFC=0 -log10(p)=0
0.02628455975725	-0.0213880470151394	609	logFC=-0.25 -log10(p)=1
0.048047380053773	-0.101484461620905	609	logFC=-0.25 -log10(p)=1
-0.119212956751113	-0.134997791028955	609	logFC=-0.25 -log10(p)=2
0.066784129536107	0.167076246919976	609	logFC=-0.75 -log10(p)=4
-0.054538916195901	-0.0135748499038781	152	logFC=-0.25 -log10(p)=1
-0.121781968083791	-0.303712223940277	152	logFC=-0.75 -log10(p)=5
-0.011588682211812	-0.393152278576711	152	logFC=-0.25 -log10(p)=1
-0.120647102617251	0.104310304882112	152	logFC=-0.25 -log10(p)=1
0.100140848806809	-0.329210331368026	152	logFC=-0.75 -log10(p)=3
-0.023947933345021	-0.376814768310485	136	logFC=0.5 -log10(p)=1
-0.082236331578458	0.339870026209521	770	logFC=-0.5 -log10(p)=2
0.057524892573865	0.0791998702367662	770	logFC=-0.75 -log10(p)=3
-0.045020498429688	-0.433120803653053	770	logFC=-0.75 -log10(p)=5
-0.0244346563715401	0.488709285165754	770	logFC=-1.25 -log10(p)=8
-0.02044224713067	-0.0900375723383311	232	logFC=-1.25 -log10(p)=7
0.036550876515609	0.051611540322384	232	logFC=-0.5 -log10(p)=1
0.041196569097794	-0.267436726767464	232	logFC=-1 -log10(p)=4
0.124185066934394	0.0578039408943694	232	logFC=-1 -log10(p)=4
-0.0977238622352301	-0.0296386065767598	232	logFC=-1 -log10(p)=5
0.0088286464757199	0.222063525780792	738	logFC=-1.25 -log10(p)=5
-0.042943088058627	-0.441200782427958	738	logFC=-0.75 -log10(p)=3
0.039848309436002	0.142043855474106	738	logFC=-0.5 -log10(p)=1
0.08093882047518	-0.0533194539315516	738	logFC=-1.25 -log10(p)=4
0.112371753769131	0.303616832826954	738	logFC=-0.75 -log10(p)=1
0.0230275073364801	0.100055277968461	297	logFC=-2 -log10(p)=4
-0.04631738197199	-0.268545182973401	297	logFC=-1.25 -log10(p)=3
-0.10074208407874	-0.0645558884482456	549	logFC=-1 -log10(p)=1
-0.068341175731097	0.0691976502854553	549	logFC=0.25 -log10(p)=0
-6.61884274200109e-05	-0.186926685398726	549	logFC=-1.25 -log10(p)=1
-0.00692016410291996	0.190021571265993	549	logFC=-1.75 -log10(p)=1
-0.0158076491077701	-0.484326018384019	549	logFC=1.25 -log10(p)=1
0.07946489551683	-0.299436507247205	549	logFC=-1.75 -log10(p)=1
0.0301829593484	-0.364069769191985	608	logFC=-0.75 -log10(p)=18
-0.114473574321795	-0.0589193983189249	608	logFC=-0.25 -log10(p)=6
-0.023830154626635	0.183297234618848	530	logFC=-0.5 -log10(p)=8
0.117448584351859	-0.069530805275106	530	logFC=-0.25 -log10(p)=1
0.110718154653295	-0.29312187736426	530	logFC=-0.5 -log10(p)=5
0.110444476885091	0.097547435064774	974	logFC=-0.5 -log10(p)=4
0.031449004130699	-0.286660711021748	974	logFC=-0.5 -log10(p)=6
0.036876609410477	0.0958273562593366	974	logFC=-0.5 -log10(p)=5
0.123421098971063	0.087995460408365	974	logFC=-0.75 -log10(p)=7
-0.053296080455895	0.343388499483348	974	logFC=-0.25 -log10(p)=2
0.119743516651425	-0.0463768224879608	974	logFC=-0.5 -log10(p)=3
-0.08907684134205	0.219968149874206	974	logFC=-0.25 -log10(p)=2
0.10026916105599	-0.318640284465817	974	logFC=-0.25 -log10(p)=1
0.021831089072366	0.205754282034633	974	logFC=-0.25 -log10(p)=1
-0.0941561083900395	0.367907572517087	974	logFC=0 -log10(p)=0
0.032781102946344	0.0718784613416603	974	logFC=-0.25 -log10(p)=1
-0.119771420039926	0.425236909243121	609	logFC=0 -log10(p)=0
-0.031455986285114	0.487432954515785	609	logFC=-0.25 -log10(p)=1
0.079082025289928	-0.195679403405031	609	logFC=-0.5 -log10(p)=3
0.04083360262443	-0.17694851736198	609	logFC=-0.75 -log10(p)=6
0.077555895824669	0.46540066580644	609	logFC=-0.75 -log10(p)=4
-0.115681128278814	0.305050765514428	152	logFC=0 -log10(p)=0
0.113941803321769	0.0294459860793981	152	logFC=-0.75 -log10(p)=3
-0.01029546097268	0.227738656084066	152	logFC=-0.75 -log10(p)=3
-0.052764378733987	0.116398445866688	152	logFC=-0.5 -log10(p)=2
-0.107024601453966	-0.01220868226779	152	logFC=-0.75 -log10(p)=4
-0.0725175114618396	0.0718015145030802	136	logFC=0 -log10(p)=0
0.014873346019346	-0.178578533157799	770	logFC=-0.5 -log10(p)=2
-0.0947652814066999	0.265463914496367	770	logFC=-1 -log10(p)=6
0.0501279080079881	0.0933461155742492	770	logFC=-0.75 -log10(p)=4
-0.0270040522105901	0.231878424971324	770	logFC=-1 -log10(p)=6
-0.03664941772921	-0.0153092604355765	232	logFC=-1.25 -log10(p)=8
0.0201644290962699	0.122203532082795	232	logFC=-1.5 -log10(p)=7
0.123046493876634	-0.136268672104297	232	logFC=-1 -log10(p)=4
0.10607804274346	0.287926457125383	232	logFC=-1.25 -log10(p)=6
-0.0267864612723401	-0.0484030003507847	232	logFC=-1 -log10(p)=5
-0.0599401232730901	-0.200277020442589	232	logFC=-1 -log10(p)=5
0.080701864346007	-0.333087031252413	232	logFC=-1 -log10(p)=4
0.122969742197403	0.265101828954674	232	logFC=-0.75 -log10(p)=2
-0.07346391441078	-0.38956988124913	738	logFC=-1 -log10(p)=4
-0.0282624599793699	-0.0666994223623885	297	logFC=-2.75 -log10(p)=10
-0.12360561339379	0.282906360869391	297	logFC=-1.5 -log10(p)=4
-0.0442403909051801	-0.362948061696807	297	logFC=-1.5 -log10(p)=4
-0.09541861244145	0.375471488644831	549	logFC=-1 -log10(p)=1
0.0010286689461943	0.000277965927313019	549	logFC=0 -log10(p)=0
0.065357629406439	0.0674491593931165	549	logFC=-0.25 -log10(p)=0
-0.0555952839988201	-0.186423156788373	549	logFC=-1.75 -log10(p)=1
-0.076049394499234	0.0608563515084157	549	logFC=0.25 -log10(p)=0
-0.0871333238602401	0.228278031403485	549	logFC=-3.5 -log10(p)=1
-0.12077728022036	-0.353242507116295	556	logFC=-2.25 -log10(p)=1
-0.118402677894074	0.490231198762347	608	logFC=-0.5 -log10(p)=14
-0.085101722151832	-0.446453521691428	608	logFC=-0.5 -log10(p)=13
0.00944122288006299	-0.221742788424777	530	logFC=-0.25 -log10(p)=3
-0.115438272032383	0.07156185616999	530	logFC=-0.25 -log10(p)=5
0.024666079684139	-0.444439657724968	530	logFC=-0.5 -log10(p)=7
0.09146024526767	0.160851569897968	530	logFC=-0.75 -log10(p)=11
0.113865384627608	-0.452650982837543	530	logFC=-0.75 -log10(p)=10
0.0715466815409021	0.314842253359091	974	logFC=-0.75 -log10(p)=8
0.093664283901607	0.214688614513806	974	logFC=-0.5 -log10(p)=4
-0.0168162887436381	-0.470489780628811	974	logFC=-0.5 -log10(p)=6
-0.108566999382947	-0.452429737072569	974	logFC=-0.5 -log10(p)=7
-0.013720586896981	0.0913921048629511	974	logFC=-0.5 -log10(p)=5
0.011713596895621	0.333054842192464	974	logFC=-0.25 -log10(p)=1
0.120706866835774	-0.287467744991228	974	logFC=-0.5 -log10(p)=3
-0.082340240073392	-0.00191943046032694	974	logFC=-0.5 -log10(p)=5
0.031102302749171	0.323314232669103	974	logFC=-0.5 -log10(p)=3
-0.109159194831121	0.482082715373573	974	logFC=-0.25 -log10(p)=2
-0.103806440104289	0.431610778802105	974	logFC=-0.25 -log10(p)=2
-0.123248875318047	0.376154565445846	609	logFC=-0.5 -log10(p)=5
0.070464388358927	0.149311140832745	609	logFC=-0.75 -log10(p)=5
-0.094085842811012	0.129587315447099	152	logFC=-0.5 -log10(p)=3
-0.0403628467123141	-0.374887699662543	152	logFC=-0.5 -log10(p)=3
0.059151823554072	0.267478984642169	152	logFC=-0.5 -log10(p)=1
0.047215232904678	0.471170431879708	152	logFC=-1 -log10(p)=5
-0.112506459123969	0.352938781418704	152	logFC=-0.75 -log10(p)=4
0.0489419128731219	0.0442678377867723	136	logFC=0 -log10(p)=0
-0.11426416357557	0.00662990200885272	770	logFC=-0.75 -log10(p)=5
-0.012907863626083	0.211958033114125	770	logFC=-0.75 -log10(p)=4
0.103800730434359	-0.229463853051413	770	logFC=-1 -log10(p)=7
0.12147988624189	0.301312215934667	770	logFC=-1 -log10(p)=5
0.024620650560933	0.364893027599037	232	logFC=-1 -log10(p)=5
0.0864211884573139	-0.209543075557561	232	logFC=-1 -log10(p)=4
-0.10358480688199	0.483873780458433	232	logFC=-0.75 -log10(p)=3
-0.0163817638800401	-0.195969567172326	232	logFC=-1.25 -log10(p)=8
-0.071581506791694	-0.200378377348618	232	logFC=-0.75 -log10(p)=4
0.00985871744684497	-0.458685825800417	232	logFC=-1 -log10(p)=5
0.0670817454786099	-0.418171048221788	232	logFC=-1.25 -log10(p)=6
-0.03426973827901	0.40812829788296	232	logFC=-1.25 -log10(p)=6
-0.0361740773010599	0.422676104257765	738	logFC=-1.25 -log10(p)=5
-0.0792061962317101	-0.186528580604624	738	logFC=-1.75 -log10(p)=7
-0.0557720201385599	0.373680137163863	297	logFC=-2.25 -log10(p)=7
0.00379377296919992	0.39509017848148	297	logFC=-1.75 -log10(p)=3
-0.01337440940018	0.478931738911657	549	logFC=-1.5 -log10(p)=1
-0.0244239079994599	-0.412543808398455	549	logFC=-1.5 -log10(p)=1
0.0231541294850199	0.375916964276253	549	logFC=-3.75 -log10(p)=1
0.1240148091038	0.0489654656355887	549	logFC=-4.5 -log10(p)=2
-0.101220655837108	0.37075295985307	556	logFC=-0.75 -log10(p)=0
-0.11052547070355	0.113433429586421	549	logFC=-4.25 -log10(p)=2
-0.12008376334205	0.490777429544992	556	logFC=-3.75 -log10(p)=1
0.06023647539519	-0.427713556598899	608	logFC=-0.75 -log10(p)=17
0.084312293060346	-0.10948748907874	608	logFC=-0.5 -log10(p)=8
-0.079978023740988	-0.245025527865701	530	logFC=-0.5 -log10(p)=11
-0.041994775357283	-0.31822854909964	530	logFC=-0.5 -log10(p)=9
0.00979370117720302	-0.0863435405923259	530	logFC=-0.75 -log10(p)=14
-0.051831408940005	0.409057381455288	530	logFC=-0.75 -log10(p)=14
-0.105581251059884	-0.1770668697015	974	logFC=-0.75 -log10(p)=13
0.091889919240715	-0.402935247374724	530	logFC=-0.5 -log10(p)=5
0.064524101309754	-0.292863782693074	974	logFC=-0.5 -log10(p)=5
-0.03933684828838	0.293179492946617	974	logFC=-0.25 -log10(p)=2
0.118485552038919	0.278998441937202	974	logFC=-0.5 -log10(p)=3
0.092980439501884	-0.222758686522647	974	logFC=-0.25 -log10(p)=1
-0.050715047582693	-0.0617471991303442	974	logFC=-0.25 -log10(p)=2
-0.0499381006181	0.0274804904049382	974	logFC=-0.25 -log10(p)=2
0.033542837709372	0.468535217825281	974	logFC=-0.5 -log10(p)=3
-0.013792570448606	0.474067256966965	974	logFC=-0.25 -log10(p)=1
0.076926155074747	-0.209659868433212	974	logFC=-0.25 -log10(p)=1
-0.082758914285285	-0.103812984910299	609	logFC=-0.75 -log10(p)=8
-0.017554389831159	-0.0282852005965024	609	logFC=-0.75 -log10(p)=6
-0.119904566051112	0.0211461504490713	152	logFC=-0.5 -log10(p)=3
-0.102258512625668	-0.0302400497519786	152	logFC=-0.5 -log10(p)=3
-0.050976133836624	-0.0526550542029758	152	logFC=-0.5 -log10(p)=2
0.078834732577174	-0.0660135596013047	152	logFC=-1 -log10(p)=5
0.098724425555959	-0.0833698997657946	152	logFC=-1 -log10(p)=5
-0.00972779483714018	0.00986930449931532	136	logFC=0 -log10(p)=0
-0.020908133565488	0.250727582059517	770	logFC=-0.5 -log10(p)=2
0.0572127340787531	0.400102415861388	770	logFC=-0.75 -log10(p)=3
0.048845267944964	0.313790802157362	770	logFC=-1 -log10(p)=6
-0.027139086059994	0.427111232564495	770	logFC=-0.5 -log10(p)=2
-0.0117587814209299	-0.303440926637814	232	logFC=-1.5 -log10(p)=9
0.0105169269115399	0.127676397296593	232	logFC=-1.25 -log10(p)=6
0.11381148862257	-0.297549289143056	232	logFC=-1.25 -log10(p)=6
-0.0458659463089599	0.089791766398414	232	logFC=-1 -log10(p)=5
0.09715719000612	-0.121767965237074	232	logFC=-1 -log10(p)=4
-0.056839828326877	-0.281442769199956	232	logFC=-0.5 -log10(p)=2
0.037932277227136	-0.341807537832479	232	logFC=-1 -log10(p)=4
-0.0728368498208101	0.418020790099705	232	logFC=-1 -log10(p)=4
-0.031872299435422	-0.0291420077852338	738	logFC=-0.75 -log10(p)=2
0.0422694834986499	-0.202975542575495	738	logFC=-1.25 -log10(p)=4
-0.0211606458850699	0.479957933094651	297	logFC=-1.75 -log10(p)=3
0.05840348013687	0.422292020336712	297	logFC=-1.5 -log10(p)=2
0.0344728501929601	0.364538882282901	549	logFC=-2.5 -log10(p)=2
-0.1180960543337	0.478858764407096	549	logFC=-2 -log10(p)=1
0.110651648680771	0.158133535139661	549	logFC=0.25 -log10(p)=0
0.08341603650033	-0.273026624032124	549	logFC=-1.75 -log10(p)=1
-0.072089647129945	0.109348779317133	556	logFC=-0.25 -log10(p)=0
0.09560661211649	-0.278938802283448	556	logFC=-1.75 -log10(p)=1
0.0331061400970598	0.251535620546177	556	logFC=-2.25 -log10(p)=1
0.05692340998255	-0.418049518949662	556	logFC=1 -log10(p)=1
0.0898715064462401	0.410572883217692	556	logFC=-1.25 -log10(p)=0
-0.086965057194182	-0.0677103432380566	608	logFC=-0.5 -log10(p)=14
-0.116110845270236	0.0715766791386789	608	logFC=-0.25 -log10(p)=6
-0.083009655766447	0.277042687675436	530	logFC=-0.25 -log10(p)=4
-0.053799281232933	-0.0482355565516546	530	logFC=-0.75 -log10(p)=16
-0.08842221702426	0.405169860712997	530	logFC=-0.75 -log10(p)=15
0.019643455736566	-0.105316097155486	974	logFC=-0.75 -log10(p)=10
-0.109201565872942	-0.231232391785445	530	logFC=-0.5 -log10(p)=9
0.013660883812565	0.427388017706295	974	logFC=-0.5 -log10(p)=5
0.123457955911645	-0.499315501348235	974	logFC=-0.5 -log10(p)=4
-0.020035764279641	-0.124044828702068	974	logFC=-0.25 -log10(p)=2
-0.081204963827628	0.178618781479899	974	logFC=-0.25 -log10(p)=2
-0.122185080185457	-0.122900922721726	974	logFC=-0.25 -log10(p)=3
-0.082412893311106	0.334283930973646	974	logFC=0 -log10(p)=0
-0.011641273419546	-0.457325358052314	974	logFC=-0.25 -log10(p)=2
-0.071438073216394	0.103149133028294	974	logFC=-0.25 -log10(p)=2
0.046538258550485	0.0470112012819286	974	logFC=-0.25 -log10(p)=1
0.100897538255363	0.407394528858077	609	logFC=-0.75 -log10(p)=5
-0.051873570627562	0.277187588179553	609	logFC=-0.75 -log10(p)=6
0.095856717732043	-0.379975695006652	152	logFC=-0.75 -log10(p)=4
0.113117257138879	0.459029206764467	152	logFC=-1 -log10(p)=5
0.038302235535611	-0.406275190611579	152	logFC=-1 -log10(p)=5
-0.056975617008978	-0.0232501225026001	152	logFC=-0.75 -log10(p)=4
0.071447776117659	-0.0950440000538118	152	logFC=-1 -log10(p)=5
-0.048655504980607	0.259435277568649	136	logFC=0.25 -log10(p)=0
-0.042760111787606	-0.287435392174046	770	logFC=-0.75 -log10(p)=5
0.0771614244161361	0.0778716304101796	770	logFC=-0.75 -log10(p)=3
-0.014104421037991	-0.176034457973427	770	logFC=-0.75 -log10(p)=5
-0.0311354878055901	-0.378252588784238	770	logFC=-1 -log10(p)=7
-0.0900151400012501	-0.375198425579765	232	logFC=-1 -log10(p)=6
-0.020451721499319	-0.218975840751544	232	logFC=-0.75 -log10(p)=3
-0.05889111736695	-0.464215732079261	232	logFC=-1 -log10(p)=5
0.04163999028865	-0.178021801919512	232	logFC=-1.25 -log10(p)=7
0.014989108798884	0.0133121271739958	232	logFC=-1 -log10(p)=4
0.073054454487655	0.475176421622315	232	logFC=-0.75 -log10(p)=2
0.043797537699766	0.356514542994412	232	logFC=-0.75 -log10(p)=2
-0.00476165464730993	-0.402072065734822	232	logFC=-1 -log10(p)=5
-0.07874624727804	0.043270894317117	738	logFC=-1.25 -log10(p)=4
0.08294724371255	0.478000811727913	738	logFC=-1.5 -log10(p)=5
0.0550987987148399	-0.193626105159427	297	logFC=-1.5 -log10(p)=4
-0.11636717573874	0.430254986965601	297	logFC=-1.5 -log10(p)=3
0.060352228603086	0.104323774915663	549	logFC=-0.25 -log10(p)=0
-0.0812257321982599	-0.265956794009746	549	logFC=-1 -log10(p)=1
0.0421295350180999	-0.00479602563172321	549	logFC=-2 -log10(p)=1
0.0952329659412698	0.135435765439949	549	logFC=-3.5 -log10(p)=1
-0.03610288954525	-0.314144397193521	556	logFC=-1.25 -log10(p)=1
0.0218380584948998	0.365393507277739	556	logFC=-3.75 -log10(p)=1
-0.0877724690554	0.22722152352137	556	logFC=-3.5 -log10(p)=1
0.103753868610042	0.107190571458302	556	logFC=0.25 -log10(p)=0
-0.0986243145366901	0.49278465435728	556	logFC=-1.25 -log10(p)=0
-0.0160477715045799	-0.480892134808691	556	logFC=1.25 -log10(p)=1
-0.124281715646148	-0.440651282366613	608	logFC=-0.5 -log10(p)=16
-0.05956074872796	-0.242573319935944	608	logFC=-0.25 -log10(p)=5
-0.00803136790860504	-0.24406425770845	530	logFC=-0.75 -log10(p)=16
0.09056625076547	0.342025293421191	530	logFC=-1 -log10(p)=18
-0.044224038673899	-0.00641556836846569	530	logFC=-0.75 -log10(p)=13
-0.079056778369916	0.291662914062657	530	logFC=-0.5 -log10(p)=8
-0.0162594396842221	-0.253014074297983	530	logFC=-0.5 -log10(p)=7
0.067954513700073	-0.374413225582582	530	logFC=-0.5 -log10(p)=5
0.091205278378757	0.184371720670789	974	logFC=-0.5 -log10(p)=4
-0.000645301978924984	-0.265819053075387	974	logFC=-0.25 -log10(p)=2
-0.078981570235963	-0.365287893691243	974	logFC=-0.25 -log10(p)=3
0.098707007541951	-0.466174744434789	974	logFC=-0.5 -log10(p)=4
-0.0655623835235941	0.251598481854217	974	logFC=0 -log10(p)=0
0.073576039582743	-0.436707720524089	974	logFC=-0.5 -log10(p)=4
-0.02063882509473	-0.157826698648713	974	logFC=-0.25 -log10(p)=2
-0.112327368876452	-0.0944971095635596	609	logFC=-0.5 -log10(p)=5
0.042160894661274	-0.466287970989138	609	logFC=-0.75 -log10(p)=6
-0.124375634722066	-0.254615289713159	152	logFC=-0.5 -log10(p)=4
-0.050952091930358	-0.215487571995086	152	logFC=-0.75 -log10(p)=5
-0.0815987788994199	0.101866674381999	152	logFC=-1 -log10(p)=6
0.0165762788134241	-0.184014767522101	152	logFC=-0.75 -log10(p)=4
0.094973692584102	-0.262944605618654	152	logFC=-1 -log10(p)=5
-0.075565238723239	0.46991707208759	136	logFC=-0.25 -log10(p)=0
0.010102018839148	0.234176463291898	770	logFC=-0.75 -log10(p)=4
0.09228483262829	0.168352881301512	770	logFC=-1 -log10(p)=5
0.048293084051046	0.351852083558815	770	logFC=-0.75 -log10(p)=4
-0.120610132869129	-0.383197283067559	770	logFC=-0.75 -log10(p)=6
-0.021988935401676	0.241769102589999	770	logFC=-0.75 -log10(p)=3
-0.0381541848092	-0.184376006249001	232	logFC=-1 -log10(p)=5
0.080644132003167	0.436030339212431	232	logFC=-1 -log10(p)=3
0.00552953649036003	0.381171081003689	232	logFC=-1.25 -log10(p)=7
-0.11829286022776	-0.462268948598876	232	logFC=-0.75 -log10(p)=4
0.072417181675416	0.178358325716629	232	logFC=-1 -log10(p)=4
0.12406678920826	-0.328832651700785	232	logFC=-1.25 -log10(p)=5
0.051189381701771	-0.475030623264009	232	logFC=-0.75 -log10(p)=3
-0.00510619615945007	0.0566471749449304	738	logFC=-1.5 -log10(p)=6
-0.0975678348560001	0.238855322835296	738	logFC=-1.5 -log10(p)=5
-0.12109288254728	0.0105492552358868	297	logFC=-1.5 -log10(p)=4
0.070575202823	0.426756174321203	297	logFC=-2 -log10(p)=3
0.09241152811993	0.266555116658965	549	logFC=-1.25 -log10(p)=1
-0.0732631883406201	-0.262811027232248	549	logFC=-1 -log10(p)=1
0.09998068813648	-0.00386381647366107	549	logFC=-1.75 -log10(p)=1
0.066498548656767	0.27499569118701	556	logFC=-0.75 -log10(p)=0
-0.0433214429025099	-0.45934901541636	556	logFC=-2 -log10(p)=2
0.005771420192627	0.459867025339278	556	logFC=-1 -log10(p)=0
0.119816939767873	0.156758876228604	556	logFC=0.25 -log10(p)=0
-0.0565135018352601	0.221275655912326	556	logFC=0.75 -log10(p)=0
-0.01292234805368	0.457914257666372	556	logFC=-1 -log10(p)=0
-0.121666156742592	0.243460333101612	556	logFC=0.75 -log10(p)=0
0.0911244332402199	0.402523457519122	556	logFC=-1.25 -log10(p)=0
0.00451901793302101	-0.000828673083628218	608	logFC=-0.75 -log10(p)=18
-0.020961507906298	-0.447342424709293	608	logFC=-0.5 -log10(p)=11
-0.00713312649141895	0.310879045409124	530	logFC=-0.75 -log10(p)=15
0.10108388847964	-0.0685809268447244	530	logFC=-0.75 -log10(p)=9
0.034297447620275	-0.21568641616289	530	logFC=-0.5 -log10(p)=7
-0.029600401694206	0.325055717200565	530	logFC=-0.5 -log10(p)=7
0.097290507823527	0.165786059665247	530	logFC=-0.5 -log10(p)=4
-0.00387332225485604	-0.181086947592211	974	logFC=-0.5 -log10(p)=6
0.075014165531871	0.104389611635958	974	logFC=-0.25 -log10(p)=1
-0.101513926318787	-0.00746454797356844	974	logFC=-0.25 -log10(p)=3
0.079347231769339	-0.487116931351837	974	logFC=-0.5 -log10(p)=4
-0.123437965725321	-0.222227592600888	974	logFC=-0.25 -log10(p)=3
0.006511750941081	0.45163193150651	974	logFC=-0.25 -log10(p)=1
-0.023224501170841	-0.142381194043949	974	logFC=-0.25 -log10(p)=2
0.101268818121552	-0.166562219734979	609	logFC=-0.5 -log10(p)=3
-0.0103202476102799	-0.260093493953391	609	logFC=-1 -log10(p)=9
0.042707505653789	0.232838230414396	152	logFC=-1 -log10(p)=6
0.067421727775577	0.265001771483368	152	logFC=-0.75 -log10(p)=3
-0.00446242933560992	0.34403559413816	152	logFC=-1 -log10(p)=4
-0.00151508281061008	0.184500644934856	152	logFC=-1.25 -log10(p)=7
-0.117006164402963	-0.42509424298575	152	logFC=-0.75 -log10(p)=4
-0.0839602774516994	0.0799421029527621	136	logFC=0 -log10(p)=0
0.101667262916706	0.381417019514255	770	logFC=-0.5 -log10(p)=1
0.102075082888167	-0.215001458359857	770	logFC=-0.75 -log10(p)=3
0.045012176144397	-0.25124485983816	770	logFC=-0.75 -log10(p)=4
-0.104466335242164	-0.130903865857777	770	logFC=-0.75 -log10(p)=5
0.00704442219992996	0.0695258500123002	770	logFC=-1.25 -log10(p)=7
-0.11966547863499	-0.336580301390819	232	logFC=-1.25 -log10(p)=6
-0.120012800930621	0.448454805321151	232	logFC=-0.75 -log10(p)=3
-0.0538132160778699	0.445994580090079	232	logFC=-1 -log10(p)=5
-0.027769304618969	-0.0125031812479555	232	logFC=-0.75 -log10(p)=3
0.07339928976539	0.333326129731947	232	logFC=-0.75 -log10(p)=2
0.04464917023204	0.121595988724636	232	logFC=-1.25 -log10(p)=5
-0.0698670474057499	0.133362030689898	232	logFC=-1 -log10(p)=4
0.00548922392799101	-0.258084310593937	738	logFC=-0.75 -log10(p)=2
-0.0485163453905499	0.000156949686854979	297	logFC=-1.25 -log10(p)=3
0.0885116026530299	-0.19525132778841	297	logFC=-1.25 -log10(p)=2
-0.09641384695917	-0.00908169414281534	297	logFC=-1.25 -log10(p)=2
0.038009231729539	-0.162227499167682	549	logFC=-1 -log10(p)=1
-0.0659559737503099	0.290997138637733	549	logFC=-2.25 -log10(p)=1
-0.10777217083921	0.10336042751965	549	logFC=-4.25 -log10(p)=2
0.0422685562871919	0.266469385196085	549	logFC=-0.75 -log10(p)=0
0.0336330102240399	0.00352167734932785	556	logFC=-3.25 -log10(p)=1
0.010264255596427	0.129959871515153	556	logFC=-0.5 -log10(p)=0
-0.12077728022036	-0.353242507116295	556	logFC=-2.25 -log10(p)=1
0.00768996779914	-0.411885445194207	556	logFC=-1.5 -log10(p)=1
0.083618683570672	0.0399234824969689	556	logFC=-0.25 -log10(p)=0
0.0879910255416301	0.401692766286543	556	logFC=-1.25 -log10(p)=0
0.0468439765639301	0.00904969056632066	556	logFC=-3.25 -log10(p)=1
0.10242430074892	-0.467091304346331	556	logFC=-4.25 -log10(p)=2
0.057334556360488	-0.335380592405929	608	logFC=-0.75 -log10(p)=18
0.060790036513314	-0.0665842687440641	608	logFC=-0.5 -log10(p)=9
-0.00201678406168504	0.372201688093904	530	logFC=-0.5 -log10(p)=7
-0.026066707389123	0.465949248513599	530	logFC=-0.25 -log10(p)=3
-0.015523017876022	0.337251673246128	530	logFC=-0.5 -log10(p)=8
0.069274899230416	-0.340855683513688	530	logFC=-0.5 -log10(p)=6
-0.073867398020476	0.392381874579651	530	logFC=-0.25 -log10(p)=3
0.066394354169926	0.293765839055922	530	logFC=-0.25 -log10(p)=1
-0.071599636167507	0.158117668931625	530	logFC=-0.5 -log10(p)=7
-0.060285482193764	0.257487759656327	974	logFC=-0.5 -log10(p)=6
-0.058667256142436	-0.495184576951671	974	logFC=-0.25 -log10(p)=3
-0.013809677316402	-0.202773253406873	974	logFC=-0.25 -log10(p)=2
-0.111225727634629	-0.471678796479811	974	logFC=0 -log10(p)=1
-0.040003251575127	0.151586486172814	974	logFC=-0.5 -log10(p)=5
-0.025079894158493	0.211082813579011	609	logFC=-0.75 -log10(p)=7
-0.10550409498317	0.357271231600209	152	logFC=-0.75 -log10(p)=6
0.016935360576195	0.142249394379246	152	logFC=-1 -log10(p)=7
0.109864486406793	0.250945007020459	152	logFC=-1 -log10(p)=4
-0.0600497849263431	-0.171735552151428	152	logFC=-0.75 -log10(p)=5
0.00820349780845597	-0.0551958309852116	152	logFC=-0.75 -log10(p)=4
0.110160917305044	-0.392675611699754	136	logFC=-0.5 -log10(p)=1
0.106712763552053	-0.367546460895843	770	logFC=-1 -log10(p)=6
0.111206397162507	0.277319063961811	770	logFC=-0.75 -log10(p)=3
-0.06219976416482	-0.0548941548107669	770	logFC=-0.75 -log10(p)=6
0.023588609039325	-0.116689683267857	770	logFC=-0.75 -log10(p)=5
-0.040152823209375	0.0370344747194054	770	logFC=-0.75 -log10(p)=4
0.00181669009857011	-0.410818833548048	232	logFC=-1.25 -log10(p)=8
0.11802611023263	0.237636152843228	232	logFC=-1.75 -log10(p)=9
-0.0923393165725499	0.343665711338621	232	logFC=-1 -log10(p)=6
0.00691288573756599	0.0986575730100228	232	logFC=-1 -log10(p)=5
-0.0427096038229861	-0.491330617765581	232	logFC=-0.75 -log10(p)=4
-0.0699954762063441	0.340579830186063	232	logFC=-0.75 -log10(p)=3
0.0811646480874999	0.364014685958733	232	logFC=-1.5 -log10(p)=7
0.011084785346087	-0.184150557080957	232	logFC=-1 -log10(p)=4
0.00605307066606997	-0.326597645506663	297	logFC=-1.5 -log10(p)=6
0.11631643888647	0.150542910264377	297	logFC=-1.75 -log10(p)=4
0.0128926169527199	0.115145395292782	297	logFC=-1.5 -log10(p)=3
-0.04943931312075	-0.421283581235463	549	logFC=-1.75 -log10(p)=3
-0.11044931180778	-0.0236192654431903	549	logFC=-1.25 -log10(p)=1
0.0657615930061	0.269468861455886	549	logFC=-1.5 -log10(p)=1
-0.06304782095382	0.063048318277437	549	logFC=0.25 -log10(p)=0
0.03350493757647	-0.216132861907246	549	logFC=-2.75 -log10(p)=1
-0.0156063265049804	-0.454749555036998	549	logFC=-4 -log10(p)=2
-0.12077728022036	-0.353242507116295	556	logFC=-2.25 -log10(p)=1
0.104312810664985	0.0295687453035863	556	logFC=0 -log10(p)=0
-0.01658760692461	-0.48207127453164	556	logFC=1.25 -log10(p)=1
0.01869709984163	-0.0747280145947821	556	logFC=-3 -log10(p)=1
-0.069876157010986	0.150875003667045	556	logFC=-0.25 -log10(p)=0
0.10588234761866	-0.414096776046505	556	logFC=-1.25 -log10(p)=1
0.087572468830435	0.0378701197110707	556	logFC=-0.25 -log10(p)=0
0.049769105569586	-0.0706033106273978	608	logFC=-0.75 -log10(p)=17
0.116755695356632	-0.0883622796511805	608	logFC=-0.75 -log10(p)=12
-0.10717260390084	-0.0469974856697126	608	logFC=-0.25 -log10(p)=6
-0.024484519244228	-0.272002574438522	530	logFC=-0.5 -log10(p)=9
0.079663451354276	-0.150184487335693	530	logFC=-0.5 -log10(p)=6
-0.107637491131702	0.251330237541871	530	logFC=-0.25 -log10(p)=4
0.011068344933609	-0.0307649819679898	530	logFC=-0.25 -log10(p)=2
-0.08116303390105	-0.260783013271332	530	logFC=-0.5 -log10(p)=7
-0.063307018895561	0.315318259892607	974	logFC=-0.5 -log10(p)=6
-0.067709822145577	0.403030286702353	974	logFC=-0.25 -log10(p)=2
0.123767739127229	-0.356179184615366	974	logFC=-0.25 -log10(p)=1
-0.0113241184371282	0.0407734986213813	974	logFC=0 -log10(p)=0
0.066358712519953	-0.489348623387695	974	logFC=-0.5 -log10(p)=4
0.120053381938244	-0.109712904654863	609	logFC=-0.75 -log10(p)=5
0.064666253694864	0.482905417372151	152	logFC=-0.75 -log10(p)=4
0.100602501270135	0.231504120965902	152	logFC=-1 -log10(p)=6
0.07399382114135	-0.290339677277848	152	logFC=-1.25 -log10(p)=7
-0.054130459858318	0.467492233827947	152	logFC=-0.75 -log10(p)=4
0.089439172458518	0.172943002820317	152	logFC=-0.75 -log10(p)=3
0.062793664049075	0.212294101968495	136	logFC=-0.75 -log10(p)=1
-0.039638966922656	-0.326443944302103	770	logFC=-0.75 -log10(p)=5
-0.038937187155594	0.269148532625858	770	logFC=-0.5 -log10(p)=2
0.0364894431874711	0.378535179890087	770	logFC=-0.75 -log10(p)=4
0.00788468260664399	-0.406469549152742	770	logFC=-0.75 -log10(p)=5
-0.09823721379479	-0.114687911898611	770	logFC=-1 -log10(p)=7
-0.0818625350893301	0.36367855961986	232	logFC=-1 -log10(p)=5
-0.116200975935944	0.0678190714389442	232	logFC=-0.5 -log10(p)=2
0.00537923561723797	0.265211681832841	232	logFC=-1 -log10(p)=5
0.079062526785129	-0.427718738658333	232	logFC=-1 -log10(p)=5
-0.074791389985182	-0.0977752802399798	232	logFC=-0.25 -log10(p)=1
-0.040570698332132	0.415911309074216	232	logFC=-0.5 -log10(p)=1
0.0346813990647501	0.115849207349741	232	logFC=-1.25 -log10(p)=6
-0.0411252347761999	-0.126327209512421	297	logFC=-1 -log10(p)=3
0.00783015701893097	0.0791362657973243	297	logFC=-1 -log10(p)=3
0.11640982308671	0.195016383039437	297	logFC=-2 -log10(p)=5
-0.11144172127079	-0.459011706561557	297	logFC=-2.25 -log10(p)=6
-0.10366328134328	0.0696779017042868	549	logFC=-1.75 -log10(p)=2
-0.0130917247215601	0.468043525137073	549	logFC=-1.75 -log10(p)=1
0.088599356446653	0.22714087621672	556	logFC=-0.5 -log10(p)=0
0.11870804371418	-0.254022073152212	556	logFC=-4.25 -log10(p)=2
-0.082441882565742	0.11210910573069	549	logFC=-0.25 -log10(p)=0
0.0179472119013702	0.415851590609636	549	logFC=-3.75 -log10(p)=1
0.0881213585995	0.0410504323037484	549	logFC=-3.5 -log10(p)=1
0.08874160818647	0.415783773151019	556	logFC=-1.25 -log10(p)=0
-0.0217077135468564	0.0080401366878729	556	logFC=0 -log10(p)=0
0.113536694578966	0.113902208608992	556	logFC=0.25 -log10(p)=0
0.0430161641926401	-0.217085887751115	556	logFC=-2.75 -log10(p)=1
-0.0184934432512502	-0.346125739345607	556	logFC=-4 -log10(p)=2
0.0894448301720199	0.13210462412278	556	logFC=-3.5 -log10(p)=1
-0.00475293206662697	0.182642927055074	556	logFC=-0.5 -log10(p)=0
0.0203303443953879	-0.464967995922066	608	logFC=-0.75 -log10(p)=18
0.092656607171959	0.146825425356953	608	logFC=-0.75 -log10(p)=13
-0.108949504633405	0.0783117230589792	530	logFC=-0.5 -log10(p)=9
-0.097631725327529	0.236336241374135	530	logFC=-0.5 -log10(p)=8
-0.119448456733344	0.462064668930701	530	logFC=-0.5 -log10(p)=8
-0.002870998263514	-0.223282275310799	530	logFC=-0.5 -log10(p)=6
0.0718337724579961	0.155811427614397	530	logFC=-0.75 -log10(p)=8
0.084406336185865	-0.431678951744804	974	logFC=-0.75 -log10(p)=8
0.106599385047896	0.203781138878786	974	logFC=-0.5 -log10(p)=3
-0.020705182268409	-0.00309164355077396	974	logFC=-0.5 -log10(p)=5
-0.0151397531897845	0.051576113528365	974	logFC=0 -log10(p)=0
-0.051417128036829	-0.285462783630446	974	logFC=-0.5 -log10(p)=5
-0.106103974092	-0.186157941900171	609	logFC=-0.25 -log10(p)=2
-0.099963668672139	0.468905692464192	152	logFC=-0.25 -log10(p)=1
-0.088450466997791	-0.390733718029646	152	logFC=-0.75 -log10(p)=6
-0.110446309082168	0.171949525654201	152	logFC=-0.25 -log10(p)=1
0.011693957836518	-0.301803900835635	152	logFC=-0.25 -log10(p)=1
-0.04503353203634	0.205875992566725	152	logFC=-1 -log10(p)=6
-0.067817837696643	-0.305131083240504	136	logFC=-0.75 -log10(p)=2
0.050264348172319	0.136863262926699	770	logFC=-1 -log10(p)=6
0.090255669503701	0.259872181987595	770	logFC=-0.75 -log10(p)=3
0.085977898714376	-0.157327147470606	770	logFC=-0.5 -log10(p)=2
-0.081661928936662	0.372445867054926	770	logFC=-0.75 -log10(p)=5
-0.029308296916256	0.0259158605210477	770	logFC=-0.75 -log10(p)=4
-0.013685333909898	0.176192555992357	232	logFC=-0.75 -log10(p)=3
0.102010101435983	0.265409223968608	232	logFC=-0.5 -log10(p)=1
0.022680863690893	0.339400263279738	232	logFC=-0.75 -log10(p)=3
0.00559600334909005	0.387280656519614	232	logFC=-1.25 -log10(p)=7
0.0735997753350081	0.312879736860069	232	logFC=-0.75 -log10(p)=2
0.020129418173389	0.296732732867926	232	logFC=-1 -log10(p)=4
-0.0963190835847001	0.151416949074338	232	logFC=-1 -log10(p)=5
-0.09127447319013	0.105323016441895	297	logFC=-1 -log10(p)=4
-0.0839640367321499	-0.175302544901088	297	logFC=-1.5 -log10(p)=7
0.12486716387814	-0.217776685147168	297	logFC=-2.25 -log10(p)=6
-0.12085762815777	-0.126471430040018	297	logFC=-2.75 -log10(p)=9
-0.02874676005974	0.426663586562771	549	logFC=-1.75 -log10(p)=2
0.10360681472405	0.23012437697927	556	logFC=-2.5 -log10(p)=2
-0.097168769626884	0.377346581538484	556	logFC=-0.75 -log10(p)=0
-0.12410348902455	-0.455354869271219	556	logFC=-3.75 -log10(p)=2
-0.01704637106052	-0.396248503023514	549	logFC=-1.5 -log10(p)=1
-0.0693574228169398	0.467963710387944	549	logFC=-4.5 -log10(p)=2
0.06560591561352	-0.279407548717173	549	logFC=-1.5 -log10(p)=1
-0.11014967371096	0.0209564116975915	556	logFC=-4.25 -log10(p)=2
-0.0509846357689201	-0.164730170145965	556	logFC=-1.75 -log10(p)=1
0.0416028494062899	0.216907828011745	556	logFC=-2.25 -log10(p)=1
-0.11870343006242	0.0439980102084059	556	logFC=-4.25 -log10(p)=2
0.10113874306353	0.142231141911609	556	logFC=-3.5 -log10(p)=1
-0.10618875080861	0.109365089227768	556	logFC=-4.25 -log10(p)=2
0.011445362452558	0.131779185926008	556	logFC=-0.5 -log10(p)=0
-0.06340716375273	-0.166646558307001	556	logFC=-1.75 -log10(p)=1
-0.032835866530193	0.384195059824148	608	logFC=-0.75 -log10(p)=18
-0.063266785375562	0.336970242819119	608	logFC=-0.5 -log10(p)=11
0.057575753015187	0.259931313424569	530	logFC=-0.5 -log10(p)=6
0.065788777396518	-0.0707587959678291	530	logFC=-0.5 -log10(p)=6
0.121985988718364	0.281006440266539	530	logFC=-0.5 -log10(p)=4
-0.092686891215858	0.344479532666618	530	logFC=-0.5 -log10(p)=8
-0.039064086533268	0.474123216054444	974	logFC=-0.5 -log10(p)=6
0.070393195704973	0.128064921273325	974	logFC=-0.25 -log10(p)=1
0.114005108777991	-0.239562858309917	974	logFC=-0.25 -log10(p)=1
0.047656335885208	0.182846996268778	974	logFC=0 -log10(p)=0
0.076661735167406	0.461798697166058	974	logFC=-0.5 -log10(p)=3
0.01983504527044	0.282076507633523	609	logFC=-0.5 -log10(p)=3
-0.074099365000834	0.479220764476885	152	logFC=-0.5 -log10(p)=3
0.023119769506182	-0.379124228200835	152	logFC=-1 -log10(p)=7
-0.094795595480716	0.302417103460275	152	logFC=-0.5 -log10(p)=2
0.110440487843615	0.247678399407318	152	logFC=-0.5 -log10(p)=1
-0.000186309878293045	-0.477124172707297	152	logFC=-0.75 -log10(p)=4
0.023133770830835	-0.0558709479090482	136	logFC=-1 -log10(p)=2
0.096454218815444	0.345293856755473	770	logFC=-0.5 -log10(p)=1
-0.122312174585587	0.332263659870326	770	logFC=-0.25 -log10(p)=1
-0.079481585266543	0.344961262010237	770	logFC=-0.5 -log10(p)=3
0.094810724441728	-0.278349682203788	770	logFC=-0.5 -log10(p)=2
0.0271797582818371	0.199019414412478	770	logFC=-1 -log10(p)=5
0.053092602539156	0.35486043403739	232	logFC=-0.5 -log10(p)=1
-0.063572025220628	-0.0891009407627785	232	logFC=-0.75 -log10(p)=3
0.014764428169035	-0.0674744829850411	232	logFC=-0.75 -log10(p)=3
-0.0175103951811899	-0.0299987104041515	232	logFC=-1 -log10(p)=5
-0.05983778253789	-0.226412673599815	232	logFC=-0.25 -log10(p)=1
-0.115361841907899	-0.175422092087096	232	logFC=-0.5 -log10(p)=2
-0.094599160344613	0.0822770863419353	232	logFC=-0.75 -log10(p)=3
0.038571637168024	0.430475743966375	297	logFC=-1 -log10(p)=3
-0.074748803552026	-0.218445790306995	297	logFC=-0.75 -log10(p)=2
0.0163233180028	-0.357157604434855	297	logFC=-1.5 -log10(p)=3
-0.0392927463166299	0.230638080332124	297	logFC=-2.25 -log10(p)=5
0.0557546034745799	-0.143542205480111	549	logFC=-1.5 -log10(p)=2
-0.09744700451116	-0.486048151191871	549	logFC=-1.25 -log10(p)=1
0.0357584291780197	0.144653355113347	556	logFC=-5 -log10(p)=3
0.0818305279742999	0.0953476536618596	556	logFC=-3.5 -log10(p)=1
-0.12436752964166	-0.364549959503359	556	logFC=-2.25 -log10(p)=1
-0.08094347399383	0.355182840897083	556	logFC=-2.25 -log10(p)=1
-0.10438476461434	0.0535183439427289	556	logFC=-4.25 -log10(p)=2
0.109456333725959	0.111382110184092	556	logFC=0.25 -log10(p)=0
0.0968669294633	0.179165206746728	556	logFC=-3.5 -log10(p)=1
0.0909380114915201	0.16645038615211	556	logFC=-3.5 -log10(p)=1
-0.0147654575943601	0.43323310711937	556	logFC=-1 -log10(p)=0
0.02524119881844	-0.0407842321613765	556	logFC=-2 -log10(p)=1
0.0288705891735699	-0.0785552585635981	556	logFC=-3.25 -log10(p)=1
0.12421674868799	-0.376613199876337	556	logFC=-2.5 -log10(p)=1
-0.0722188424038799	0.253250152088337	556	logFC=-3.5 -log10(p)=1
0.011808101434314	0.453785047647	556	logFC=-1 -log10(p)=0
0.092074376696708	0.107177258673186	608	logFC=-1 -log10(p)=23
0.045491548323668	-0.3083790848533	608	logFC=-0.5 -log10(p)=9
0.109562798457037	0.335657842607217	530	logFC=-0.5 -log10(p)=6
0.036517004278817	0.246295061949658	530	logFC=-0.5 -log10(p)=7
-0.099040165684864	-0.0809850802833729	530	logFC=-0.75 -log10(p)=16
-0.016493546398364	0.152335702643228	530	logFC=-0.5 -log10(p)=7
0.016497081628336	-0.0988278335635724	530	logFC=-0.25 -log10(p)=2
0.0288715553796563	0.128019927804454	530	logFC=0 -log10(p)=0
0.00504674242453801	0.166431819779412	530	logFC=0.25 -log10(p)=2
0.071106004918896	-0.0610105528199396	974	logFC=-0.5 -log10(p)=4
-0.029796120817143	0.174048916550229	609	logFC=-0.75 -log10(p)=8
-0.025052160127555	-0.258538766857343	609	logFC=-0.5 -log10(p)=4
0.034664096432015	0.327918661240145	609	logFC=-0.75 -log10(p)=5
-0.015734600122097	-0.464951443573723	609	logFC=-0.5 -log10(p)=3
-1.89183874639842e-05	-0.149420251859604	609	logFC=-0.25 -log10(p)=1
-0.012417016447934	-0.0742892958492754	609	logFC=-0.25 -log10(p)=1
-0.085477562230265	0.202690539486919	136	logFC=0.25 -log10(p)=0
0.093416200448627	-0.0237471803610752	770	logFC=-0.5 -log10(p)=2
-0.10222021036847	0.451131609983164	770	logFC=-0.25 -log10(p)=1
0.070808364492102	0.371121881973581	770	logFC=-0.5 -log10(p)=2
0.080704057411624	0.0292861184765827	770	logFC=-0.5 -log10(p)=2
-0.011858146289917	0.177065679053203	770	logFC=-0.5 -log10(p)=2
0.115827794155911	0.31435240006637	770	logFC=-0.75 -log10(p)=2
0.11846254967541	0.371511234859467	232	logFC=-1.25 -log10(p)=5
0.0473214611033801	-0.118588478368139	232	logFC=-1.25 -log10(p)=8
-0.10990059818438	0.242402751420487	232	logFC=-1 -log10(p)=6
0.068412651389746	-0.352177067447586	232	logFC=-0.75 -log10(p)=3
-0.038599760062741	-0.2745981127225	232	logFC=-0.5 -log10(p)=2
0.037459832818373	-0.212684294523035	232	logFC=-1 -log10(p)=4
-0.05029399330027	0.249284818141887	297	logFC=-1 -log10(p)=3
0.03108624238192	0.323999838676389	297	logFC=-1 -log10(p)=2
0.034982773820498	-0.324945673448187	297	logFC=-0.5 -log10(p)=1
-0.0745679549312399	-0.344125935641933	297	logFC=-1.25 -log10(p)=3
-0.00953132043245009	-0.449788998373359	549	logFC=-1.5 -log10(p)=2
-0.02726675064804	0.158393011995031	549	logFC=-1.75 -log10(p)=1
0.00729180945156299	0.215483809108302	556	logFC=-0.5 -log10(p)=0
0.070517717004888	0.164301911938411	556	logFC=0.25 -log10(p)=0
0.030212137130162	0.317017080937611	556	logFC=-1 -log10(p)=0
0.023871779323391	0.3090322152007	556	logFC=-1 -log10(p)=0
0.09572085848726	0.154422739669678	556	logFC=-3.5 -log10(p)=1
0.103749442926534	0.0305559856910756	556	logFC=0 -log10(p)=0
-0.075770958633513	0.105271998220644	556	logFC=-0.25 -log10(p)=0
-0.083522945598381	0.113580141518962	556	logFC=-0.25 -log10(p)=0
-0.0778681437543902	0.218358920627903	556	logFC=-3.5 -log10(p)=1
0.121875670692769	0.0388863137394596	556	logFC=-0.25 -log10(p)=0
-0.064716338328405	0.219991267847822	556	logFC=0.75 -log10(p)=0
0.06782232970307	0.48422117733993	556	logFC=-2 -log10(p)=0
-0.077263699077125	0.107228467802443	556	logFC=-0.25 -log10(p)=0
0.04531972550937	0.0213773129283583	556	logFC=-3.25 -log10(p)=1
-0.01486795917124	0.245900616438425	166	logFC=-1.75 -log10(p)=1
0.089885588191411	0.480282379480276	608	logFC=-0.75 -log10(p)=16
-0.069612294907482	-0.479039973617438	608	logFC=-0.25 -log10(p)=6
-0.0325349813790869	-0.124711099511636	530	logFC=-0.5 -log10(p)=10
0.114165790512226	-0.117932751480424	530	logFC=-1 -log10(p)=19
0.062899789807673	-0.371331161390891	530	logFC=-0.5 -log10(p)=7
0.098867897184386	0.174330703959996	530	logFC=-0.25 -log10(p)=1
-0.09744286412386	0.135153691453553	530	logFC=0.25 -log10(p)=1
-0.00604322515382699	0.360361134791829	530	logFC=0.25 -log10(p)=2
0.047066111840056	-0.045666318165333	974	logFC=-0.5 -log10(p)=5
-0.028206229516333	0.112436136246057	974	logFC=-0.75 -log10(p)=9
-0.000717287989347004	-0.212816635781923	609	logFC=-0.5 -log10(p)=4
-0.057539515552235	0.273337722907304	609	logFC=-0.75 -log10(p)=7
0.09856428456788	0.0671667506703901	609	logFC=-0.5 -log10(p)=2
0.065838484807187	0.436442546467919	609	logFC=-0.5 -log10(p)=2
0.108702534117552	-0.206987892278132	609	logFC=-0.5 -log10(p)=2
0.0943885449264268	0.138295630283932	136	logFC=0 -log10(p)=0
0.025350451880998	-0.0953946056256444	770	logFC=-0.25 -log10(p)=1
-0.03875376224395	0.220059576628895	770	logFC=-0.25 -log10(p)=1
0.115353217338256	0.249919719483401	770	logFC=-0.5 -log10(p)=2
0.08894025704517	-0.478779933194739	770	logFC=-0.75 -log10(p)=5
-0.08135911292451	-0.0845158305040368	770	logFC=-0.5 -log10(p)=3
-0.108538632889841	-0.390235249806298	770	logFC=-0.5 -log10(p)=3
-0.00186400138240006	-0.132181291379692	770	logFC=-1 -log10(p)=6
0.117857253279857	-0.128972474367509	770	logFC=-1 -log10(p)=5
-0.06665478887049	-0.284991748763042	770	logFC=-1 -log10(p)=7
-0.053471267664795	0.0292247505335239	232	logFC=-0.5 -log10(p)=2
-0.069959280659317	-0.376432908976275	232	logFC=-0.75 -log10(p)=4
0.018433710321638	-0.288484741656508	232	logFC=-1 -log10(p)=5
-0.0630773177202	0.0802621188266057	232	logFC=-1 -log10(p)=4
-0.061677765072933	0.481690548447773	232	logFC=-0.75 -log10(p)=2
0.08027500143252	-0.200683219917389	297	logFC=-1.75 -log10(p)=5
0.066832129017255	-0.0888323201814565	297	logFC=-1 -log10(p)=2
0.00568100219849799	-0.24689042613658	549	logFC=-0.75 -log10(p)=1
-0.05555307724377	-0.0898971307316411	549	logFC=-1.5 -log10(p)=1
-0.07188804336299	0.365905434202574	549	logFC=-4.5 -log10(p)=2
0.090055609385444	0.310780172562753	556	logFC=-0.75 -log10(p)=0
0.023298439116982	0.349076818037722	1099	logFC=0.75 -log10(p)=0
0.0919829406569099	-0.306073497017444	1099	logFC=-1.75 -log10(p)=1
-0.00368652950340398	0.18494898381348	556	logFC=-0.5 -log10(p)=0
0.034546280661427	0.312129929119659	556	logFC=-1 -log10(p)=0
-0.0045241296458721	0.0015705340671107	556	logFC=0 -log10(p)=0
-0.0013210269297399	-0.390020883841852	556	logFC=-1.5 -log10(p)=1
0.095909074707466	0.131226027099562	556	logFC=0.25 -log10(p)=0
-0.08420400350002	0.268510526561222	556	logFC=-3.5 -log10(p)=1
-0.0179166514659701	-0.384895220149279	556	logFC=-1.5 -log10(p)=1
0.0983627619152619	0.0422345461847904	556	logFC=0 -log10(p)=0
-0.0809701379094898	0.092820287246316	556	logFC=-2 -log10(p)=1
0.072834734072677	0.081941406626353	556	logFC=-0.25 -log10(p)=0
-0.0354352910133	0.219124516645936	556	logFC=-1.5 -log10(p)=1
-0.0489817066246649	-0.159091601708511	608	logFC=-0.75 -log10(p)=20
-0.020543152324536	-0.32341405114045	530	logFC=-0.75 -log10(p)=17
-0.0562836205806001	0.225527920227698	530	logFC=-1 -log10(p)=23
-0.040826947130099	-0.422492511938057	530	logFC=-0.5 -log10(p)=9
-0.033387907323777	0.00239298190090853	530	logFC=-0.25 -log10(p)=3
0.037135247508305	-0.151927458512551	530	logFC=-0.25 -log10(p)=2
-0.12194163024764	-0.155143342085132	530	logFC=0 -log10(p)=1
-0.076964833327365	-0.298584099720944	974	logFC=-0.75 -log10(p)=12
0.075204825301332	0.435250776890754	974	logFC=-1 -log10(p)=11
0.110559798351048	-0.43559710331902	609	logFC=-0.75 -log10(p)=6
0.115115796543269	0.17040235061455	609	logFC=-1 -log10(p)=8
-0.027372286271228	-0.207697996069761	609	logFC=-0.5 -log10(p)=3
0.0615162389452451	0.163510427239848	609	logFC=-0.75 -log10(p)=5
-0.049435347906323	0.0341004283057802	609	logFC=-0.5 -log10(p)=3
0.078286604459358	-0.253175286804889	136	logFC=-0.75 -log10(p)=2
-0.058989447255863	-0.251475896218758	770	logFC=-0.5 -log10(p)=4
0.013889863544013	-0.065392817822479	770	logFC=-0.25 -log10(p)=1
0.055422730735351	0.257981141568668	770	logFC=-0.75 -log10(p)=5
-0.066812553472607	0.377239921534867	770	logFC=-0.75 -log10(p)=6
0.02536527889843	0.321514290690073	770	logFC=-1.25 -log10(p)=8
0.035807392603924	0.427813596413236	770	logFC=-0.75 -log10(p)=3
-0.020481561697012	-0.409431860122632	770	logFC=-0.75 -log10(p)=4
-0.054523524543841	0.487788914370254	770	logFC=-0.75 -log10(p)=4
-0.085746064598	0.109504409388595	232	logFC=-1.25 -log10(p)=8
0.035328058423883	0.267398612476449	232	logFC=-0.75 -log10(p)=3
0.046979648681714	-0.20741245224094	232	logFC=-0.75 -log10(p)=3
-0.02773642326766	-0.168665769933229	232	logFC=-1.25 -log10(p)=7
0.0677842107849001	-0.251088478568147	232	logFC=-1.5 -log10(p)=7
-0.0999390869438801	-0.306872220174371	232	logFC=-1.25 -log10(p)=6
-0.00921902305270006	-0.170917804909683	297	logFC=-1.5 -log10(p)=5
0.00722161861011994	-0.239945706197536	297	logFC=-1.25 -log10(p)=3
-0.108403202161269	-0.355751864264954	549	logFC=-0.5 -log10(p)=1
-0.048184445808048	0.16204254624293	549	logFC=-0.25 -log10(p)=0
-0.03292999062724	-0.0723311772147429	556	logFC=-1.5 -log10(p)=1
0.10346163272625	0.0616342296869974	556	logFC=-0.25 -log10(p)=0
0.07953413221168	-0.290044738511367	1099	logFC=-1.25 -log10(p)=1
-0.08562930537791	-0.383322618640528	1099	logFC=-1 -log10(p)=1
-0.075992055785891	0.113156813611737	556	logFC=-0.25 -log10(p)=0
0.00305760623658014	0.293659544920245	556	logFC=-3.75 -log10(p)=1
-0.030376966625976	0.230709535465219	1099	logFC=-0.5 -log10(p)=0
-0.054960048572983	0.215833443852753	556	logFC=0.5 -log10(p)=0
-0.0454131836254901	-0.187893206606817	556	logFC=-1.75 -log10(p)=1
-0.00880925896362605	0.190526822020919	556	logFC=-0.5 -log10(p)=0
-0.057882529049648	0.480584202377309	1099	logFC=-0.75 -log10(p)=0
0.0663811858281011	0.270399353765067	556	logFC=-0.75 -log10(p)=0
0.086059452290982	0.0382888712517807	556	logFC=-0.25 -log10(p)=0
-0.027742301150243	0.388544077855055	556	logFC=-0.75 -log10(p)=0
0.0396074513939801	0.239918053235837	1099	logFC=-2.25 -log10(p)=1
-0.101746562436208	-0.329753463751832	635	logFC=-0.75 -log10(p)=21
-0.09705214012804	0.282186985682561	635	logFC=-0.5 -log10(p)=12
-0.073067129089719	0.0461987755748501	530	logFC=-0.25 -log10(p)=4
0.055735411240741	0.313794351266252	530	logFC=0 -log10(p)=0
-0.0996897004836293	-0.33363569745881	530	logFC=0 -log10(p)=1
0.114647098896126	0.0339710871946002	530	logFC=-0.25 -log10(p)=1
0.069988715571881	-0.361216540894228	974	logFC=-0.75 -log10(p)=10
-0.115993479907775	-0.128846306648862	974	logFC=-0.75 -log10(p)=11
0.104724906436727	-0.336899830344554	609	logFC=-0.75 -log10(p)=6
0.043273546490692	0.425459125492942	609	logFC=-0.75 -log10(p)=5
0.060242064362611	0.307305110887027	609	logFC=-0.75 -log10(p)=4
0.025724411471112	0.2081776554157	609	logFC=-0.75 -log10(p)=5
-0.000555528509513015	0.437614950437093	609	logFC=-0.75 -log10(p)=5
0.055004498393607	0.251836042579516	136	logFC=-0.25 -log10(p)=0
0.000653954959441011	0.0521387798990451	770	logFC=-0.25 -log10(p)=1
-0.0941883900828511	0.284845549940979	770	logFC=0 -log10(p)=0
0.089918666183287	0.464851409561928	769	logFC=-0.5 -log10(p)=2
0.016698642673329	-0.130635194680978	769	logFC=-0.5 -log10(p)=3
0.069122484464505	-0.121331686604039	769	logFC=-0.75 -log10(p)=4
0.09211880424148	-0.34678276895278	770	logFC=-0.75 -log10(p)=3
0.0664805243116789	0.181038654948815	770	logFC=-0.75 -log10(p)=3
-0.081180795356053	-0.10675785272295	770	logFC=-0.75 -log10(p)=5
0.116438948319602	-0.0286076171030709	770	logFC=-0.75 -log10(p)=3
-0.104406724332268	0.27346654303365	232	logFC=-0.5 -log10(p)=2
-0.00925054840963302	-0.367221402079529	232	logFC=-0.25 -log10(p)=1
0.10834827384584	-0.12929088562393	232	logFC=-1.25 -log10(p)=6
-0.074841883369003	0.06895618479582	232	logFC=-0.75 -log10(p)=3
-0.07946445354081	-0.007635231138861	232	logFC=-1 -log10(p)=4
-0.0496254966220699	0.358538379341534	297	logFC=-2 -log10(p)=6
-0.00150998662162805	0.312060428448844	297	logFC=-0.75 -log10(p)=1
-0.041400686064596	0.232384220742636	549	logFC=-0.25 -log10(p)=0
0.05674137162761	0.0949510253415866	549	logFC=-1.5 -log10(p)=1
0.09662733573614	-0.428550447875228	556	logFC=-4.75 -log10(p)=3
0.0776225231260099	0.405939158002531	1099	logFC=-1.25 -log10(p)=0
0.062976969269128	0.276811893735079	1099	logFC=-0.75 -log10(p)=0
0.030828613540403	0.307021163548823	1099	logFC=-1 -log10(p)=0
-0.00507265547947977	-0.0145786349339727	1099	logFC=-4.25 -log10(p)=2
-0.02266443213812	0.317800856675647	556	logFC=-1.25 -log10(p)=0
-0.0209828872843389	0.193426303144551	1099	logFC=-0.5 -log10(p)=0
-0.021565705530597	0.225288952186237	1099	logFC=-0.5 -log10(p)=0
0.000678875317640326	-0.0535137089194266	1099	logFC=-4.25 -log10(p)=2
-0.0901061130496801	-0.487855058474958	556	logFC=-1.25 -log10(p)=1
0.030752236237413	0.309244229148348	1099	logFC=-1 -log10(p)=0
-0.0778681437543902	0.218358920627903	556	logFC=-3.5 -log10(p)=1
-0.079798935875843	0.0688326546317435	556	logFC=0.25 -log10(p)=0
0.031978365856551	0.317298504990549	556	logFC=-1 -log10(p)=0
-0.0502378296688799	-0.101904859997944	1099	logFC=-1.5 -log10(p)=1
-0.00360875806614003	-0.23108153789742	635	logFC=-0.75 -log10(p)=19
0.026901200095362	-0.347906818321608	635	logFC=-0.5 -log10(p)=10
0.086823974809859	-0.459003798605457	530	logFC=-0.25 -log10(p)=2
-0.077408793256792	0.284848824953979	530	logFC=-0.25 -log10(p)=4
0.0888344817866999	0.25146560657773	530	logFC=-0.75 -log10(p)=12
-0.00958383387492989	0.101482244732203	530	logFC=-1 -log10(p)=17
0.033912665245747	-0.298924971994628	974	logFC=-1 -log10(p)=14
-0.012438655895178	0.231564017347594	609	logFC=-0.75 -log10(p)=8
-0.0539249959794399	0.0695241756023286	609	logFC=-1 -log10(p)=12
-0.030712393012605	0.188315809602143	609	logFC=-0.75 -log10(p)=6
0.046271529525204	-0.464111943695345	609	logFC=-1 -log10(p)=10
-0.039938423754345	0.303238802824872	609	logFC=-0.75 -log10(p)=6
-0.071497222331004	-0.201703625820227	770	logFC=-0.5 -log10(p)=2
0.052055460551825	0.0127802313311842	770	logFC=-0.5 -log10(p)=3
0.112987221272006	0.104244299003339	770	logFC=-0.5 -log10(p)=2
-0.012763012990022	-0.26386043249121	769	logFC=-0.5 -log10(p)=4
-0.00850115756075898	0.201863667521785	769	logFC=-0.25 -log10(p)=1
0.0630383394380421	0.433154991755268	769	logFC=-0.75 -log10(p)=4
-0.0674471649794699	0.265665552142269	769	logFC=-1 -log10(p)=7
0.100476759872447	0.0110715906160159	770	logFC=-1 -log10(p)=5
0.021807508988067	0.136210528770588	770	logFC=-0.75 -log10(p)=4
0.0202202357376891	-0.299706593228668	770	logFC=-0.75 -log10(p)=4
-0.043624940688598	-0.139851188486313	232	logFC=-0.25 -log10(p)=1
-0.039692323269738	-0.379804999346567	232	logFC=-0.75 -log10(p)=4
-0.11201610073703	0.484114138574977	232	logFC=-0.5 -log10(p)=2
0.12157631997616	0.139384839443351	232	logFC=-1.25 -log10(p)=5
0.122458849194664	0.319742255830207	232	logFC=-1 -log10(p)=3
0.09415645456945	0.202628457589874	297	logFC=-1.25 -log10(p)=3
0.01524474960074	0.123454841857954	297	logFC=-1.25 -log10(p)=3
-0.069428389401832	-0.491736437631034	549	logFC=-0.5 -log10(p)=1
0.03867499654136	-0.0659724186462889	556	logFC=-2 -log10(p)=1
0.089676720859101	0.474244432409908	556	logFC=-1 -log10(p)=0
-0.08973669060566	0.123724044770511	1099	logFC=-2.75 -log10(p)=2
-0.02895064100196	-0.311288498870226	1099	logFC=-1.25 -log10(p)=1
-0.04081657526365	-0.0663986229521889	1099	logFC=-1.5 -log10(p)=1
-0.115831535963128	0.239686932289596	1099	logFC=0.75 -log10(p)=0
0.09622058324536	-0.272112362197514	556	logFC=-1.75 -log10(p)=1
-0.08579973601168	-0.488732089922436	556	logFC=-1.25 -log10(p)=1
0.0108358373185902	0.312553728376774	1099	logFC=-3.75 -log10(p)=1
-0.04590383440119	-0.326001531214144	1099	logFC=-2.5 -log10(p)=2
-0.08155742137544	0.291940710028669	1099	logFC=-3.5 -log10(p)=1
0.09814330680101	0.145757803886709	1099	logFC=0.25 -log10(p)=0
-0.101646185956995	0.372641611660541	556	logFC=-0.75 -log10(p)=0
-0.0599849017898699	-0.165316282007849	556	logFC=-1.75 -log10(p)=1
0.0458405887340601	-0.014702864952706	556	logFC=-2 -log10(p)=1
0.05151769960663	0.327464166892161	1099	logFC=-1.5 -log10(p)=1
-0.122727314946718	0.0443761034057282	635	logFC=-0.5 -log10(p)=16
0.076917196181831	-0.447187500442089	635	logFC=-0.5 -log10(p)=9
-0.081972176093851	-0.453921220489882	530	logFC=-0.75 -log10(p)=18
0.0157105135061411	0.190080885623573	530	logFC=-1 -log10(p)=21
-0.11772940139414	0.405032252162151	530	logFC=-1.25 -log10(p)=25
0.0816211414302499	0.228800306701828	974	logFC=-1.5 -log10(p)=23
0.09790452128784	0.274141777122562	974	logFC=-1.25 -log10(p)=16
0.0260842567823301	0.237336703595172	974	logFC=-1.25 -log10(p)=16
-0.02156989044825	0.0304617074417024	609	logFC=-1 -log10(p)=12
-0.062650730113209	0.355414021369752	609	logFC=-0.75 -log10(p)=9
0.050252521087681	-0.268635310684553	609	logFC=-0.75 -log10(p)=7
0.099958910149914	-0.470001177680302	770	logFC=-0.75 -log10(p)=3
0.072539326612616	0.47595217433049	769	logFC=-0.75 -log10(p)=6
0.008140328603015	-0.266737780729375	769	logFC=-0.5 -log10(p)=4
0.02311054996354	-0.103712087946643	769	logFC=-0.75 -log10(p)=7
-0.026729693690917	0.33115099267605	769	logFC=-0.75 -log10(p)=6
-0.03431227865313	0.216340955797865	769	logFC=-1 -log10(p)=8
0.0559351503258401	0.28561133273098	769	logFC=-1.25 -log10(p)=9
-0.0203436870507601	-0.0723745826134437	769	logFC=-1.25 -log10(p)=10
-0.0083325010156301	0.270932944567255	769	logFC=-1 -log10(p)=7
0.03485557080229	-0.337896121740267	770	logFC=-0.75 -log10(p)=4
-0.077345887688403	0.49038312614472	770	logFC=-0.75 -log10(p)=4
0.0342410200576631	0.158551251012956	232	logFC=-1 -log10(p)=5
0.10605221477382	0.453897281201377	232	logFC=-1.25 -log10(p)=6
0.019746453270422	0.337353826147083	232	logFC=-1 -log10(p)=4
0.09165187319642	-0.00744445660247273	232	logFC=-1.75 -log10(p)=8
-0.00658034667690011	0.403559623763064	297	logFC=-1 -log10(p)=3
-0.10441639785315	0.227023523400558	297	logFC=-1 -log10(p)=3
0.11944032854889	0.396161273205557	297	logFC=-1.25 -log10(p)=2
0.00553626553824982	0.202406306313708	1099	logFC=-2.25 -log10(p)=3
0.0681746613066401	0.21813520596488	556	logFC=-1.5 -log10(p)=1
-0.11006146332384	-0.0943612627981221	1099	logFC=-2.75 -log10(p)=2
0.0112135598152301	-0.0455072538696917	1099	logFC=-1.25 -log10(p)=1
0.0382083151602799	0.034915058398759	1099	logFC=-1.5 -log10(p)=1
0.099806052338567	-0.427038085770903	1099	logFC=-1 -log10(p)=1
0.0320246806993501	0.296374977154733	1099	logFC=-4.5 -log10(p)=2
0.0644996374942	-0.329119136470414	1099	logFC=-1.25 -log10(p)=1
0.0447886059831002	0.205829932948453	1099	logFC=-2.25 -log10(p)=1
0.00487526770836011	0.410573562970298	1099	logFC=-3 -log10(p)=2
-0.00566484742277007	-0.467028788613473	556	logFC=-1.75 -log10(p)=2
0.00221270200903989	-0.0953343931855666	556	logFC=-2.25 -log10(p)=2
0.069145637028797	0.0672251550809992	556	logFC=-0.25 -log10(p)=0
0.07591123870263	-0.203593754632787	1099	logFC=-1.5 -log10(p)=1
0.0935703260171299	-0.170166938364344	1099	logFC=-2.75 -log10(p)=2
-0.11770146859605	-0.0573100647508607	1099	logFC=-1.25 -log10(p)=1
0.032308595823801	-0.165688472595928	635	logFC=-0.75 -log10(p)=18
0.102211355434514	-0.108849834034856	635	logFC=-0.75 -log10(p)=14
-0.087968688044655	0.130973227173975	530	logFC=-0.75 -log10(p)=18
0.0183373657530701	-0.136230594221736	530	logFC=-1.25 -log10(p)=24
-0.0156703666661999	0.0943032000064754	974	logFC=-1.25 -log10(p)=20
-0.10133755416599	-0.256367313496815	974	logFC=-1 -log10(p)=15
-0.0827712183081799	-0.321321008515017	974	logFC=-1 -log10(p)=14
-0.0582917547067701	0.344227530309945	609	logFC=-1 -log10(p)=12
-0.07889269928709	0.0163530393509426	609	logFC=-0.75 -log10(p)=9
0.090706524501629	-0.0690153692222015	609	logFC=-0.75 -log10(p)=6
0.028038836438156	-0.429446403842245	770	logFC=-1 -log10(p)=5
-0.091911799863683	0.148355635366561	769	logFC=-0.25 -log10(p)=2
0.070560617261888	0.11170923827032	769	logFC=-0.5 -log10(p)=3
-0.02927430089387	0.176163524466526	769	logFC=-0.75 -log10(p)=8
0.038077701096812	-0.0139002527550685	769	logFC=-0.5 -log10(p)=3
-0.012894453416702	0.0643928520086394	769	logFC=-0.75 -log10(p)=5
0.0471016015831161	-0.128658353239612	769	logFC=-1 -log10(p)=7
-0.03096725487248	0.326616152309333	769	logFC=-1 -log10(p)=7
0.102326287956427	-0.352456351209337	769	logFC=-1 -log10(p)=7
0.0914137329739459	-0.357955775587928	770	logFC=-1 -log10(p)=6
0.070375102368332	-0.385321910148554	770	logFC=-1 -log10(p)=6
0.0391130609839711	-0.441462489933933	770	logFC=-0.75 -log10(p)=4
0.119267194952876	-0.135145571958995	770	logFC=-0.75 -log10(p)=3
0.1197987372612	-0.252254433167493	232	logFC=-1.25 -log10(p)=6
0.022640964504848	0.291246264752396	232	logFC=-0.75 -log10(p)=2
-0.065660809518	-0.217641869306939	297	logFC=-1.25 -log10(p)=4
-0.014020831148414	-0.38773432242858	297	logFC=-0.75 -log10(p)=2
0.0868578418405499	0.429999991307575	60	logFC=-1.75 -log10(p)=2
-0.00751178974918099	-0.363105734763502	1099	logFC=-0.75 -log10(p)=1
-0.0133013341253001	0.412701237057506	1099	logFC=-3 -log10(p)=2
0.0842153970089401	-0.223048423947049	1099	logFC=-1.25 -log10(p)=1
-0.075428591733387	0.32130736064654	1099	logFC=-0.5 -log10(p)=0
-0.06834629786859	-0.134129370537121	1099	logFC=-1.75 -log10(p)=1
0.12047563128264	-0.47244853855796	1099	logFC=-4 -log10(p)=2
-0.00246960371266969	-0.0370950567080945	1099	logFC=-4.25 -log10(p)=2
-0.0132360424661	-0.331913574630194	1099	logFC=-4 -log10(p)=2
0.118585750724073	0.0509588681092975	1099	logFC=0 -log10(p)=0
-0.0570569059857999	-0.40907979607928	1099	logFC=-1 -log10(p)=1
-0.00635771147592485	0.00214004546439522	556	logFC=0 -log10(p)=0
0.09474435567136	0.322087433495332	556	logFC=-0.75 -log10(p)=0
0.05274738253866	-0.0300851517294779	556	logFC=-2 -log10(p)=1
-0.0931409110216901	-0.490119561602651	1099	logFC=-1.25 -log10(p)=1
-0.11399878636516	0.144076501571722	1099	logFC=-4.25 -log10(p)=2
0.0106606678600203	-0.268045778648891	1099	logFC=-4.75 -log10(p)=3
0.013782017627139	-0.345545373528573	635	logFC=-0.75 -log10(p)=19
-0.042052341233209	0.0160264664311942	635	logFC=-0.5 -log10(p)=12
0.019860365419325	-0.086859156600223	530	logFC=-1 -log10(p)=20
-0.0909114413552501	-0.0576016249209523	530	logFC=-1 -log10(p)=19
0.070616564231018	-0.113705069476051	974	logFC=-0.75 -log10(p)=9
-0.0182380777925799	0.25226808454549	974	logFC=-1 -log10(p)=14
0.046750081019228	-0.219989192317661	609	logFC=-0.75 -log10(p)=7
0.020300501119126	-0.190678214905557	609	logFC=-0.75 -log10(p)=8
0.033417281171287	-0.269561792914738	609	logFC=-0.5 -log10(p)=4
0.012284853099744	-0.400390533110749	770	logFC=-0.5 -log10(p)=2
-0.081925468318186	0.28628445714537	769	logFC=-0.25 -log10(p)=2
-0.069220491187065	-0.0446505090458922	769	logFC=-0.25 -log10(p)=2
-0.091096633321925	0.400645896745118	769	logFC=-0.25 -log10(p)=2
0.076268807833769	0.202575069703729	769	logFC=-0.5 -log10(p)=3
0.089932402350915	0.463099657847863	769	logFC=-0.5 -log10(p)=2
0.039918210995698	0.38767039197853	769	logFC=-0.75 -log10(p)=4
-0.014075376756216	-0.351929755210792	769	logFC=-0.5 -log10(p)=3
0.073142378101292	-0.491219288520417	769	logFC=-0.75 -log10(p)=5
0.108596487419181	0.252525807858648	769	logFC=-1 -log10(p)=6
-0.100369861031175	-0.342438497698089	769	logFC=-0.75 -log10(p)=6
-0.100334609376472	-0.255295876038601	770	logFC=-0.5 -log10(p)=3
-0.100641292044343	0.374641734231683	770	logFC=-0.75 -log10(p)=5
-0.061384222145776	-0.477300265589665	232	logFC=-0.75 -log10(p)=4
-0.10443494419305	-0.409051551142668	232	logFC=-1.25 -log10(p)=7
-0.0978946647211401	-0.0765451753754078	297	logFC=-1.25 -log10(p)=5
0.065887794380533	-0.0253114909624275	297	logFC=-1 -log10(p)=3
-0.02560682612878	0.255202777145273	60	logFC=-0.25 -log10(p)=0
-0.00486167693200001	0.468297876763309	1099	logFC=-1 -log10(p)=0
-0.076189052277712	0.324157884881095	1099	logFC=-0.5 -log10(p)=0
-0.104165243433	0.277400827931703	1099	logFC=-1.75 -log10(p)=1
-0.0163824124466501	-0.388805107575598	1099	logFC=-1.5 -log10(p)=1
0.05743333643714	-0.0564769485953269	1099	logFC=-2 -log10(p)=1
-0.00184873858284984	-0.392012555349661	1099	logFC=-4 -log10(p)=2
0.0507379115111399	-0.0764986944916051	1099	logFC=1.5 -log10(p)=1
0.0931581723128301	0.167234071732892	1099	logFC=-3.5 -log10(p)=1
0.0984600838041001	-0.284561221651946	1099	logFC=-1.75 -log10(p)=1
-0.0647585209067199	-0.408672530273559	1099	logFC=-2.5 -log10(p)=2
-0.0608021527331399	-0.311078366483062	1099	logFC=-1.25 -log10(p)=1
-0.066315449163679	0.0733754192069687	556	logFC=0.25 -log10(p)=0
-0.0717647306156399	0.0426942305754956	556	logFC=-2 -log10(p)=1
0.0430161641926401	-0.217085887751115	556	logFC=-2.75 -log10(p)=1
0.00104013547580006	-0.399855135380723	556	logFC=-4 -log10(p)=2
0.0200644031972601	-0.00754036205418007	1099	logFC=-1.25 -log10(p)=1
-0.029442824414012	0.364690914107239	635	logFC=-0.75 -log10(p)=19
-0.121479687144891	0.294865483786399	635	logFC=-0.75 -log10(p)=19
-0.0748334990076111	-0.136044188743169	530	logFC=-0.75 -log10(p)=14
0.034954581727228	0.0723796850128977	530	logFC=-0.5 -log10(p)=5
0.022238303689216	0.142968750629924	974	logFC=-0.75 -log10(p)=9
0.070286623420223	0.372929911651188	974	logFC=-0.75 -log10(p)=7
0.043491039083513	0.301860088616091	974	logFC=-0.5 -log10(p)=4
-0.046913801304522	-0.0123237309422144	974	logFC=-0.25 -log10(p)=2
-0.018984129393078	-0.00381815825651355	770	logFC=-0.5 -log10(p)=2
-0.106297812141048	0.485155023418683	769	logFC=0 -log10(p)=0
-0.115104866990291	-0.491288300974796	769	logFC=0 -log10(p)=1
0.100711556096274	-0.201759642344224	769	logFC=-0.25 -log10(p)=1
0.100393591772105	-0.303816328016638	769	logFC=-0.25 -log10(p)=1
-0.103893246819221	0.106023947606645	769	logFC=-0.25 -log10(p)=2
0.056820985556119	-0.434693042623927	769	logFC=-0.75 -log10(p)=5
0.10624519528454	-0.208044295073347	769	logFC=-0.5 -log10(p)=2
0.097576901527835	0.193641563629425	769	logFC=-0.5 -log10(p)=2
-0.075378105621469	-0.06399587331431	769	logFC=-0.75 -log10(p)=6
0.082626235624045	-0.171372949193329	769	logFC=-0.5 -log10(p)=2
-0.071851928824388	0.146240079780269	769	logFC=-0.25 -log10(p)=1
-0.071080484520279	-0.306233023321303	770	logFC=-0.75 -log10(p)=5
0.04294682755215	0.124578047449425	232	logFC=-1 -log10(p)=5
0.1037069811807	-0.47444249742078	232	logFC=-1.25 -log10(p)=6
-0.11884152584372	0.208230344134047	297	logFC=-1.75 -log10(p)=7
-0.0230064653881701	-0.316056538436777	297	logFC=-1.25 -log10(p)=4
0.119704025077945	-0.477186455147103	60	logFC=-0.75 -log10(p)=1
0.0653257453612081	-0.262886113274332	1099	logFC=-1 -log10(p)=1
0.0591614618866201	0.18216569604605	60	logFC=-2 -log10(p)=2
0.0455817014745299	-0.020712705858925	1099	logFC=-2 -log10(p)=1
0.120295670022664	0.0393853428431707	1099	logFC=-0.25 -log10(p)=0
0.00692076040531497	0.457870186534215	1099	logFC=-1 -log10(p)=0
0.102609633666101	0.308283139760582	1099	logFC=-0.75 -log10(p)=0
0.115752743879932	0.0398460218884784	1099	logFC=-0.25 -log10(p)=0
0.0636636728171101	-0.431390852670918	1099	logFC=1 -log10(p)=1
-0.0868985665809301	-0.0628542968549302	1099	logFC=-1.25 -log10(p)=1
-0.014266878972456	0.191517132653292	1099	logFC=-0.5 -log10(p)=0
-0.117349670301249	0.250399754276876	1099	logFC=0.75 -log10(p)=0
0.0847573607673198	0.0582641249213212	1099	logFC=-5 -log10(p)=3
-0.00741495154990979	-0.0391177325164023	1099	logFC=-4.25 -log10(p)=2
-0.05403206376838	-0.374615849071626	1099	logFC=-1.25 -log10(p)=1
-0.039947968517456	0.132741643759751	1099	logFC=-0.25 -log10(p)=0
-0.045753668598319	-0.486861404454829	1099	logFC=-0.75 -log10(p)=1
0.084038507851952	-0.465033332707964	635	logFC=-1 -log10(p)=24
-0.063994753424499	-0.482735178859659	635	logFC=-0.25 -log10(p)=5
0.0144301694297579	0.0660887581656198	530	logFC=0 -log10(p)=0
0.078010530149658	-0.435775225306212	530	logFC=-0.5 -log10(p)=6
0.025875217781576	-0.451847620076382	974	logFC=-0.5 -log10(p)=6
0.118427242390784	0.300271353804042	974	logFC=-0.5 -log10(p)=4
0.0107365296728055	0.0422365833382538	974	logFC=0 -log10(p)=0
-0.106833966859766	-0.313691187440811	770	logFC=-0.25 -log10(p)=2
-0.072830597214081	0.19072364479637	530	logFC=0.25 -log10(p)=1
-0.048612126297182	0.399864203117429	530	logFC=0.25 -log10(p)=1
0.0858733627916176	0.453860629349207	530	logFC=0 -log10(p)=0
-0.080960198809054	-0.0607902089982693	530	logFC=0.25 -log10(p)=1
-0.09725149316955	0.410402455578994	769	logFC=0 -log10(p)=0
-0.029931922444189	-0.381927426214906	769	logFC=-0.5 -log10(p)=4
0.034046540892929	-0.143222621844301	769	logFC=-0.5 -log10(p)=3
0.08214826599037	-0.0860064454357348	769	logFC=-0.5 -log10(p)=3
0.022577091775386	0.0796543662628313	769	logFC=-0.75 -log10(p)=6
-0.026547050425157	0.250414965318998	769	logFC=-0.25 -log10(p)=1
-0.067321015047557	0.35518648190639	769	logFC=-0.25 -log10(p)=1
0.047683765464121	0.426822098474883	769	logFC=-0.5 -log10(p)=2
-0.10291479685202	0.382110069403985	232	logFC=-1 -log10(p)=7
-0.12487890008663	0.433392482797681	232	logFC=-1 -log10(p)=6
0.11933538947866	-0.280079939541038	297	logFC=-1.5 -log10(p)=6
-0.11193428019846	0.169778048684176	297	logFC=-1.25 -log10(p)=4
-0.0510457540926299	-0.469245134572244	60	logFC=-1 -log10(p)=2
-0.0913576571755299	0.174717471575456	60	logFC=-2.25 -log10(p)=2
-0.01761165108551	0.336220623434628	60	logFC=-1.5 -log10(p)=1
0.097568555463325	-0.487018111106584	1099	logFC=-1 -log10(p)=1
0.00287354298692	0.123334565044142	1099	logFC=-1.75 -log10(p)=1
0.03364659517643	0.252292525920448	1099	logFC=-2.25 -log10(p)=1
-0.00579462387447993	-0.393534169307677	1099	logFC=-1.5 -log10(p)=1
-0.00387620202814998	-0.379390302866023	1099	logFC=-1.5 -log10(p)=1
-0.088860420862731	0.360266098488629	1099	logFC=-0.75 -log10(p)=0
-0.0796314220976502	0.0980253422919031	1099	logFC=-2 -log10(p)=1
0.067782398726113	0.386675583651461	1099	logFC=0.75 -log10(p)=0
0.0370497047573801	0.275004245486864	1099	logFC=-4.5 -log10(p)=2
-0.018804292630085	0.190732753075894	1099	logFC=-0.5 -log10(p)=0
0.0147231541544701	0.421664242873222	1099	logFC=-3.75 -log10(p)=1
-0.108215712711566	0.355298440388739	1099	logFC=-0.75 -log10(p)=0
-0.10493857119001	-0.485775557672614	1099	logFC=-1.25 -log10(p)=1
0.0724528676180201	-0.204058966155676	1099	logFC=-1.5 -log10(p)=1
-0.086288435455695	-0.298850430069633	635	logFC=-0.5 -log10(p)=14
0.056088443290877	0.303621219873764	635	logFC=-0.25 -log10(p)=2
0.073172829004596	-0.076843241783747	530	logFC=-0.75 -log10(p)=12
0.021671311658615	-0.404178264603946	530	logFC=-0.75 -log10(p)=13
-0.037948931216673	-0.125233589738565	530	logFC=-0.75 -log10(p)=14
-0.021577996220096	-0.2211680771096	530	logFC=-0.25 -log10(p)=3
-0.0104813565595639	-0.104168919181331	530	logFC=-0.75 -log10(p)=7
-0.0961219093534695	-0.405542059358079	530	logFC=0 -log10(p)=1
-0.0516360718616911	0.242453112550197	530	logFC=0 -log10(p)=0
-0.111172619443338	-0.030254269902905	530	logFC=0.25 -log10(p)=1
-0.00218771955525801	0.0297913084409318	530	logFC=0.25 -log10(p)=2
-0.0818397138099104	0.367566842205968	769	logFC=0 -log10(p)=0
-0.072156704376033	0.0252879378982231	769	logFC=-0.25 -log10(p)=2
-0.014641419752797	0.4523239392205	769	logFC=-0.5 -log10(p)=4
-0.10290887064709	-0.42940236342766	769	logFC=-0.25 -log10(p)=3
0.0966321745972	-0.401452818600694	769	logFC=-0.5 -log10(p)=3
-0.107462010154415	0.118021168451326	769	logFC=-0.25 -log10(p)=2
-0.044351029760698	0.410149282217596	769	logFC=-0.25 -log10(p)=1
-0.045590121581543	0.413289029000028	769	logFC=-0.25 -log10(p)=1
-0.0595112809280221	-0.289710577884697	769	logFC=-0.5 -log10(p)=3
-0.09575257750749	0.387775047451461	232	logFC=-0.5 -log10(p)=2
-0.06086009149356	0.191591082733544	232	logFC=-1 -log10(p)=4
0.04725766329324	0.368047742426935	232	logFC=-1.25 -log10(p)=5
0.122463188680972	0.0423602639908243	232	logFC=-0.75 -log10(p)=1
-0.00988098489438993	-0.155510235943584	60	logFC=-2.75 -log10(p)=4
-0.00836924891570012	-0.0367863555799108	1099	logFC=-2.25 -log10(p)=2
-0.02140707296949	0.483823375047568	1099	logFC=-2.5 -log10(p)=2
0.010991468167051	-0.329839361233261	1099	logFC=-1 -log10(p)=1
0.0747864141029799	0.301429708022698	1099	logFC=-3 -log10(p)=2
0.072097060296886	0.0616260269216126	1099	logFC=-0.25 -log10(p)=0
-0.063525146637053	0.207674578808446	1099	logFC=0.5 -log10(p)=0
-0.000760695354270036	-0.391943301921849	1099	logFC=-1.5 -log10(p)=1
0.070331214019825	0.082922221947602	1099	logFC=-0.25 -log10(p)=0
0.00521474475927009	-0.209344535591914	1099	logFC=-1.25 -log10(p)=1
0.0162973470091803	0.278992410364389	1099	logFC=-5 -log10(p)=3
6.53245985899886e-05	-0.0448453920327661	1099	logFC=-2.25 -log10(p)=2
0.0891362595037799	0.412328591801832	1099	logFC=-1.25 -log10(p)=0
-0.10001935859415	0.497827508890985	1099	logFC=-1.25 -log10(p)=0
-0.0655408785579699	0.338894516291697	1099	logFC=-4.5 -log10(p)=2
-0.073173641794592	0.068496174258238	1099	logFC=0.25 -log10(p)=0
0.044747240472222	0.368975259583616	635	logFC=-0.5 -log10(p)=9
0.0894635552636281	0.00524432920380669	635	logFC=-0.75 -log10(p)=14
-0.094904347702755	0.412204650008189	635	logFC=-0.75 -log10(p)=17
-0.05984532621566	-0.492764413380034	635	logFC=-0.75 -log10(p)=18
0.11686081868217	0.13858092974029	635	logFC=-0.25 -log10(p)=1
-0.09554590847065	0.462648831094935	530	logFC=-0.5 -log10(p)=6
0.00345444378479798	-0.214865247427497	530	logFC=0.25 -log10(p)=3
-0.079469116380626	0.30004335207549	530	logFC=0.5 -log10(p)=5
-0.102934441236045	0.0339579637492227	530	logFC=0.5 -log10(p)=5
-0.020340730055769	-0.092536680900114	530	logFC=1 -log10(p)=17
0.037511200766629	-0.0456185904994548	769	logFC=0.5 -log10(p)=6
0.073020776849991	0.473567015302876	769	logFC=-0.5 -log10(p)=3
-0.120206284042533	-0.261279389363387	769	logFC=-0.25 -log10(p)=3
-0.0109013125607415	0.034142769786468	769	logFC=0 -log10(p)=0
-0.000866217744546812	0.00226795310879319	769	logFC=0 -log10(p)=0
0.103078353175426	0.356518018055804	769	logFC=0 -log10(p)=0
0.0374270750630901	0.106139687853366	769	logFC=0 -log10(p)=0
-0.0668250059117195	0.192740789243752	769	logFC=0 -log10(p)=0
-0.004448427401061	0.446381745566595	769	logFC=-0.5 -log10(p)=2
0.065545256483753	-0.229699626425919	232	logFC=-0.5 -log10(p)=2
-0.08521580858755	-0.0926125847402481	232	logFC=-0.75 -log10(p)=3
-0.00630929145784598	-0.443051220999735	232	logFC=-0.25 -log10(p)=1
0.00893938088264701	0.340447139431847	232	logFC=-0.75 -log10(p)=1
0.0983170823527399	-0.219154138019448	60	logFC=-2.25 -log10(p)=3
0.0875383714062401	0.165313800342075	1099	logFC=-2 -log10(p)=2
0.11599747203793	0.176104087002448	1099	logFC=-1.5 -log10(p)=1
-0.0482909069221402	-0.397645433855583	1099	logFC=-2.5 -log10(p)=2
-0.10339700098883	0.327404084604707	1099	logFC=-1.5 -log10(p)=1
0.04624668267121	-0.0303082488361108	1099	logFC=-2 -log10(p)=1
-0.0439380439845101	-0.0940245284979753	1099	logFC=-1.5 -log10(p)=1
-0.048032701331051	0.149714193398761	1099	logFC=-0.25 -log10(p)=0
0.00670230799183369	0.0020909585582277	1099	logFC=0 -log10(p)=0
-0.02859288692925	0.211758784765825	1099	logFC=-1.5 -log10(p)=1
-0.0121972911978201	-0.186004546414982	1099	logFC=-2.75 -log10(p)=2
-0.0940998269658899	-0.237453313907766	1099	logFC=-1 -log10(p)=1
0.01514103532433	0.225833831052522	1099	logFC=-2.25 -log10(p)=1
-0.035937307969655	0.411278661468429	1099	logFC=-0.75 -log10(p)=0
-0.087397296431675	0.13326805336338	1099	logFC=-0.25 -log10(p)=0
0.098316936352698	0.466900630894603	1099	logFC=-0.75 -log10(p)=0
0.111866626588142	-0.444875196974496	635	logFC=-0.5 -log10(p)=8
-0.0864321373313548	-0.313649954022174	635	logFC=0 -log10(p)=1
0.061265519884911	-0.0260622348660706	635	logFC=-0.25 -log10(p)=2
0.0713966925412212	0.472012276835971	635	logFC=0 -log10(p)=0
-0.095124914270098	0.0441248499018165	530	logFC=-0.5 -log10(p)=6
-0.070494171825719	-0.384788857645313	530	logFC=0.25 -log10(p)=2
-0.085567450144583	0.20905666803721	530	logFC=0.5 -log10(p)=5
-0.017972441975566	0.0179444585347794	530	logFC=0.25 -log10(p)=2
0.115812495362965	-0.489954452065415	530	logFC=0.25 -log10(p)=4
-0.113399438669788	-0.268048306525679	769	logFC=0.25 -log10(p)=1
-0.111166281661615	-0.498024419807505	769	logFC=-0.5 -log10(p)=6
-0.00139938731384903	0.20945091273136	769	logFC=-0.5 -log10(p)=4
-0.115830048389887	0.460440318980198	769	logFC=-0.25 -log10(p)=2
-0.013258943994441	0.257540611070886	769	logFC=-0.25 -log10(p)=1
-0.106123165970322	0.349241357050684	769	logFC=0 -log10(p)=0
-0.044948057323377	0.26825643197361	769	logFC=-0.25 -log10(p)=1
-0.003155163549864	0.185079251707908	769	logFC=-0.5 -log10(p)=3
-0.017807880025255	0.430825757519128	769	logFC=-0.75 -log10(p)=4
0.048364160417975	0.0669670530154791	232	logFC=-0.75 -log10(p)=3
-0.08135197904462	-0.0195950627878005	232	logFC=-1 -log10(p)=5
0.041822448538774	-0.301029877170639	232	logFC=-0.75 -log10(p)=3
0.0379238730290401	-0.251525301785727	232	logFC=-1.25 -log10(p)=3
-0.035810721772026	-0.151588689585184	60	logFC=-0.75 -log10(p)=1
0.1243757044363	-0.396640664169041	60	logFC=-1.5 -log10(p)=2
0.0928535379714699	-0.163085523932968	1099	logFC=-1.25 -log10(p)=1
-0.0432210955710181	0.357728680201656	1099	logFC=-0.5 -log10(p)=0
-0.11998654074415	-0.415932767186499	1099	logFC=-3 -log10(p)=3
0.0149305709861598	0.381006518172667	1099	logFC=-3 -log10(p)=2
-0.0557186188391601	-0.407758599637252	1099	logFC=-2.5 -log10(p)=2
0.108113791175415	0.295958892731449	1099	logFC=-0.75 -log10(p)=0
0.113681226415897	0.0476435847324805	1099	logFC=0 -log10(p)=0
-0.0424990864502699	-0.39358354516325	1099	logFC=-2.5 -log10(p)=2
0.043941252752305	0.233749266231955	1099	logFC=-0.5 -log10(p)=0
0.09937747447282	-0.272125810932063	1099	logFC=-1.25 -log10(p)=1
-0.0174266253814599	-0.166752514176063	1099	logFC=-1.5 -log10(p)=1
0.00513330129404099	0.46833593807398	1099	logFC=-1 -log10(p)=0
0.055118788871476	0.178744886999338	1099	logFC=0.25 -log10(p)=0
-0.0687364939859201	0.0303349951307939	1099	logFC=-1 -log10(p)=1
0.00640798087095501	0.184039179144163	635	logFC=-0.5 -log10(p)=10
-0.115599936522323	0.0738716265492052	635	logFC=0 -log10(p)=1
-0.0401801570673273	0.223402802580814	635	logFC=0 -log10(p)=0
0.063471102796166	-0.258408020623027	530	logFC=-0.5 -log10(p)=4
0.0800746632764525	0.459190104725645	530	logFC=0 -log10(p)=0
-0.00109567242664599	0.095876023908418	530	logFC=0.25 -log10(p)=2
0.088506269506619	-0.0101886919450551	530	logFC=-0.25 -log10(p)=1
-0.024155197308859	0.462038231281668	530	logFC=0.25 -log10(p)=1
-0.0459068975150863	0.153179408650209	769	logFC=0 -log10(p)=0
-0.053832705730498	0.384074412513161	769	logFC=-0.75 -log10(p)=7
0.026463872802668	0.160064017680442	769	logFC=-0.75 -log10(p)=6
-0.091909587610937	-0.0855589622427229	769	logFC=-0.25 -log10(p)=2
-0.119752615403481	-0.318588766261031	769	logFC=-0.25 -log10(p)=2
-0.107740771290693	-0.497784729882138	769	logFC=-0.25 -log10(p)=2
0.079141186792365	0.493558043818445	769	logFC=-0.25 -log10(p)=0
0.090211437967531	-0.118999040897823	769	logFC=-0.5 -log10(p)=2
-0.120965105462415	-0.224254181489817	769	logFC=-0.75 -log10(p)=5
0.06280001649894	-0.372214882545483	232	logFC=-1 -log10(p)=5
-0.098219891792404	-0.0876393248136105	232	logFC=-0.75 -log10(p)=3
0.118165028829626	-0.235531255123773	232	logFC=-0.75 -log10(p)=2
0.073503152025425	0.138335720199026	232	logFC=-1 -log10(p)=2
-0.00910687252491993	-0.0218019742457083	60	logFC=-1.5 -log10(p)=2
-0.063135193938228	0.205831279071341	1099	logFC=-0.25 -log10(p)=0
-0.01113645077001	-0.207284683132559	1099	logFC=-1 -log10(p)=1
-0.0275567945208199	-0.187022312187366	1099	logFC=-1 -log10(p)=1
0.073612555979479	0.20499263437198	1099	logFC=-0.5 -log10(p)=0
0.06044531326471	-0.236715047534322	1099	logFC=-1.5 -log10(p)=1
0.056233802697725	0.396925303308305	1099	logFC=-0.75 -log10(p)=0
-0.098851988404706	0.371320549273735	1099	logFC=-0.75 -log10(p)=0
0.097149036381681	-0.435172448326448	1099	logFC=-1 -log10(p)=1
0.0513321470757502	0.471472116822292	1099	logFC=-2.5 -log10(p)=1
0.09337338100718	0.0625460334439782	1099	logFC=-1.75 -log10(p)=1
0.0650045673763899	-0.0544775080066557	1099	logFC=-1.5 -log10(p)=1
-0.10915124603896	0.151639153069477	1099	logFC=-0.25 -log10(p)=0
0.063618259972324	0.278133513508217	1099	logFC=-0.75 -log10(p)=0
0.061144611860221	0.409618197201529	1099	logFC=-0.75 -log10(p)=0
-0.0172252237562001	0.0364254083368523	1099	logFC=-2.25 -log10(p)=2
0.039569981359396	-0.136298338563087	635	logFC=-0.5 -log10(p)=10
-0.0955291435229478	-0.188152921519884	635	logFC=0 -log10(p)=1
-0.028100729441189	0.264411666312755	530	logFC=-0.5 -log10(p)=6
-0.116342032650926	-0.139290126335217	530	logFC=0 -log10(p)=1
0.0584281571321349	0.30089271240671	530	logFC=0 -log10(p)=0
0.047171877737217	-0.0661543024697071	530	logFC=-0.5 -log10(p)=6
-0.023378994880562	0.284124536417934	530	logFC=-0.25 -log10(p)=2
-0.096168267088061	-0.314668744365595	769	logFC=-0.25 -log10(p)=3
0.080583255803765	0.157701142932194	769	logFC=-1 -log10(p)=10
-0.058214439841097	-0.402049422973752	769	logFC=-0.75 -log10(p)=9
-0.00313663973898604	0.430211552528604	769	logFC=-0.75 -log10(p)=7
-0.102357701872123	-0.108802939081477	769	logFC=-0.75 -log10(p)=7
0.082576650637417	0.321096853171287	769	logFC=-0.5 -log10(p)=2
0.084096186551141	0.0396236544177704	769	logFC=-0.5 -log10(p)=2
0.066575088071234	-0.125598502366392	769	logFC=-0.75 -log10(p)=5
0.0328762777840801	-0.00293339730459863	769	logFC=-1.25 -log10(p)=10
0.014379861883517	-0.304321120244957	232	logFC=-0.75 -log10(p)=4
-0.06536949443623	0.0808591559460981	232	logFC=-1.25 -log10(p)=7
-0.08808071953029	0.0458723691636322	232	logFC=-1 -log10(p)=5
-0.06916073455871	0.16445196356789	232	logFC=-1 -log10(p)=3
0.103814375370856	0.47386478075656	60	logFC=-0.5 -log10(p)=0
-0.07194019096708	0.483684445340571	60	logFC=-1 -log10(p)=1
0.095531680145286	0.346577829924142	1099	logFC=-0.5 -log10(p)=0
0.04740929263147	0.228305830815826	1099	logFC=-0.5 -log10(p)=0
-0.027277461032898	-0.375627820840398	1099	logFC=-0.75 -log10(p)=1
0.028718604425932	-0.161158058052292	1099	logFC=-1 -log10(p)=1
-0.037718430285933	0.134242544902888	1099	logFC=-0.25 -log10(p)=0
0.082700840476949	-0.471612427443968	1099	logFC=-1 -log10(p)=1
0.053086795787482	0.319694074578982	1099	logFC=-0.5 -log10(p)=0
0.0939192367383599	-0.284572205368836	1099	logFC=-1.25 -log10(p)=1
0.087503229655078	-0.234149270461668	1099	logFC=-1 -log10(p)=1
-0.032507758724165	0.306054430988169	1099	logFC=-0.5 -log10(p)=0
-0.091229690019857	0.065756664129281	1099	logFC=0.25 -log10(p)=0
-0.087524025893199	0.321863951768933	1099	logFC=-0.5 -log10(p)=0
0.0212981287996596	-0.14655213090558	1099	logFC=-5.25 -log10(p)=4
0.0484923523361469	0.0271209513609588	1099	logFC=0 -log10(p)=0
-0.122650984489757	-0.204289682201404	635	logFC=-0.5 -log10(p)=14
-0.108171691530616	0.146835221805803	530	logFC=-0.75 -log10(p)=14
-0.067824518401358	-0.424493537083606	530	logFC=-0.25 -log10(p)=5
0.088524746108778	0.339564265403559	530	logFC=-0.25 -log10(p)=1
0.057424098484878	-0.231908512410705	530	logFC=-0.75 -log10(p)=12
-0.067392499221706	-0.0479856997619583	530	logFC=-0.25 -log10(p)=3
0.092433350406006	-0.33531802799313	769	logFC=-0.75 -log10(p)=8
-0.08737927796534	-0.130931745995994	769	logFC=-1.25 -log10(p)=16
0.03355200246138	-0.363520790961129	769	logFC=-1.25 -log10(p)=15
0.097400551441002	-0.0471099552288514	769	logFC=-1 -log10(p)=10
-0.0093583840809599	0.192465707502258	769	logFC=-1 -log10(p)=9
0.042440744565166	0.210615265173018	769	logFC=-0.75 -log10(p)=5
-0.068487934854606	0.0472632237123083	769	logFC=-0.75 -log10(p)=6
0.121805184377697	-0.279239764603727	769	logFC=-1 -log10(p)=7
-0.0970527277227	-0.151523554137873	769	logFC=-1.25 -log10(p)=11
-0.0836059206497799	-0.0882255153505769	232	logFC=-1 -log10(p)=6
0.06915626568803	0.409760155431054	232	logFC=-1.25 -log10(p)=6
-0.112250023297377	0.276080580038857	232	logFC=-0.75 -log10(p)=3
0.05208860630566	0.165496955268829	232	logFC=-1.5 -log10(p)=5
0.019573611542747	0.331040866367053	60	logFC=-1 -log10(p)=1
-0.0925741956113499	0.411981658234598	60	logFC=-1.25 -log10(p)=1
-0.021946441197824	0.343294771391711	60	logFC=-0.5 -log10(p)=0
-0.022647385612217	0.145870437270045	1099	logFC=-0.25 -log10(p)=0
0.04363837399799	0.470204137357139	1099	logFC=-2 -log10(p)=1
0.09487614330762	-0.242150614571288	1099	logFC=-1.25 -log10(p)=1
0.011654676089478	0.309362733320165	1099	logFC=0.5 -log10(p)=0
-0.0110987415264496	-0.2783740925972	1099	logFC=-4.25 -log10(p)=2
-0.0197591710567999	-0.330279465924773	1099	logFC=-1.25 -log10(p)=1
0.0455922599212516	0.0290918210076833	1099	logFC=0 -log10(p)=0
0.11864345893669	0.227851086643541	1099	logFC=-2.5 -log10(p)=2
-0.0673793583622581	0.0326678373626497	1099	logFC=0 -log10(p)=0
-0.098954770732622	0.351537818593339	1099	logFC=0.75 -log10(p)=0
-0.032784555062389	0.294389433712526	1099	logFC=-0.5 -log10(p)=0
-0.0266843804263199	-0.151349598040247	1099	logFC=-1.25 -log10(p)=1
-0.05203022875679	-0.0788667824479907	166	logFC=-1.75 -log10(p)=2
0.0802148347787	0.176246128278418	530	logFC=-1.75 -log10(p)=27
-0.10895346138	0.454608921759585	530	logFC=-0.5 -log10(p)=10
0.00314738761488098	0.273156468773117	530	logFC=-0.5 -log10(p)=5
0.03793028680023	-0.00144084441428483	530	logFC=-1.25 -log10(p)=16
0.019876243827246	-0.0187452297143551	530	logFC=-1 -log10(p)=9
0.0614134784743099	-0.169619277683212	232	logFC=-1.25 -log10(p)=9
0.0104850261452301	-0.143629936842235	232	logFC=-1.75 -log10(p)=13
-0.01619644227013	-0.473256076755318	232	logFC=-1.75 -log10(p)=12
-0.0465832838900699	0.166342517120617	232	logFC=-1.25 -log10(p)=8
-0.10942442123208	-0.433751188240713	232	logFC=-1 -log10(p)=5
-0.02999600342974	-0.181714330559018	232	logFC=-1 -log10(p)=4
-0.026563275259025	0.363235876859756	232	logFC=-0.5 -log10(p)=1
0.07293593350061	0.275771871560933	232	logFC=-1 -log10(p)=3
0.023200865543323	-0.26308818305256	232	logFC=-1 -log10(p)=3
0.050550944704203	-0.0355157482887654	232	logFC=-1 -log10(p)=2
-0.066922627282175	-0.441158119180556	232	logFC=-0.75 -log10(p)=2
0.012921325525177	0.261837338235736	232	logFC=-0.25 -log10(p)=0
-0.0629572103004099	0.139743221272271	60	logFC=-1 -log10(p)=1
0.00452350105530996	0.48231972346565	60	logFC=-3 -log10(p)=2
-0.08143939160645	0.07810225334165	60	logFC=-2 -log10(p)=1
-0.0768732085006501	-0.159504926276603	60	logFC=-1.75 -log10(p)=1
0.04337930443215	-0.223207183357762	1099	logFC=-2.75 -log10(p)=1
-0.00551782953885305	0.225025580925966	1099	logFC=-0.75 -log10(p)=0
-0.08130337372943	-0.276790890424847	1099	logFC=1.75 -log10(p)=1
0.0730646442404199	-0.498166822632783	1099	logFC=-2 -log10(p)=1
-0.115200483201929	0.258974672370795	1099	logFC=0.75 -log10(p)=0
-0.12050254856114	-0.352658791124965	1099	logFC=-2.25 -log10(p)=1
0.0224585417025902	-0.0930133827176356	1099	logFC=-3 -log10(p)=1
-0.085473923153538	0.358916274544644	1099	logFC=-0.75 -log10(p)=0
0.064824221043879	0.281802123493972	1099	logFC=-0.75 -log10(p)=0
0.00877381461698201	0.130768738371263	1099	logFC=-0.5 -log10(p)=0
0.0892913083663198	0.0840010868074794	1099	logFC=-3.5 -log10(p)=1
0.013389687551472	0.130094363823433	1099	logFC=-0.5 -log10(p)=0
-0.04536563385682	0.422778345432084	1099	logFC=-0.75 -log10(p)=0
-0.064433176507374	0.00105739741603195	586	logFC=-0.5 -log10(p)=13
-0.02095354341492	-0.149706414407503	586	logFC=-0.25 -log10(p)=4
0.034772196987651	0.0837721401331812	530	logFC=-1 -log10(p)=20
0.111083059563362	-0.487601759585051	530	logFC=-0.75 -log10(p)=11
0.105717977977699	-0.16759910805931	955	logFC=-1 -log10(p)=14
0.11475780658316	0.0499841409007189	955	logFC=-1.5 -log10(p)=20
-0.00593024701979994	0.145537777526528	955	logFC=-1.25 -log10(p)=18
0.045159170499073	0.266610987317849	955	logFC=-1 -log10(p)=13
0.11958074104466	0.0493715240059824	955	logFC=-1.25 -log10(p)=14
-0.00904783172719004	-0.221104986550285	955	logFC=-1 -log10(p)=11
0.124044768590781	0.39944698716325	955	logFC=-1 -log10(p)=8
0.00746923505768005	0.289798704497464	955	logFC=-0.75 -log10(p)=7
0.079852154139093	0.182533392856607	232	logFC=-1 -log10(p)=8
0.083826241114167	-0.0625131412775524	232	logFC=-1 -log10(p)=6
-0.09035543202547	-0.417570675906765	232	logFC=-1.5 -log10(p)=11
0.00555301553480303	-0.456028218965594	232	logFC=-1 -log10(p)=6
0.040422673184027	-0.338996414713586	232	logFC=-1 -log10(p)=4
0.0705933532413201	0.422394803994879	60	logFC=-1.75 -log10(p)=3
-0.00197780373089995	-0.419207980511449	60	logFC=-1.25 -log10(p)=2
-0.10243714131654	0.440713228303606	60	logFC=-1 -log10(p)=1
-0.0247661473643801	-0.0107812521299699	60	logFC=-1 -log10(p)=1
0.06763708657857	0.257109834203621	60	logFC=-2 -log10(p)=2
-0.11401915981515	0.3184319193331	60	logFC=-1.75 -log10(p)=1
-0.032245464442206	0.300030760873517	60	logFC=-0.5 -log10(p)=0
0.0439040378643001	-0.447022458998659	60	logFC=-2.5 -log10(p)=2
-0.00277804437431994	-0.413692131532029	60	logFC=-1.75 -log10(p)=2
-0.0799920998939701	-0.0822805887462984	60	logFC=-1 -log10(p)=1
-0.0225306162493599	-0.0374835382024139	60	logFC=-1 -log10(p)=1
-0.04415868373507	0.275056841036116	60	logFC=-1.5 -log10(p)=1
0.105084856534247	0.305375222690963	1099	logFC=-0.75 -log10(p)=0
-0.061707371685493	0.173747488768035	1099	logFC=-0.25 -log10(p)=0
-0.10548891933956	0.121086852964835	1099	logFC=-1.25 -log10(p)=1
0.093462087664801	-0.236362118392254	60	logFC=-1 -log10(p)=1
-0.017683052209448	0.449600834946946	586	logFC=-0.75 -log10(p)=18
-0.099657822306889	-0.451148702457092	586	logFC=-0.5 -log10(p)=12
0.036286925378454	0.188292415429113	530	logFC=-0.5 -log10(p)=7
-0.00605469338040598	0.488834775472585	955	logFC=-0.75 -log10(p)=12
-0.11953077277249	0.138099087378606	955	logFC=-1 -log10(p)=16
0.019291822292512	-0.227071521108201	955	logFC=-1 -log10(p)=14
-0.020683802675063	0.40387996163315	955	logFC=-0.75 -log10(p)=10
0.122016806650884	0.191297670886147	955	logFC=-1 -log10(p)=10
-0.052786077493291	0.165133265561994	955	logFC=-0.5 -log10(p)=5
-0.056604272649236	-0.181393116360526	955	logFC=-0.5 -log10(p)=5
-0.112807688144207	0.48161459794665	955	logFC=-0.5 -log10(p)=5
0.02924676583342	0.0708533174007417	232	logFC=-1 -log10(p)=9
-0.099709333501669	-0.410667411471881	232	logFC=-0.75 -log10(p)=7
-0.0734969112956601	0.392772166508043	232	logFC=-1 -log10(p)=6
-0.10921962361976	0.494879696319416	232	logFC=-1 -log10(p)=6
-0.0934206219136991	-0.253686436863064	232	logFC=-0.75 -log10(p)=3
-0.0897035491612001	-0.352233022073219	60	logFC=-0.5 -log10(p)=1
-0.12190903744322	0.139813599141907	60	logFC=-2 -log10(p)=3
-0.0235531680795	0.239003944400572	60	logFC=-1.25 -log10(p)=1
-0.07254079492544	0.0212147798827462	60	logFC=-1 -log10(p)=1
0.10599424096701	0.0696847170608099	60	logFC=-1.25 -log10(p)=1
0.0381163686097299	0.326180466319567	60	logFC=-2.5 -log10(p)=2
-0.03484949436183	-0.401378882931102	60	logFC=-2 -log10(p)=2
0.025034315108314	-0.473230506555608	60	logFC=-0.75 -log10(p)=1
0.0998443902018	0.0774613990511615	60	logFC=-1.75 -log10(p)=1
-0.045431484602789	-0.465799224885414	60	logFC=-0.75 -log10(p)=1
-0.1023661926551	0.461600322367124	60	logFC=-2.5 -log10(p)=1
0.00674211421619009	0.0461980674395313	60	logFC=-2 -log10(p)=2
0.053582194014334	0.211622013276923	60	logFC=-0.5 -log10(p)=0
-0.03646786652058	-0.380449487315654	60	logFC=-1 -log10(p)=1
-0.0451339996314699	-0.0840716404460513	1099	logFC=-1.5 -log10(p)=1
-0.00668461090593697	-0.266209577821142	60	logFC=-0.75 -log10(p)=1
0.100890833211658	0.485185875012366	586	logFC=-0.75 -log10(p)=15
0.067047137283059	0.163848993315202	586	logFC=-0.5 -log10(p)=8
0.051987977421614	0.495193130683216	632	logFC=-0.75 -log10(p)=13
0.050543364735575	-0.0999375513982468	632	logFC=-1 -log10(p)=16
-0.043393242587384	0.420196106069938	632	logFC=-0.75 -log10(p)=12
-0.089676144421635	0.275785277657379	632	logFC=-0.5 -log10(p)=8
0.089103521346563	0.217168983534295	632	logFC=-0.75 -log10(p)=9
0.045968669590439	-0.462313709693611	955	logFC=-0.5 -log10(p)=5
-0.095282952092668	-0.11504819745437	955	logFC=-0.25 -log10(p)=3
-0.045174290379846	0.236670122728471	955	logFC=-0.5 -log10(p)=6
-0.0416996149001671	-0.165039877244148	955	logFC=-0.75 -log10(p)=9
0.00724674414781801	-0.438882966044979	955	logFC=-0.75 -log10(p)=7
-0.10577378630679	0.307373077301127	232	logFC=-1 -log10(p)=8
-0.00694772591566006	-0.332212306237772	232	logFC=-1 -log10(p)=7
0.0442025908943999	-0.136973895134221	232	logFC=-1.25 -log10(p)=4
-0.1033556651286	-0.189120187532802	60	logFC=-1 -log10(p)=2
0.11688173269384	-0.0882743889698596	60	logFC=-2.25 -log10(p)=4
0.06405523436225	-0.0755775012113895	60	logFC=-1.5 -log10(p)=2
0.03980077155243	0.0868652859286119	60	logFC=-1.25 -log10(p)=1
0.1044656844941	-0.0534616390598008	60	logFC=-1.25 -log10(p)=1
-0.00576935541646995	-0.128009798763675	60	logFC=-1.25 -log10(p)=1
0.00699411990337984	-0.0616351170595839	60	logFC=-2.75 -log10(p)=2
-0.0635617640123881	0.0260758252134447	60	logFC=0 -log10(p)=0
0.098729841811688	0.203010791522705	60	logFC=-0.5 -log10(p)=0
0.1175740517751	0.38265835126062	60	logFC=-1.5 -log10(p)=1
-0.02502122158013	-0.0997514500030528	60	logFC=-1.5 -log10(p)=1
0.085913535327241	0.318853478507467	60	logFC=-0.75 -log10(p)=0
0.10970325500837	0.329190070400655	60	logFC=-2 -log10(p)=1
0.000305649016472009	0.464213948997709	1099	logFC=-1 -log10(p)=0
0.084452308812722	-0.4846733595305	1099	logFC=-1 -log10(p)=1
-0.12335415336551	0.19831904578582	60	logFC=-1 -log10(p)=1
0.022150247695705	0.369763753689579	586	logFC=-0.75 -log10(p)=17
-0.094177311164539	-0.308912280614699	586	logFC=-0.5 -log10(p)=13
0.108224308897172	-0.33656250671809	632	logFC=-1 -log10(p)=16
0.05141051635753	-0.0525104051233409	632	logFC=-0.75 -log10(p)=12
0.115290436533159	0.185117392668668	632	logFC=-0.5 -log10(p)=5
0.048134904061969	-0.234725364295516	632	logFC=-0.5 -log10(p)=6
-0.040053499382159	-0.357545250190332	632	logFC=-0.25 -log10(p)=3
0.071441654692943	0.227377285384142	632	logFC=-0.25 -log10(p)=1
0.079890824802798	0.102604285328615	632	logFC=-0.25 -log10(p)=1
-0.047905167426705	-0.493843470369618	632	logFC=-0.5 -log10(p)=6
0.00858898868743596	-0.256207910599708	955	logFC=-0.75 -log10(p)=8
-0.028169164496706	-0.109284056394647	232	logFC=-0.75 -log10(p)=6
0.044059948905362	0.147653150017248	232	logFC=-0.75 -log10(p)=5
-0.09090337461766	0.0146264517274872	232	logFC=-1.25 -log10(p)=7
-0.05420556037059	0.0749233701257244	60	logFC=-1.5 -log10(p)=3
-0.00183181423963008	0.481961718442635	60	logFC=-2 -log10(p)=4
-0.1222029629597	-0.493748414790425	60	logFC=-1.75 -log10(p)=3
-0.0399087634036701	0.332043850293674	60	logFC=-2 -log10(p)=2
-0.062156105319425	0.455327639790358	60	logFC=-0.5 -log10(p)=0
-0.0544612759632399	-0.436614408051525	60	logFC=-1.75 -log10(p)=2
0.0249893790644899	-0.132647397099147	60	logFC=-1.25 -log10(p)=1
-0.0515544724369201	-0.147610945483522	60	logFC=-5.25 -log10(p)=4
-0.000704037375699906	0.0174418187646577	60	logFC=-1.25 -log10(p)=1
-0.110095253290697	0.361482621644083	60	logFC=-0.5 -log10(p)=0
-0.00824223329036	-0.132970252410594	60	logFC=-3.25 -log10(p)=3
0.0745009900712199	0.452003536527748	60	logFC=-1.5 -log10(p)=1
0.10300460974138	-0.424945698807098	60	logFC=-1.25 -log10(p)=1
0.0661740916585101	-0.251885214799274	60	logFC=-1.25 -log10(p)=1
0.01888134150087	0.0288426348594635	60	logFC=-1.5 -log10(p)=1
0.0833081504925799	-0.100835296308704	60	logFC=-3.75 -log10(p)=4
0.117074867722092	-0.240536993150027	586	logFC=-1 -log10(p)=22
0.081589812230346	-0.101842908050541	586	logFC=-0.75 -log10(p)=13
-0.072548418705836	-0.253630156720565	586	logFC=-0.25 -log10(p)=5
-0.101836072656526	-0.168945554145797	586	logFC=0 -log10(p)=1
0.003337663385827	-0.218673869577186	632	logFC=-0.25 -log10(p)=3
0.117076055880984	-0.0597695294008833	632	logFC=-0.25 -log10(p)=1
-0.00927226802766174	0.0409629233897403	632	logFC=0 -log10(p)=0
-0.0635777339724863	0.33834880390861	632	logFC=0 -log10(p)=0
-0.00341778668020498	0.109072237959468	632	logFC=-0.25 -log10(p)=2
-0.122377364170037	-0.101750204242288	955	logFC=-0.25 -log10(p)=3
-0.0904989058422619	0.341265830577922	955	logFC=-0.5 -log10(p)=4
0.122098302597653	0.363502669051734	955	logFC=-0.25 -log10(p)=0
0.124616061019832	0.38076764425168	232	logFC=-0.75 -log10(p)=2
0.11183557335798	-0.160329120192494	232	logFC=-1.5 -log10(p)=4
-0.11911156681874	0.335213946350273	60	logFC=-1.75 -log10(p)=4
0.0882242121313199	-0.163314031146841	60	logFC=-2.25 -log10(p)=4
-0.0769710475702601	-0.473751638168619	60	logFC=-1.25 -log10(p)=2
0.088746941488279	-0.186442111885128	60	logFC=-1 -log10(p)=1
-0.0470749457795401	-0.152665113971412	60	logFC=-1.5 -log10(p)=2
0.079809964861987	-0.266653260326185	60	logFC=-1 -log10(p)=1
-0.030734937602554	-0.420696748334207	60	logFC=-0.75 -log10(p)=1
-0.0381357575312	-0.249221750415765	60	logFC=-3.25 -log10(p)=3
-0.08924872029481	0.383237951210061	60	logFC=-2.25 -log10(p)=1
0.0283534273538399	0.0640038095916231	60	logFC=-1.25 -log10(p)=1
-0.01664206020522	-0.234895028049595	60	logFC=-1.5 -log10(p)=2
-0.06784238241237	0.109213584314726	60	logFC=-1.25 -log10(p)=1
-0.115094829506676	0.409725890866153	60	logFC=-0.5 -log10(p)=0
0.039001893835553	0.450336432167766	60	logFC=-0.75 -log10(p)=0
-0.11947394881662	-0.112292237950883	60	logFC=-1.5 -log10(p)=2
0.077208465867373	-0.448191938758752	586	logFC=-0.5 -log10(p)=9
-0.0957703342550041	-0.169858852580443	586	logFC=0 -log10(p)=1
-0.023410900857062	-0.345577169796397	586	logFC=-0.25 -log10(p)=4
-0.00899614212943101	-0.172564821910974	632	logFC=-0.5 -log10(p)=8
0.033186310478289	0.076447390063378	632	logFC=-0.5 -log10(p)=6
0.050867629121909	-0.239452104681251	632	logFC=-0.5 -log10(p)=6
0.085254751666114	0.117007480470129	632	logFC=-0.5 -log10(p)=5
0.122174351370741	0.377749291009515	632	logFC=-0.75 -log10(p)=7
0.039193237317145	-0.153821937187518	955	logFC=-0.75 -log10(p)=8
0.010874457266611	0.0495773639783472	955	logFC=-1 -log10(p)=9
-0.115591761150764	0.0712243627619449	955	logFC=-0.5 -log10(p)=4
-0.041264749943939	-0.464010995631338	232	logFC=-0.75 -log10(p)=4
0.0980719202724001	0.121200178678153	232	logFC=-2 -log10(p)=6
0.01274972025109	0.288732940318881	232	logFC=-1.75 -log10(p)=4
-0.0553432811025001	0.0235902268737229	60	logFC=-1.25 -log10(p)=2
0.096972447608529	-0.160770139195055	60	logFC=-1 -log10(p)=1
-0.09136283822059	0.398694295446695	60	logFC=-1.75 -log10(p)=2
-0.11682034441856	0.0777908091013209	60	logFC=-2.25 -log10(p)=2
0.041472024759744	-0.467044181145589	60	logFC=-0.75 -log10(p)=1
0.08085742187438	0.440217047594184	60	logFC=-1.5 -log10(p)=1
0.03884183115308	0.41669904597917	60	logFC=-2 -log10(p)=1
0.05240374843806	0.427733370499581	60	logFC=-1.5 -log10(p)=1
0.1108846962376	0.311481750315114	60	logFC=-1.5 -log10(p)=1
0.0156224536826119	-0.0329808613461753	60	logFC=-1 -log10(p)=1
0.0324736851323063	0.0150396265642431	60	logFC=0 -log10(p)=0
0.101776506418678	0.0948901383964154	60	logFC=-0.25 -log10(p)=0
0.066924861357926	0.0956798998971749	60	logFC=-0.25 -log10(p)=0
-0.12174754927976	-0.266109398104776	60	logFC=-0.5 -log10(p)=1
-0.0875463688374351	-0.184307680207787	586	logFC=-0.5 -log10(p)=14
-0.105932236370648	0.0566316210626834	586	logFC=-0.25 -log10(p)=6
-0.095584957120721	-0.407598278746097	632	logFC=-0.5 -log10(p)=10
0.105077565829971	0.131130280398812	632	logFC=-0.75 -log10(p)=10
-0.0284317699547561	-0.413586161264647	632	logFC=-0.5 -log10(p)=8
-0.083779753811895	-0.304164548616587	632	logFC=-0.5 -log10(p)=9
0.019304965438356	-0.454555058847637	632	logFC=-0.75 -log10(p)=10
-0.00236119545430602	-0.271215473870678	955	logFC=-0.75 -log10(p)=9
-0.09178973258482	0.42369468099302	955	logFC=-1 -log10(p)=10
-0.013384831087437	-0.154327835615913	955	logFC=-0.5 -log10(p)=3
-0.0590758028946301	0.336220961289468	232	logFC=-1 -log10(p)=6
0.02650886709054	0.3418033428034	232	logFC=-1.25 -log10(p)=3
0.0678506211760199	-0.322917270411486	60	logFC=-2.5 -log10(p)=6
-0.0316624177922999	-0.33374022864925	60	logFC=-1.25 -log10(p)=2
-0.09578850693666	-0.215474598536768	60	logFC=-1.25 -log10(p)=2
0.01458317318548	0.0681600344663011	60	logFC=-1.5 -log10(p)=2
0.0170416346256499	-0.430920312837489	60	logFC=-1.5 -log10(p)=2
-0.0508015901305701	-0.302223791213482	60	logFC=-2.5 -log10(p)=2
-0.0529250740045599	-0.380856157708303	60	logFC=-1 -log10(p)=1
-0.073959115961275	-0.488534955545987	60	logFC=-0.75 -log10(p)=1
-0.0838984162049301	0.256150793349775	60	logFC=-2.5 -log10(p)=3
-0.02729950399095	-0.410505993620652	60	logFC=-1.5 -log10(p)=2
-0.11999716507968	0.458286290766385	60	logFC=-0.5 -log10(p)=0
-0.058813448989469	0.14358011037822	60	logFC=-0.25 -log10(p)=0
0.0425851283550041	-0.499363979572913	60	logFC=-0.75 -log10(p)=1
-0.0421287124241201	-0.3343311489121	60	logFC=-1.5 -log10(p)=2
0.102799546852383	0.0700592980038257	60	logFC=-1 -log10(p)=1
-0.0858293049068	-0.249930814125607	586	logFC=-0.5 -log10(p)=14
-0.073790195199812	-0.28645031480654	586	logFC=-0.5 -log10(p)=12
0.035116496440281	0.439508578669373	632	logFC=-0.5 -log10(p)=7
-0.045857696958616	-0.210391077648142	632	logFC=-0.25 -log10(p)=4
0.031209415753449	0.240562025798942	632	logFC=-0.25 -log10(p)=2
0.104109505487134	-0.190348940379197	632	logFC=-0.5 -log10(p)=5
0.023970376240738	0.239045757026994	632	logFC=-0.5 -log10(p)=5
-0.00832859656875296	-0.0726103679589039	955	logFC=-0.5 -log10(p)=4
-0.00966795544118398	0.015193616032577	955	logFC=-0.25 -log10(p)=1
0.045722349052483	0.371152778536348	232	logFC=-0.75 -log10(p)=3
0.0646583612803799	-0.46401238485556	232	logFC=-1.5 -log10(p)=5
0.04864840067705	-0.347492786604275	60	logFC=-2 -log10(p)=5
0.0375577673885401	0.150352981306582	60	logFC=-1.75 -log10(p)=3
0.0298483097453599	-0.212727620987093	60	logFC=-2 -log10(p)=3
-0.12129817007795	-0.413382870870681	60	logFC=-1.25 -log10(p)=2
-0.0626524979831902	0.0123739960328924	60	logFC=-3.25 -log10(p)=3
0.046476998750986	-0.45568508004079	60	logFC=-0.75 -log10(p)=1
0.07444989195791	-0.323807647933048	60	logFC=-1.75 -log10(p)=2
0.019772350323643	0.139887318768486	60	logFC=-0.25 -log10(p)=0
-0.092578103956035	-0.488062855889215	60	logFC=-0.5 -log10(p)=1
0.03945335925573	-0.169448736805598	60	logFC=-2.5 -log10(p)=3
0.0728477111785599	-0.461770032832839	60	logFC=-1.5 -log10(p)=2
0.00824609635613399	0.160622687518461	60	logFC=-0.25 -log10(p)=0
0.00527293501008996	-0.0208746706370306	60	logFC=-2 -log10(p)=2
0.0520821817852599	0.136189459815143	60	logFC=-1.75 -log10(p)=2
0.100702820359658	0.144472018566335	60	logFC=-0.25 -log10(p)=0
-0.044737537233252	-0.479834361358169	586	logFC=-0.75 -log10(p)=20
0.00319619651200401	0.270109334870753	586	logFC=-0.25 -log10(p)=3
0.052273150135593	0.260860049120698	586	logFC=-0.25 -log10(p)=2
-0.057106235916435	0.2230654650733	632	logFC=-0.25 -log10(p)=4
-0.105819024802411	0.470311806101503	632	logFC=-0.25 -log10(p)=4
-0.068016109547596	0.340417974200181	632	logFC=-0.5 -log10(p)=7
0.035105446209159	-0.0886916320785023	955	logFC=-0.5 -log10(p)=4
0.040767489700077	0.142202689960593	955	logFC=0 -log10(p)=0
-0.085145318510563	0.300782761070369	232	logFC=-0.25 -log10(p)=1
-0.0222126853473299	0.215478772524187	232	logFC=-1.75 -log10(p)=7
-0.11510120168913	0.299754153620011	232	logFC=-1.5 -log10(p)=6
0.08328946507971	0.191287430090028	60	logFC=-2.25 -log10(p)=4
0.0327593212791799	-0.37589165525545	60	logFC=-1.25 -log10(p)=2
-0.104273253202493	0.134577348708216	60	logFC=-0.75 -log10(p)=1
-0.08727879465774	0.492926203398958	60	logFC=-2 -log10(p)=3
-0.070775644953992	0.246467983198578	60	logFC=-0.25 -log10(p)=0
-0.04935615699978	0.344999286295447	60	logFC=-1.75 -log10(p)=2
0.05830784769261	-0.298604093889671	60	logFC=-1.75 -log10(p)=2
0.0258301741868601	-0.19723629931589	60	logFC=-2 -log10(p)=3
0.0630006912360401	-0.430730701442752	60	logFC=-2.5 -log10(p)=4
0.109418928080164	0.0407388523692709	60	logFC=-1 -log10(p)=1
0.077164100017952	-0.316953553368184	60	logFC=-1 -log10(p)=1
0.019944809861231	0.381255970824684	60	logFC=-0.5 -log10(p)=0
-0.0322448360423741	-0.495283655293213	60	logFC=-0.5 -log10(p)=1
-0.103247303704506	0.0742065468729363	60	logFC=-0.75 -log10(p)=1
-0.107174668427703	-0.0854247728546742	586	logFC=-0.5 -log10(p)=14
0.091078916063376	-0.400890437221613	586	logFC=-0.5 -log10(p)=8
-0.038573614397562	-0.0498527658536432	632	logFC=-0.5 -log10(p)=10
0.060754838150567	-0.250505114660648	632	logFC=-0.75 -log10(p)=13
-0.027289153230696	0.186574001803805	632	logFC=-0.75 -log10(p)=12
0.089689708713932	-0.203778881632122	955	logFC=-1 -log10(p)=12
0.0887163219410479	-0.2778936990304	955	logFC=-0.75 -log10(p)=7
-0.0234000883191201	-0.43143260774473	232	logFC=-1 -log10(p)=8
0.0990131873884201	0.207215774235939	232	logFC=-2.25 -log10(p)=11
0.0972082411745001	0.21267681796564	232	logFC=-2.5 -log10(p)=8
0.00452421367433997	0.31243003547181	60	logFC=-1.75 -log10(p)=4
0.0529320115313201	-0.429228477815701	60	logFC=-1.75 -log10(p)=3
0.0515429057416901	-0.189149465123232	60	logFC=-2.75 -log10(p)=5
-0.12226546225957	-0.0808056759979086	60	logFC=-2 -log10(p)=3
-0.0823363658094001	0.0860215338903712	60	logFC=-1.5 -log10(p)=2
-0.0811349437751701	-0.402719012388623	60	logFC=-1.5 -log10(p)=2
0.04857529694777	0.0396310491864136	60	logFC=-1.25 -log10(p)=1
0.00190688954207296	-0.0183059828769081	60	logFC=-0.75 -log10(p)=1
-0.0385957699819399	-0.37993881680433	60	logFC=-1.5 -log10(p)=3
0.00454690948379899	-0.0685159159244385	60	logFC=-1 -log10(p)=1
0.0257726674999399	-0.252003274234843	60	logFC=-1.5 -log10(p)=2
0.113893102743752	-0.0746823417118885	60	logFC=-1 -log10(p)=1
-0.093841490287493	-0.438512980651374	60	logFC=-0.5 -log10(p)=1
-0.09451605030914	0.300818181057339	60	logFC=-1 -log10(p)=2
-0.054702891345238	-0.360845133259026	586	logFC=-0.75 -log10(p)=20
-0.046263074270768	0.262874313275765	586	logFC=-0.5 -log10(p)=11
-0.118961935008914	0.184539974989031	632	logFC=-0.5 -log10(p)=11
0.00649438723432705	0.0880492907663246	632	logFC=-0.75 -log10(p)=12
0.0660674149566161	0.240291508071556	955	logFC=-1 -log10(p)=12
0.014268381438746	0.0543068707807226	955	logFC=-0.75 -log10(p)=8
-0.09836476723323	-0.429833922556037	232	logFC=-1 -log10(p)=9
0.1006969229699	-0.210700699669724	232	logFC=-2 -log10(p)=10
-0.0968645811516899	0.219080404941671	232	logFC=-2.5 -log10(p)=9
0.00976466734226999	-0.256751408062411	232	logFC=-2.5 -log10(p)=7
-0.07136383768377	-0.199255767914512	60	logFC=-1.25 -log10(p)=2
0.0670082246231001	-0.485495829267782	60	logFC=-2 -log10(p)=4
-0.03443601841626	-0.456435485785786	60	logFC=-1 -log10(p)=2
-0.00509847956975695	-0.197168414179425	60	logFC=-0.75 -log10(p)=1
0.12055638861272	-0.039903737392448	60	logFC=-1 -log10(p)=1
-0.0494908530290998	0.112774992011397	60	logFC=-2.75 -log10(p)=4
-0.0148874152856799	0.252275270181379	60	logFC=-1.25 -log10(p)=2
0.0382567861821801	0.343777694926657	60	logFC=-1.75 -log10(p)=2
-0.0981169145228802	-0.309907876010629	60	logFC=-2.25 -log10(p)=3
-0.0269707522039818	0.0182546258010518	60	logFC=0 -log10(p)=0
-0.025452395631423	-0.280181613521341	60	logFC=0.75 -log10(p)=1
0.070644635756147	0.119201607952271	60	logFC=-1 -log10(p)=1
-0.05074826308748	-0.421247560457962	60	logFC=-1 -log10(p)=2
0.0776813974753811	-0.193796969582417	586	logFC=-0.75 -log10(p)=16
-0.042202879020474	-0.195555409708492	586	logFC=-0.5 -log10(p)=11
-0.0872559557522991	-0.465545254441205	632	logFC=-0.5 -log10(p)=10
0.061712992103239	-0.224072260802524	632	logFC=-1 -log10(p)=15
-0.04287757711049	0.0783115116117639	632	logFC=-0.75 -log10(p)=11
-0.0010174714467901	0.0181174000336775	232	logFC=-1.25 -log10(p)=14
0.12061756871424	0.276671864846577	232	logFC=-2.25 -log10(p)=14
0.0456441185377501	0.0201155018020458	232	logFC=-2.75 -log10(p)=14
-0.0286487000214302	-0.471905901100029	232	logFC=-2.25 -log10(p)=8
0.06869729822532	0.193978904526985	232	logFC=-2 -log10(p)=5
0.10667261485359	-0.26561275531052	60	logFC=-2.5 -log10(p)=7
0.0186215156390801	-0.345864506088298	60	logFC=-1.5 -log10(p)=3
0.052694312417498	-0.15159833948867	60	logFC=-0.75 -log10(p)=1
-0.075003824604617	-0.329096455157695	60	logFC=-0.5 -log10(p)=1
0.112897968085933	0.125242388726091	60	logFC=-1 -log10(p)=1
0.08173539615001	-0.471688302346459	60	logFC=-2 -log10(p)=5
-0.0359562887420799	0.0677903331613914	60	logFC=-1.5 -log10(p)=3
0.0980259330090001	-0.152052627343191	60	logFC=-1.5 -log10(p)=3
-0.090691949238717	0.491636205031259	60	logFC=-0.5 -log10(p)=0
-0.103330733098958	0.0612755752306173	60	logFC=-0.75 -log10(p)=1
0.018904141786777	0.34710042397114	60	logFC=-1 -log10(p)=1
0.020932015558259	-0.158747511725616	60	logFC=-0.5 -log10(p)=1
0.01706273138346	-0.410262769828869	586	logFC=-0.75 -log10(p)=19
-0.048805660294856	0.486046365105135	586	logFC=-0.5 -log10(p)=11
-0.041805294239419	-0.252791881981844	632	logFC=-0.75 -log10(p)=14
-0.089564542234951	-0.496345729715701	632	logFC=-0.75 -log10(p)=14
0.037714456961385	-0.11648640659344	632	logFC=-1 -log10(p)=13
0.0144476914598799	-0.154274660781375	435	logFC=-2 -log10(p)=18
-0.0768462609121801	-0.246287234675339	232	logFC=-2.25 -log10(p)=18
0.01840754242729	0.423301976723611	232	logFC=-2.5 -log10(p)=14
0.11874399814093	-0.182346312369498	232	logFC=-2.25 -log10(p)=9
-0.00183428780667994	0.00503633495722333	232	logFC=-2.5 -log10(p)=11
-0.0871221836716098	-0.477751772936366	232	logFC=-2 -log10(p)=8
0.0689673737826899	0.458896275451192	60	logFC=-1.25 -log10(p)=2
0.00748204152271992	0.180133342405943	60	logFC=-1.5 -log10(p)=4
0.12287628757334	-0.243285220051998	60	logFC=-1.5 -log10(p)=4
0.01330263965699	-0.409088741068069	60	logFC=-1.5 -log10(p)=5
0.06085923347245	0.207316633875989	60	logFC=-1.75 -log10(p)=5
-0.03930964307881	0.00329083942509101	60	logFC=-2 -log10(p)=6
0.037178332950523	-0.367185973037816	60	logFC=-0.5 -log10(p)=1
-0.040690783535528	-0.469044603331298	60	logFC=-0.75 -log10(p)=2
-0.103927220608161	-0.149479353025468	60	logFC=-0.75 -log10(p)=2
0.0928395656118499	-0.365856317644017	444	logFC=-1.25 -log10(p)=5
-0.0415882641284721	-0.237517535042556	586	logFC=-0.75 -log10(p)=20
-0.091323575713422	0.430920237357924	586	logFC=-0.5 -log10(p)=12
-0.102645793289269	-0.35771645649298	586	logFC=-0.75 -log10(p)=19
-0.10427846970049	0.0861843990724118	632	logFC=-1 -log10(p)=20
0.0574932550570599	0.115254277496298	435	logFC=-1.75 -log10(p)=20
-0.05300597096829	0.468697991533883	435	logFC=-2 -log10(p)=21
-0.0552870405314199	0.425061899215372	435	logFC=-2 -log10(p)=17
-0.0555758913815798	0.469028820033845	232	logFC=-2 -log10(p)=14
0.1068515052729	0.190787603969303	232	logFC=-2.5 -log10(p)=15
0.0932887910043401	0.445393537069174	232	logFC=-1.75 -log10(p)=10
-0.10371840094224	0.371542746748452	232	logFC=-1 -log10(p)=4
-0.0540885975249601	0.488113390868055	232	logFC=-1.25 -log10(p)=5
-0.10049759668291	0.177906402496198	232	logFC=-1.5 -log10(p)=8
-0.12028526973451	0.0410583006840444	232	logFC=-1.75 -log10(p)=10
0.0804947189224901	0.455154554923043	232	logFC=-2 -log10(p)=10
-0.00432011680619993	-0.426552626467992	232	logFC=-1.5 -log10(p)=8
-0.0440191608363101	0.321168899412924	232	logFC=-1.25 -log10(p)=4
0.097321100452983	-0.277944659802796	232	logFC=-0.75 -log10(p)=2
-0.00540202287929703	0.306881789447263	232	logFC=-0.75 -log10(p)=2
0.015303952770973	-0.434924673961033	435	logFC=-1 -log10(p)=6
-0.031179276852246	-0.176364231684364	586	logFC=-0.75 -log10(p)=20
-0.013118472250252	0.213770512577474	586	logFC=-0.5 -log10(p)=11
-0.04281129395698	-0.490236802965455	632	logFC=-0.5 -log10(p)=10
-0.08139313992432	0.337725576152426	1104	logFC=-1 -log10(p)=16
0.0947882831562901	-0.309293732004381	1104	logFC=-1.5 -log10(p)=18
-0.00815792941024007	-0.495873194014703	435	logFC=-1.25 -log10(p)=14
-0.00173938473057	0.142740146628332	435	logFC=-1.5 -log10(p)=13
-0.11621166648734	0.0830769631800337	435	logFC=-1.75 -log10(p)=17
-0.09797358447564	0.497702683217682	435	logFC=-1.25 -log10(p)=10
-0.10186216939156	0.0859383090273571	435	logFC=-1 -log10(p)=6
0.0742046104510301	-0.0396998198161498	435	logFC=-1.25 -log10(p)=7
-0.04826278507515	0.398799789875833	435	logFC=-1.25 -log10(p)=8
-0.10249436561991	-0.300156932645024	435	logFC=-1.25 -log10(p)=9
0.05443859593501	0.269981917152663	435	logFC=-1.25 -log10(p)=8
0.05221840590604	-0.337257618048962	435	logFC=-1 -log10(p)=6
-0.035967556433776	-0.271359300402696	435	logFC=-0.5 -log10(p)=2
-0.115291626440818	0.112247733511746	435	logFC=-0.25 -log10(p)=1
0.00370114808654798	-0.124978728783467	435	logFC=-0.5 -log10(p)=2
-0.07345813649827	0.383278980859504	435	logFC=-0.25 -log10(p)=1
-0.120234380497142	-0.323357198294241	586	logFC=-0.5 -log10(p)=15
-0.021501621245867	-0.0130461166919371	632	logFC=-0.5 -log10(p)=10
-0.04061508361378	0.449409094804118	1104	logFC=-1.25 -log10(p)=21
-0.04947303427144	-0.297383761625735	1104	logFC=-1.5 -log10(p)=23
0.0110847734723201	0.340328059818557	435	logFC=-1.5 -log10(p)=17
0.12375764734439	-0.0177428064379441	435	logFC=-2 -log10(p)=19
0.10780317875624	0.460980409524538	435	logFC=-2.25 -log10(p)=21
0.07130397323083	-0.108379674668406	435	logFC=-1.75 -log10(p)=15
-0.0141397451607701	0.220529247298597	435	logFC=-1.5 -log10(p)=11
0.0948146241744801	0.315123213689025	435	logFC=-1.75 -log10(p)=12
0.0901767224299701	-0.117138399218435	435	logFC=-2 -log10(p)=16
0.0904691047899999	-0.40719311705339	435	logFC=-2 -log10(p)=16
0.10540778406267	-0.377443603823489	435	logFC=-1.75 -log10(p)=15
0.0319915930147201	-0.0200565461520936	435	logFC=-1.25 -log10(p)=8
0.0866262192946099	0.14455789491548	435	logFC=-1.25 -log10(p)=6
0.10914624839175	-0.275520768902848	435	logFC=-1.25 -log10(p)=7
-0.066649894139714	-0.379047966080249	435	logFC=-0.75 -log10(p)=5
0.03910942417464	0.138971874519557	435	logFC=-0.75 -log10(p)=5
-0.109665473664379	-0.117421453081175	632	logFC=-0.75 -log10(p)=21
-0.079899591262153	-0.0947384088803318	632	logFC=-0.75 -log10(p)=17
0.0695772949442499	-0.218459936697709	1104	logFC=-1.25 -log10(p)=21
0.0972056867497799	0.0955426164245381	1104	logFC=-1.5 -log10(p)=21
0.02479396307833	0.123623920349168	1104	logFC=-1.5 -log10(p)=20
-0.0258030378158001	-0.28242305549616	1104	logFC=-1.75 -log10(p)=24
0.04554799063868	-0.456473112988164	435	logFC=-2 -log10(p)=23
-0.0620653084882901	-0.168773408972866	435	logFC=-1.25 -log10(p)=13
-0.01872175570432	-0.382300765331703	435	logFC=-1.5 -log10(p)=17
0.10510483496203	0.218610416882001	435	logFC=-2 -log10(p)=21
0.01743730438275	0.06232109148619	435	logFC=-1.5 -log10(p)=16
0.0686755655608	-0.160041208167991	435	logFC=-1.5 -log10(p)=16
-0.0224056647834801	0.0676387301144423	435	logFC=-1.5 -log10(p)=14
-0.04860808871055	-0.441568872803064	435	logFC=-1 -log10(p)=8
0.083657416408963	-0.26420673076592	435	logFC=-1 -log10(p)=8
0.00447484891315098	-0.395577099885427	435	logFC=-1 -log10(p)=9
0.050408849310823	0.467727191121961	435	logFC=-0.75 -log10(p)=6
-0.00566683038012994	-0.444077155202375	632	logFC=-1 -log10(p)=22
-0.058665662035261	0.484947629371774	632	logFC=-0.75 -log10(p)=15
0.028597147764476	-0.258728378866623	1104	logFC=-1 -log10(p)=15
0.00961270845274997	-0.220192202425217	1104	logFC=-1.25 -log10(p)=17
0.1245127743815	-0.172900263888859	1104	logFC=-1.5 -log10(p)=18
0.04178806545167	-0.185397339095125	435	logFC=-1.5 -log10(p)=18
0.10457609884248	-0.168679780961355	435	logFC=-1.25 -log10(p)=12
0.04337622718417	0.164988169289714	435	logFC=-1.25 -log10(p)=13
-0.0392277352944299	-0.0594419385833014	435	logFC=-1.25 -log10(p)=13
0.013476409950782	0.178404336103014	435	logFC=-1 -log10(p)=10
-0.12103501095348	-0.374167892348503	435	logFC=-1.25 -log10(p)=16
-0.04885413886154	0.259468159418947	435	logFC=-1.25 -log10(p)=12
-0.103279734851064	0.10497549732067	435	logFC=-0.75 -log10(p)=6
0.0846913935254101	-0.0866472732734032	435	logFC=-1.25 -log10(p)=11
-0.011330278221788	0.309657002618519	435	logFC=-0.5 -log10(p)=3
-0.062157375870647	0.237111665256371	435	logFC=-0.75 -log10(p)=8
0.00956880535988303	0.264935680588078	632	logFC=-1 -log10(p)=21
0.00588831657241595	-0.134089218655022	632	logFC=-0.75 -log10(p)=13
0.0268585064849241	0.217515782607155	1104	logFC=-1 -log10(p)=15
-0.0502815356428801	-0.346550293017485	1104	logFC=-1 -log10(p)=15
-0.0256460135638701	-0.346530015998003	1104	logFC=-1 -log10(p)=13
-0.02200353077388	-0.341901374198491	1104	logFC=-1.25 -log10(p)=16
-0.0709289984813799	-0.0302418145924026	1104	logFC=-1 -log10(p)=13
0.03296226294772	-0.430850046033894	1104	logFC=-1.25 -log10(p)=15
-0.09207208444254	-0.312401954731772	1104	logFC=-1 -log10(p)=14
0.0328660230744899	0.132083337508988	1104	logFC=-1.25 -log10(p)=15
-0.11338947797881	-0.17395526574359	435	logFC=-1 -log10(p)=12
-0.06650993733138	0.419390242943981	435	logFC=-1 -log10(p)=9
-0.0817662292579999	0.26956002967529	435	logFC=-1 -log10(p)=11
0.109565860138918	0.4597084248953	435	logFC=-1 -log10(p)=8
-0.057622896750094	0.0426531849751832	435	logFC=-0.75 -log10(p)=9
-0.0196153102919601	0.0978598039701133	632	logFC=-1 -log10(p)=21
-0.098287245997577	0.401158798366662	632	logFC=-0.75 -log10(p)=15
0.092060979262317	0.390985221028904	1104	logFC=-1 -log10(p)=13
-0.01401406637919	0.183346068562562	1104	logFC=-0.75 -log10(p)=9
0.113207239858561	-0.476342971689718	1104	logFC=-1 -log10(p)=10
-0.07404068914431	-0.374599830180028	1104	logFC=-1 -log10(p)=14
0.00882328341233396	-0.28037054245732	1104	logFC=-1 -log10(p)=11
0.04749434812662	0.210817651857505	1104	logFC=-1 -log10(p)=11
0.081860150137368	-0.0235239813009187	1104	logFC=-1 -log10(p)=10
0.095602313129684	-0.129934725865205	435	logFC=-1 -log10(p)=9
-0.124393725259305	-0.196920518284636	435	logFC=-0.75 -log10(p)=8
0.031944650389986	-0.053099736880343	435	logFC=-1 -log10(p)=9
0.112852702848721	-0.168838251223939	435	logFC=-1 -log10(p)=8
-0.03398855858154	0.00515815014743559	435	logFC=-1 -log10(p)=12
0.0139087778784071	0.164494866099201	632	logFC=-1 -log10(p)=19
0.040515141512156	0.461767499220814	632	logFC=-0.75 -log10(p)=11
-0.00840627056752497	0.478301565812481	1104	logFC=-0.75 -log10(p)=10
0.00833981432595499	0.294261469761768	1104	logFC=-1 -log10(p)=12
-0.037466543463161	-0.257905000751485	1104	logFC=-0.75 -log10(p)=9
-0.0385093379071699	0.411941318400725	1104	logFC=-1 -log10(p)=12
0.078024825738036	-0.390813665398595	1104	logFC=-1 -log10(p)=11
-0.067595134383977	-0.417411104432785	1104	logFC=-0.5 -log10(p)=5
0.075905649953076	-0.0812386605742947	435	logFC=-1 -log10(p)=9
-0.000607760253799938	0.241348068765708	435	logFC=-1 -log10(p)=9
-0.05377375319309	-0.0939460047023797	435	logFC=-1 -log10(p)=10
-0.09423946460724	-0.0918960785811063	435	logFC=-1 -log10(p)=11
0.10103201364575	0.427337414929491	435	logFC=-1.25 -log10(p)=13
-0.03380211530258	0.488302267336312	632	logFC=-1 -log10(p)=20
-0.00665344632522902	0.417589871362495	632	logFC=-0.75 -log10(p)=12
0.087950953282861	-0.493693585570037	1104	logFC=-0.75 -log10(p)=8
-0.011156497869158	-0.234269510567591	1104	logFC=-0.75 -log10(p)=9
0.118639290768434	0.473665858361487	1104	logFC=-1 -log10(p)=9
0.099291902994789	-0.31251486411947	1104	logFC=-0.75 -log10(p)=7
0.064985247014983	-0.0696150816160053	1104	logFC=-1 -log10(p)=10
0.050081350806689	0.12686944722291	435	logFC=-1 -log10(p)=9
-0.115358959057781	-0.179615017922565	435	logFC=-0.75 -log10(p)=7
-0.10990481953706	0.459128039013354	435	logFC=-1 -log10(p)=10
-0.052392669250612	-0.221652584859593	435	logFC=-0.75 -log10(p)=7
0.11735054726061	0.422962765984941	435	logFC=-1.25 -log10(p)=12
-0.0430976969385	-0.310063689713317	632	logFC=-1 -log10(p)=21
-0.024443961948616	0.467160790647993	632	logFC=-0.75 -log10(p)=12
0.012380837032904	-0.153773990476703	1104	logFC=-0.75 -log10(p)=10
0.093996975787594	0.493031538915599	1104	logFC=-1 -log10(p)=11
-0.040867595929315	-0.487523354561265	1104	logFC=-0.75 -log10(p)=10
0.062048891174737	-2.34970531920453e-07	1104	logFC=-1 -log10(p)=11
-0.120499120715998	0.180809639569732	435	logFC=-0.75 -log10(p)=8
0.00401474028744897	-0.157685852941302	435	logFC=-0.75 -log10(p)=6
-0.0215553637954899	-0.131705768774314	435	logFC=-1 -log10(p)=10
-0.0468234798628699	-0.0841207472478676	435	logFC=-1 -log10(p)=10
0.10133655614999	-0.0963948145771401	435	logFC=-1.25 -log10(p)=13
-0.04190483234408	-0.261184095198381	632	logFC=-1 -log10(p)=20
-0.062889072412451	-0.229114020051311	632	logFC=-0.75 -log10(p)=14
0.088203623366812	-0.308894420229359	1104	logFC=-1 -log10(p)=13
-0.00539276267676203	0.230790916055494	1104	logFC=-0.75 -log10(p)=9
-0.027493852831907	-0.3855471700275	1104	logFC=-0.75 -log10(p)=9
0.096916413981291	-0.491318375634528	435	logFC=-1 -log10(p)=9
0.031866225513778	0.323978079697069	435	logFC=-0.75 -log10(p)=5
0.06698763327192	-0.226774221418832	435	logFC=-1 -log10(p)=9
-4.67510277399885e-05	-0.408495823928819	435	logFC=-1 -log10(p)=9
-0.0919693839711499	0.437773769429686	435	logFC=-1 -log10(p)=11
-0.09051841635603	0.189804744699622	632	logFC=-1 -log10(p)=21
-0.030833684835855	0.360497005378297	632	logFC=-0.75 -log10(p)=13
0.046087510335867	0.216465180583146	1104	logFC=-0.75 -log10(p)=9
-0.107942652270429	-0.318850911833509	1104	logFC=-0.5 -log10(p)=7
0.018124671792904	0.259898276162061	1104	logFC=-0.75 -log10(p)=7
-0.091665549239943	0.0354000856784822	435	logFC=-0.75 -log10(p)=8
0.067210951488199	0.197347136688089	435	logFC=-1 -log10(p)=10
-0.10546874699805	0.256555086919855	435	logFC=-1 -log10(p)=11
0.01209310494047	-0.31930740929025	435	logFC=-1.25 -log10(p)=15
-0.058909023264152	-0.110599463509846	632	logFC=-0.75 -log10(p)=15
0.119387501816804	0.106918229165144	632	logFC=-0.75 -log10(p)=10
0.025467467305575	-0.134155908404017	1104	logFC=-0.5 -log10(p)=5
0.078614047547623	0.235092389558624	1104	logFC=-0.75 -log10(p)=7
0.100692140542654	-0.128269916355308	435	logFC=-0.75 -log10(p)=6
0.087848115480619	0.463646938238467	435	logFC=-1 -log10(p)=9
-0.0419671541226401	0.151988736081458	435	logFC=-1 -log10(p)=11
0.016181073031571	0.355260311900098	435	logFC=-1 -log10(p)=11
-0.096648822875175	0.320826411355242	632	logFC=-0.75 -log10(p)=16
0.122111646533087	-0.474440964261799	632	logFC=-0.75 -log10(p)=11
-0.049335020967764	-0.104200630014418	1104	logFC=-0.75 -log10(p)=11
-0.038101731542395	-0.0537243631889677	1104	logFC=-0.5 -log10(p)=5
0.029660077910064	-0.20097841203023	1104	logFC=-0.75 -log10(p)=8
-0.081522883888578	-0.045798002080792	1104	logFC=-0.75 -log10(p)=9
0.04546352588643	0.395859634879077	1104	logFC=-1.25 -log10(p)=16
0.043643010544419	0.480208979826696	632	logFC=-1 -log10(p)=19
0.102642392536542	0.434289194156664	632	logFC=-0.75 -log10(p)=10
0.113382957827734	0.321745225475997	1104	logFC=-0.75 -log10(p)=7
0.021085507950007	-0.308908333452191	1104	logFC=-0.75 -log10(p)=9
0.106133247905156	-0.0738619787036665	1104	logFC=-1 -log10(p)=10
0.05621031664814	-0.0520857593396897	1104	logFC=-1.25 -log10(p)=17
0.021641116414911	0.28512577779107	632	logFC=-1 -log10(p)=18
-0.044650041034044	0.0288340106894349	632	logFC=-0.75 -log10(p)=12
-0.081363519470484	-0.0820787520888509	1104	logFC=-0.75 -log10(p)=11
0.11870767487205	0.105376591999773	1104	logFC=-1.25 -log10(p)=15
-0.0648612641886199	0.0914981604291221	1104	logFC=-1.25 -log10(p)=19
-0.0584603086111599	-0.0574222142934886	632	logFC=-1 -log10(p)=18
-0.115047791534888	0.478122169755679	632	logFC=-0.75 -log10(p)=14
-0.0887274128331601	-0.29563636934375	1104	logFC=-1 -log10(p)=16
0.06384608374598	0.153961075260021	1104	logFC=-1.25 -log10(p)=17
-0.0701051531878301	-0.0155513013625246	632	logFC=-1 -log10(p)=22
0.07582515111008	0.0589122762550147	632	logFC=-1 -log10(p)=17
-0.01279990172999	0.230139907184519	1104	logFC=-1 -log10(p)=16
-0.10859475018871	-0.46914992069944	632	logFC=-1 -log10(p)=22
-0.015289481447223	0.396084064822187	632	logFC=-0.75 -log10(p)=14
0.107796702047409	0.475365081170477	632	logFC=-1 -log10(p)=19
