fill	x	y	group
#E6C9C5	48091.5	0	1
#E6C9C5	48092	0.5	1
#E6C9C5	48092.5	0	1
#E6C9C5	48092	-0.5	1
#DDB6B1	48092	0.5	2
#DDB6B1	48092.5	1	2
#DDB6B1	48093	0.5	2
#DDB6B1	48092.5	0	2
#E2C1BD	48092.5	1	3
#E2C1BD	48093	1.5	3
#E2C1BD	48093.5	1	3
#E2C1BD	48093	0.5	3
#DFBAB6	48093	1.5	4
#DFBAB6	48093.5	2	4
#DFBAB6	48094	1.5	4
#DFBAB6	48093.5	1	4
#F7EDEC	48093.5	2	5
#F7EDEC	48094	2.5	5
#F7EDEC	48094.5	2	5
#F7EDEC	48094	1.5	5
#F0DDDB	48094	2.5	6
#F0DDDB	48094.5	3	6
#F0DDDB	48095	2.5	6
#F0DDDB	48094.5	2	6
#FCF9F9	48094.5	3	7
#FCF9F9	48095	3.5	7
#FCF9F9	48095.5	3	7
#FCF9F9	48095	2.5	7
#FAF3F2	48095	3.5	8
#FAF3F2	48095.5	4	8
#FAF3F2	48096	3.5	8
#FAF3F2	48095.5	3	8
#FEFCFC	48095.5	4	9
#FEFCFC	48096	4.5	9
#FEFCFC	48096.5	4	9
#FEFCFC	48096	3.5	9
#FFFFFF	48096	4.5	10
#FFFFFF	48096.5	5	10
#FFFFFF	48097	4.5	10
#FFFFFF	48096.5	4	10
#FCFCFD	48096.5	5	11
#FCFCFD	48097	5.5	11
#FCFCFD	48097.5	5	11
#FCFCFD	48097	4.5	11
#FEFEFF	48097	5.5	12
#FEFEFF	48097.5	6	12
#FEFEFF	48098	5.5	12
#FEFEFF	48097.5	5	12
#FDFDFE	48097.5	6	13
#FDFDFE	48098	6.5	13
#FDFDFE	48098.5	6	13
#FDFDFE	48098	5.5	13
#FEFEFE	48098	6.5	14
#FEFEFE	48098.5	7	14
#FEFEFE	48099	6.5	14
#FEFEFE	48098.5	6	14
#FEFCFC	48098.5	7	15
#FEFCFC	48099	7.5	15
#FEFCFC	48099.5	7	15
#FEFCFC	48099	6.5	15
#FDFDFE	48099	7.5	16
#FDFDFE	48099.5	8	16
#FDFDFE	48100	7.5	16
#FDFDFE	48099.5	7	16
#FFFEFF	48099.5	8	17
#FFFEFF	48100	8.5	17
#FFFEFF	48100.5	8	17
#FFFEFF	48100	7.5	17
#FFFFFF	48100	8.5	18
#FFFFFF	48100.5	9	18
#FFFFFF	48101	8.5	18
#FFFFFF	48100.5	8	18
#FEFCFC	48100.5	9	19
#FEFCFC	48101	9.5	19
#FEFCFC	48101.5	9	19
#FEFCFC	48101	8.5	19
#FDFBFA	48101	9.5	20
#FDFBFA	48101.5	10	20
#FDFBFA	48102	9.5	20
#FDFBFA	48101.5	9	20
#FCFCFE	48101.5	10	21
#FCFCFE	48102	10.5	21
#FCFCFE	48102.5	10	21
#FCFCFE	48102	9.5	21
#FAF3F2	48102	10.5	22
#FAF3F2	48102.5	11	22
#FAF3F2	48103	10.5	22
#FAF3F2	48102.5	10	22
#FEFCFC	48102.5	11	23
#FEFCFC	48103	11.5	23
#FEFCFC	48103.5	11	23
#FEFCFC	48103	10.5	23
#FCF7F7	48103	11.5	24
#FCF7F7	48103.5	12	24
#FCF7F7	48104	11.5	24
#FCF7F7	48103.5	11	24
#FEFCFC	48103.5	12	25
#FEFCFC	48104	12.5	25
#FEFCFC	48104.5	12	25
#FEFCFC	48104	11.5	25
#FFFFFF	48104	12.5	26
#FFFFFF	48104.5	13	26
#FFFFFF	48105	12.5	26
#FFFFFF	48104.5	12	26
#FEFCFC	48104.5	13	27
#FEFCFC	48105	13.5	27
#FEFCFC	48105.5	13	27
#FEFCFC	48105	12.5	27
#FEFCFC	48105	13.5	28
#FEFCFC	48105.5	14	28
#FEFCFC	48106	13.5	28
#FEFCFC	48105.5	13	28
#FCF7F7	48105.5	14	29
#FCF7F7	48106	14.5	29
#FCF7F7	48106.5	14	29
#FCF7F7	48106	13.5	29
#FCF8F8	48106	14.5	30
#FCF8F8	48106.5	15	30
#FCF8F8	48107	14.5	30
#FCF8F8	48106.5	14	30
#FEFDFD	48106.5	15	31
#FEFDFD	48107	15.5	31
#FEFDFD	48107.5	15	31
#FEFDFD	48107	14.5	31
#FDFAF9	48107	15.5	32
#FDFAF9	48107.5	16	32
#FDFAF9	48108	15.5	32
#FDFAF9	48107.5	15	32
#FBFAFD	48107.5	16	33
#FBFAFD	48108	16.5	33
#FBFAFD	48108.5	16	33
#FBFAFD	48108	15.5	33
#FDFAF9	48108.5	17	34
#FDFAF9	48109	17.5	34
#FDFAF9	48109.5	17	34
#FDFAF9	48109	16.5	34
#FDFAF9	48109	17.5	35
#FDFAF9	48109.5	18	35
#FDFAF9	48110	17.5	35
#FDFAF9	48109.5	17	35
#FDFDFE	48109.5	18	36
#FDFDFE	48110	18.5	36
#FDFDFE	48110.5	18	36
#FDFDFE	48110	17.5	36
#FCF7F7	48110	18.5	37
#FCF7F7	48110.5	19	37
#FCF7F7	48111	18.5	37
#FCF7F7	48110.5	18	37
#FFFFFF	48110.5	19	38
#FFFFFF	48111	19.5	38
#FFFFFF	48111.5	19	38
#FFFFFF	48111	18.5	38
#FEFCFC	48111	19.5	39
#FEFCFC	48111.5	20	39
#FEFCFC	48112	19.5	39
#FEFCFC	48111.5	19	39
#FDFBFA	48111.5	20	40
#FDFBFA	48112	20.5	40
#FDFBFA	48112.5	20	40
#FDFBFA	48112	19.5	40
#FEFCFC	48112	20.5	41
#FEFCFC	48112.5	21	41
#FEFCFC	48113	20.5	41
#FEFCFC	48112.5	20	41
#FEFCFC	48112.5	21	42
#FEFCFC	48113	21.5	42
#FEFCFC	48113.5	21	42
#FEFCFC	48113	20.5	42
#FCF7F7	48113	21.5	43
#FCF7F7	48113.5	22	43
#FCF7F7	48114	21.5	43
#FCF7F7	48113.5	21	43
#FDFBFB	48113.5	22	44
#FDFBFB	48114	22.5	44
#FDFBFB	48114.5	22	44
#FDFBFB	48114	21.5	44
#FDFBFB	48114	22.5	45
#FDFBFB	48114.5	23	45
#FDFBFB	48115	22.5	45
#FDFBFB	48114.5	22	45
#FDFAF9	48114.5	23	46
#FDFAF9	48115	23.5	46
#FDFAF9	48115.5	23	46
#FDFAF9	48115	22.5	46
#FDFBFA	48115	23.5	47
#FDFBFA	48115.5	24	47
#FDFBFA	48116	23.5	47
#FDFBFA	48115.5	23	47
#FDFAF9	48115.5	24	48
#FDFAF9	48116	24.5	48
#FDFAF9	48116.5	24	48
#FDFAF9	48116	23.5	48
#FEFDFD	48116	24.5	49
#FEFDFD	48116.5	25	49
#FEFDFD	48117	24.5	49
#FEFDFD	48116.5	24	49
#AF6760	48092.5	0	50
#AF6760	48093	0.5	50
#AF6760	48093.5	0	50
#AF6760	48093	-0.5	50
#B8756E	48093	0.5	51
#B8756E	48093.5	1	51
#B8756E	48094	0.5	51
#B8756E	48093.5	0	51
#BB7B74	48093.5	1	52
#BB7B74	48094	1.5	52
#BB7B74	48094.5	1	52
#BB7B74	48094	0.5	52
#E6C8C5	48094	1.5	53
#E6C8C5	48094.5	2	53
#E6C8C5	48095	1.5	53
#E6C8C5	48094.5	1	53
#DEBAB5	48094.5	2	54
#DEBAB5	48095	2.5	54
#DEBAB5	48095.5	2	54
#DEBAB5	48095	1.5	54
#F9F0EF	48095	2.5	55
#F9F0EF	48095.5	3	55
#F9F0EF	48096	2.5	55
#F9F0EF	48095.5	2	55
#F8EFED	48095.5	3	56
#F8EFED	48096	3.5	56
#F8EFED	48096.5	3	56
#F8EFED	48096	2.5	56
#FDFCFE	48096	3.5	57
#FDFCFE	48096.5	4	57
#FDFCFE	48097	3.5	57
#FDFCFE	48096.5	3	57
#FEFEFF	48096.5	4	58
#FEFEFF	48097	4.5	58
#FEFEFF	48097.5	4	58
#FEFEFF	48097	3.5	58
#FEFEFE	48097	4.5	59
#FEFEFE	48097.5	5	59
#FEFEFE	48098	4.5	59
#FEFEFE	48097.5	4	59
#FDFAF9	48097.5	5	60
#FDFAF9	48098	5.5	60
#FDFAF9	48098.5	5	60
#FDFAF9	48098	4.5	60
#FEFCFC	48098	5.5	61
#FEFCFC	48098.5	6	61
#FEFCFC	48099	5.5	61
#FEFCFC	48098.5	5	61
#FDFCFE	48098.5	6	62
#FDFCFE	48099	6.5	62
#FDFCFE	48099.5	6	62
#FDFCFE	48099	5.5	62
#FEFCFB	48099	6.5	63
#FEFCFB	48099.5	7	63
#FEFCFB	48100	6.5	63
#FEFCFB	48099.5	6	63
#FFFEFE	48099.5	7	64
#FFFEFE	48100	7.5	64
#FFFEFE	48100.5	7	64
#FFFEFE	48100	6.5	64
#FEFEFE	48100	7.5	65
#FEFEFE	48100.5	8	65
#FEFEFE	48101	7.5	65
#FEFEFE	48100.5	7	65
#FEFEFE	48100.5	8	66
#FEFEFE	48101	8.5	66
#FEFEFE	48101.5	8	66
#FEFEFE	48101	7.5	66
#FBF7F6	48101	8.5	67
#FBF7F6	48101.5	9	67
#FBF7F6	48102	8.5	67
#FBF7F6	48101.5	8	67
#FDFBFB	48101.5	9	68
#FDFBFB	48102	9.5	68
#FDFBFB	48102.5	9	68
#FDFBFB	48102	8.5	68
#FDF9F9	48102	9.5	69
#FDF9F9	48102.5	10	69
#FDF9F9	48103	9.5	69
#FDF9F9	48102.5	9	69
#FDFBFA	48102.5	10	70
#FDFBFA	48103	10.5	70
#FDFBFA	48103.5	10	70
#FDFBFA	48103	9.5	70
#FAF3F3	48103	10.5	71
#FAF3F3	48103.5	11	71
#FAF3F3	48104	10.5	71
#FAF3F3	48103.5	10	71
#FCF7F7	48103.5	11	72
#FCF7F7	48104	11.5	72
#FCF7F7	48104.5	11	72
#FCF7F7	48104	10.5	72
#FFFEFE	48104	11.5	73
#FFFEFE	48104.5	12	73
#FFFEFE	48105	11.5	73
#FFFEFE	48104.5	11	73
#FCF7F7	48104.5	12	74
#FCF7F7	48105	12.5	74
#FCF7F7	48105.5	12	74
#FCF7F7	48105	11.5	74
#F9F2F1	48105.5	13	75
#F9F2F1	48106	13.5	75
#F9F2F1	48106.5	13	75
#F9F2F1	48106	12.5	75
#FFFFFF	48106	13.5	76
#FFFFFF	48106.5	14	76
#FFFFFF	48107	13.5	76
#FFFFFF	48106.5	13	76
#FEFCFB	48106.5	14	77
#FEFCFB	48107	14.5	77
#FEFCFB	48107.5	14	77
#FEFCFB	48107	13.5	77
#FFFFFF	48107	14.5	78
#FFFFFF	48107.5	15	78
#FFFFFF	48108	14.5	78
#FFFFFF	48107.5	14	78
#FBF7F6	48107.5	15	79
#FBF7F6	48108	15.5	79
#FBF7F6	48108.5	15	79
#FBF7F6	48108	14.5	79
#FDFDFE	48108	15.5	80
#FDFDFE	48108.5	16	80
#FDFDFE	48109	15.5	80
#FDFDFE	48108.5	15	80
#FFFFFF	48108.5	16	81
#FFFFFF	48109	16.5	81
#FFFFFF	48109.5	16	81
#FFFFFF	48109	15.5	81
#FAF9FC	48109	16.5	82
#FAF9FC	48109.5	17	82
#FAF9FC	48110	16.5	82
#FAF9FC	48109.5	16	82
#FFFFFF	48109.5	17	83
#FFFFFF	48110	17.5	83
#FFFFFF	48110.5	17	83
#FFFFFF	48110	16.5	83
#FDFBFB	48110	17.5	84
#FDFBFB	48110.5	18	84
#FDFBFB	48111	17.5	84
#FDFBFB	48110.5	17	84
#FEFDFD	48110.5	18	85
#FEFDFD	48111	18.5	85
#FEFDFD	48111.5	18	85
#FEFDFD	48111	17.5	85
#FDFAF9	48111	18.5	86
#FDFAF9	48111.5	19	86
#FDFAF9	48112	18.5	86
#FDFAF9	48111.5	18	86
#FBF6F6	48111.5	19	87
#FBF6F6	48112	19.5	87
#FBF6F6	48112.5	19	87
#FBF6F6	48112	18.5	87
#FBF5F5	48112	19.5	88
#FBF5F5	48112.5	20	88
#FBF5F5	48113	19.5	88
#FBF5F5	48112.5	19	88
#FFFFFF	48112.5	20	89
#FFFFFF	48113	20.5	89
#FFFFFF	48113.5	20	89
#FFFFFF	48113	19.5	89
#FCF7F7	48113	20.5	90
#FCF7F7	48113.5	21	90
#FCF7F7	48114	20.5	90
#FCF7F7	48113.5	20	90
#FEFCFC	48113.5	21	91
#FEFCFC	48114	21.5	91
#FEFCFC	48114.5	21	91
#FEFCFC	48114	20.5	91
#FAF4F3	48114	21.5	92
#FAF4F3	48114.5	22	92
#FAF4F3	48115	21.5	92
#FAF4F3	48114.5	21	92
#FCF8F8	48114.5	22	93
#FCF8F8	48115	22.5	93
#FCF8F8	48115.5	22	93
#FCF8F8	48115	21.5	93
#FCFCFE	48115	22.5	94
#FCFCFE	48115.5	23	94
#FCFCFE	48116	22.5	94
#FCFCFE	48115.5	22	94
#FDFAF9	48115.5	23	95
#FDFAF9	48116	23.5	95
#FDFAF9	48116.5	23	95
#FDFAF9	48116	22.5	95
#FFFEFF	48116	23.5	96
#FFFEFF	48116.5	24	96
#FFFEFF	48117	23.5	96
#FFFEFF	48116.5	23	96
#FDFBFB	48116.5	24	97
#FDFBFB	48117	24.5	97
#FDFBFB	48117.5	24	97
#FDFBFB	48117	23.5	97
#FDFBFA	48117	24.5	98
#FDFBFA	48117.5	25	98
#FDFBFA	48118	24.5	98
#FDFBFA	48117.5	24	98
#A0504A	48093.5	0	99
#A0504A	48094	0.5	99
#A0504A	48094.5	0	99
#A0504A	48094	-0.5	99
#C0837C	48094	0.5	100
#C0837C	48094.5	1	100
#C0837C	48095	0.5	100
#C0837C	48094.5	0	100
#D2A29C	48094.5	1	101
#D2A29C	48095	1.5	101
#D2A29C	48095.5	1	101
#D2A29C	48095	0.5	101
#C48982	48095	1.5	102
#C48982	48095.5	2	102
#C48982	48096	1.5	102
#C48982	48095.5	1	102
#DEB9B4	48095.5	2	103
#DEB9B4	48096	2.5	103
#DEB9B4	48096.5	2	103
#DEB9B4	48096	1.5	103
#FCF8F7	48096	2.5	104
#FCF8F7	48096.5	3	104
#FCF8F7	48097	2.5	104
#FCF8F7	48096.5	2	104
#F3E5E3	48096.5	3	105
#F3E5E3	48097	3.5	105
#F3E5E3	48097.5	3	105
#F3E5E3	48097	2.5	105
#FEFCFB	48097	3.5	106
#FEFCFB	48097.5	4	106
#FEFCFB	48098	3.5	106
#FEFCFB	48097.5	3	106
#FAF9FC	48097.5	4	107
#FAF9FC	48098	4.5	107
#FAF9FC	48098.5	4	107
#FAF9FC	48098	3.5	107
#FDFBFB	48098	4.5	108
#FDFBFB	48098.5	5	108
#FDFBFB	48099	4.5	108
#FDFBFB	48098.5	4	108
#F7EDEC	48098.5	5	109
#F7EDEC	48099	5.5	109
#F7EDEC	48099.5	5	109
#F7EDEC	48099	4.5	109
#FDFAFA	48099	5.5	110
#FDFAFA	48099.5	6	110
#FDFAFA	48100	5.5	110
#FDFAFA	48099.5	5	110
#FBF6F6	48099.5	6	111
#FBF6F6	48100	6.5	111
#FBF6F6	48100.5	6	111
#FBF6F6	48100	5.5	111
#FAF3F2	48100	6.5	112
#FAF3F2	48100.5	7	112
#FAF3F2	48101	6.5	112
#FAF3F2	48100.5	6	112
#F9F1F0	48100.5	7	113
#F9F1F0	48101	7.5	113
#F9F1F0	48101.5	7	113
#F9F1F0	48101	6.5	113
#FBF5F4	48101	7.5	114
#FBF5F4	48101.5	8	114
#FBF5F4	48102	7.5	114
#FBF5F4	48101.5	7	114
#FFFFFF	48101.5	8	115
#FFFFFF	48102	8.5	115
#FFFFFF	48102.5	8	115
#FFFFFF	48102	7.5	115
#FFFFFF	48102	8.5	116
#FFFFFF	48102.5	9	116
#FFFFFF	48103	8.5	116
#FFFFFF	48102.5	8	116
#FFFFFF	48102.5	9	117
#FFFFFF	48103	9.5	117
#FFFFFF	48103.5	9	117
#FFFFFF	48103	8.5	117
#FCF9F8	48103	9.5	118
#FCF9F8	48103.5	10	118
#FCF9F8	48104	9.5	118
#FCF9F8	48103.5	9	118
#FEFCFC	48103.5	10	119
#FEFCFC	48104	10.5	119
#FEFCFC	48104.5	10	119
#FEFCFC	48104	9.5	119
#FBF6F5	48104	10.5	120
#FBF6F5	48104.5	11	120
#FBF6F5	48105	10.5	120
#FBF6F5	48104.5	10	120
#FBF5F4	48104.5	11	121
#FBF5F4	48105	11.5	121
#FBF5F4	48105.5	11	121
#FBF5F4	48105	10.5	121
#FCF7F7	48105	11.5	122
#FCF7F7	48105.5	12	122
#FCF7F7	48106	11.5	122
#FCF7F7	48105.5	11	122
#F7EDEC	48105.5	12	123
#F7EDEC	48106	12.5	123
#F7EDEC	48106.5	12	123
#F7EDEC	48106	11.5	123
#FEFCFC	48106	12.5	124
#FEFCFC	48106.5	13	124
#FEFCFC	48107	12.5	124
#FEFCFC	48106.5	12	124
#FDFAFA	48106.5	13	125
#FDFAFA	48107	13.5	125
#FDFAFA	48107.5	13	125
#FDFAFA	48107	12.5	125
#FCF9F8	48107	13.5	126
#FCF9F8	48107.5	14	126
#FCF9F8	48108	13.5	126
#FCF9F8	48107.5	13	126
#FDFAFA	48107.5	14	127
#FDFAFA	48108	14.5	127
#FDFAFA	48108.5	14	127
#FDFAFA	48108	13.5	127
#FCF7F6	48108	14.5	128
#FCF7F6	48108.5	15	128
#FCF7F6	48109	14.5	128
#FCF7F6	48108.5	14	128
#FBF5F4	48108.5	15	129
#FBF5F4	48109	15.5	129
#FBF5F4	48109.5	15	129
#FBF5F4	48109	14.5	129
#FEFCFC	48109	15.5	130
#FEFCFC	48109.5	16	130
#FEFCFC	48110	15.5	130
#FEFCFC	48109.5	15	130
#FFFFFF	48109.5	16	131
#FFFFFF	48110	16.5	131
#FFFFFF	48110.5	16	131
#FFFFFF	48110	15.5	131
#FCF8F8	48110	16.5	132
#FCF8F8	48110.5	17	132
#FCF8F8	48111	16.5	132
#FCF8F8	48110.5	16	132
#FCF8F8	48110.5	17	133
#FCF8F8	48111	17.5	133
#FCF8F8	48111.5	17	133
#FCF8F8	48111	16.5	133
#FEFDFD	48111	17.5	134
#FEFDFD	48111.5	18	134
#FEFDFD	48112	17.5	134
#FEFDFD	48111.5	17	134
#FCF9F9	48111.5	18	135
#FCF9F9	48112	18.5	135
#FCF9F9	48112.5	18	135
#FCF9F9	48112	17.5	135
#FEFDFC	48112	18.5	136
#FEFDFC	48112.5	19	136
#FEFDFC	48113	18.5	136
#FEFDFC	48112.5	18	136
#FEFDFD	48112.5	19	137
#FEFDFD	48113	19.5	137
#FEFDFD	48113.5	19	137
#FEFDFD	48113	18.5	137
#FCF7F6	48113	19.5	138
#FCF7F6	48113.5	20	138
#FCF7F6	48114	19.5	138
#FCF7F6	48113.5	19	138
#FEFDFD	48113.5	20	139
#FEFDFD	48114	20.5	139
#FEFDFD	48114.5	20	139
#FEFDFD	48114	19.5	139
#FFFFFF	48114	20.5	140
#FFFFFF	48114.5	21	140
#FFFFFF	48115	20.5	140
#FFFFFF	48114.5	20	140
#FCF8F8	48114.5	21	141
#FCF8F8	48115	21.5	141
#FCF8F8	48115.5	21	141
#FCF8F8	48115	20.5	141
#FDFAFA	48115	21.5	142
#FDFAFA	48115.5	22	142
#FDFAFA	48116	21.5	142
#FDFAFA	48115.5	21	142
#FFFFFF	48115.5	22	143
#FFFFFF	48116	22.5	143
#FFFFFF	48116.5	22	143
#FFFFFF	48116	21.5	143
#FCF7F7	48116	22.5	144
#FCF7F7	48116.5	23	144
#FCF7F7	48117	22.5	144
#FCF7F7	48116.5	22	144
#FBF7F6	48116.5	23	145
#FBF7F6	48117	23.5	145
#FBF7F6	48117.5	23	145
#FBF7F6	48117	22.5	145
#FBF5F5	48117	23.5	146
#FBF5F5	48117.5	24	146
#FBF5F5	48118	23.5	146
#FBF5F5	48117.5	23	146
#FEFCFC	48117.5	24	147
#FEFCFC	48118	24.5	147
#FEFCFC	48118.5	24	147
#FEFCFC	48118	23.5	147
#FFFEFE	48118	24.5	148
#FFFEFE	48118.5	25	148
#FFFEFE	48119	24.5	148
#FFFEFE	48118.5	24	148
#A3544D	48094.5	0	149
#A3544D	48095	0.5	149
#A3544D	48095.5	0	149
#A3544D	48095	-0.5	149
#B6726B	48095	0.5	150
#B6726B	48095.5	1	150
#B6726B	48096	0.5	150
#B6726B	48095.5	0	150
#AB615A	48095.5	1	151
#AB615A	48096	1.5	151
#AB615A	48096.5	1	151
#AB615A	48096	0.5	151
#CA938D	48096	1.5	152
#CA938D	48096.5	2	152
#CA938D	48097	1.5	152
#CA938D	48096.5	1	152
#E6C9C5	48096.5	2	153
#E6C9C5	48097	2.5	153
#E6C9C5	48097.5	2	153
#E6C9C5	48097	1.5	153
#F5E7E6	48097	2.5	154
#F5E7E6	48097.5	3	154
#F5E7E6	48098	2.5	154
#F5E7E6	48097.5	2	154
#F8EFEE	48097.5	3	155
#F8EFEE	48098	3.5	155
#F8EFEE	48098.5	3	155
#F8EFEE	48098	2.5	155
#FEFDFD	48098	3.5	156
#FEFDFD	48098.5	4	156
#FEFDFD	48099	3.5	156
#FEFDFD	48098.5	3	156
#FBF7F6	48098.5	4	157
#FBF7F6	48099	4.5	157
#FBF7F6	48099.5	4	157
#FBF7F6	48099	3.5	157
#FBF6F5	48099	4.5	158
#FBF6F5	48099.5	5	158
#FBF6F5	48100	4.5	158
#FBF6F5	48099.5	4	158
#FCF8F7	48099.5	5	159
#FCF8F7	48100	5.5	159
#FCF8F7	48100.5	5	159
#FCF8F7	48100	4.5	159
#EDD7D4	48100	5.5	160
#EDD7D4	48100.5	6	160
#EDD7D4	48101	5.5	160
#EDD7D4	48100.5	5	160
#F7EDEB	48100.5	6	161
#F7EDEB	48101	6.5	161
#F7EDEB	48101.5	6	161
#F7EDEB	48101	5.5	161
#FEFCFB	48101	6.5	162
#FEFCFB	48101.5	7	162
#FEFCFB	48102	6.5	162
#FEFCFB	48101.5	6	162
#F8EFED	48101.5	7	163
#F8EFED	48102	7.5	163
#F8EFED	48102.5	7	163
#F8EFED	48102	6.5	163
#FFFFFF	48102	7.5	164
#FFFFFF	48102.5	8	164
#FFFFFF	48103	7.5	164
#FFFFFF	48102.5	7	164
#FEFDFD	48102.5	8	165
#FEFDFD	48103	8.5	165
#FEFDFD	48103.5	8	165
#FEFDFD	48103	7.5	165
#FEFDFE	48103	8.5	166
#FEFDFE	48103.5	9	166
#FEFDFE	48104	8.5	166
#FEFDFE	48103.5	8	166
#FCF7F7	48103.5	9	167
#FCF7F7	48104	9.5	167
#FCF7F7	48104.5	9	167
#FCF7F7	48104	8.5	167
#FDFAFA	48104	9.5	168
#FDFAFA	48104.5	10	168
#FDFAFA	48105	9.5	168
#FDFAFA	48104.5	9	168
#F8EEED	48104.5	10	169
#F8EEED	48105	10.5	169
#F8EEED	48105.5	10	169
#F8EEED	48105	9.5	169
#FDFBFB	48105	10.5	170
#FDFBFB	48105.5	11	170
#FDFBFB	48106	10.5	170
#FDFBFB	48105.5	10	170
#F6EBEA	48105.5	11	171
#F6EBEA	48106	11.5	171
#F6EBEA	48106.5	11	171
#F6EBEA	48106	10.5	171
#FBF6F5	48106	11.5	172
#FBF6F5	48106.5	12	172
#FBF6F5	48107	11.5	172
#FBF6F5	48106.5	11	172
#FCF8F7	48106.5	12	173
#FCF8F7	48107	12.5	173
#FCF8F7	48107.5	12	173
#FCF8F7	48107	11.5	173
#F2E1DF	48107	12.5	174
#F2E1DF	48107.5	13	174
#F2E1DF	48108	12.5	174
#F2E1DF	48107.5	12	174
#F2E2DF	48107.5	13	175
#F2E2DF	48108	13.5	175
#F2E2DF	48108.5	13	175
#F2E2DF	48108	12.5	175
#E8CCC8	48108	13.5	176
#E8CCC8	48108.5	14	176
#E8CCC8	48109	13.5	176
#E8CCC8	48108.5	13	176
#FAF4F3	48108.5	14	177
#FAF4F3	48109	14.5	177
#FAF4F3	48109.5	14	177
#FAF4F3	48109	13.5	177
#F2E1DF	48109	14.5	178
#F2E1DF	48109.5	15	178
#F2E1DF	48110	14.5	178
#F2E1DF	48109.5	14	178
#F9F1F0	48109.5	15	179
#F9F1F0	48110	15.5	179
#F9F1F0	48110.5	15	179
#F9F1F0	48110	14.5	179
#F3E5E3	48110	15.5	180
#F3E5E3	48110.5	16	180
#F3E5E3	48111	15.5	180
#F3E5E3	48110.5	15	180
#FDFBFA	48110.5	16	181
#FDFBFA	48111	16.5	181
#FDFBFA	48111.5	16	181
#FDFBFA	48111	15.5	181
#F6E9E8	48111	16.5	182
#F6E9E8	48111.5	17	182
#F6E9E8	48112	16.5	182
#F6E9E8	48111.5	16	182
#F8EFED	48111.5	17	183
#F8EFED	48112	17.5	183
#F8EFED	48112.5	17	183
#F8EFED	48112	16.5	183
#F5E9E8	48112	17.5	184
#F5E9E8	48112.5	18	184
#F5E9E8	48113	17.5	184
#F5E9E8	48112.5	17	184
#FBF5F4	48112.5	18	185
#FBF5F4	48113	18.5	185
#FBF5F4	48113.5	18	185
#FBF5F4	48113	17.5	185
#F7EEEC	48113	18.5	186
#F7EEEC	48113.5	19	186
#F7EEEC	48114	18.5	186
#F7EEEC	48113.5	18	186
#F6EAE9	48113.5	19	187
#F6EAE9	48114	19.5	187
#F6EAE9	48114.5	19	187
#F6EAE9	48114	18.5	187
#FEFDFD	48114	19.5	188
#FEFDFD	48114.5	20	188
#FEFDFD	48115	19.5	188
#FEFDFD	48114.5	19	188
#FEFEFF	48114.5	20	189
#FEFEFF	48115	20.5	189
#FEFEFF	48115.5	20	189
#FEFEFF	48115	19.5	189
#FAF3F3	48115	20.5	190
#FAF3F3	48115.5	21	190
#FAF3F3	48116	20.5	190
#FAF3F3	48115.5	20	190
#FAF3F2	48115.5	21	191
#FAF3F2	48116	21.5	191
#FAF3F2	48116.5	21	191
#FAF3F2	48116	20.5	191
#FCF9F9	48116	21.5	192
#FCF9F9	48116.5	22	192
#FCF9F9	48117	21.5	192
#FCF9F9	48116.5	21	192
#FDF9F9	48116.5	22	193
#FDF9F9	48117	22.5	193
#FDF9F9	48117.5	22	193
#FDF9F9	48117	21.5	193
#FAF3F2	48117	22.5	194
#FAF3F2	48117.5	23	194
#FAF3F2	48118	22.5	194
#FAF3F2	48117.5	22	194
#FEFDFD	48117.5	23	195
#FEFDFD	48118	23.5	195
#FEFDFD	48118.5	23	195
#FEFDFD	48118	22.5	195
#FDFAF9	48118	23.5	196
#FDFAF9	48118.5	24	196
#FDFAF9	48119	23.5	196
#FDFAF9	48118.5	23	196
#FCF9F9	48118.5	24	197
#FCF9F9	48119	24.5	197
#FCF9F9	48119.5	24	197
#FCF9F9	48119	23.5	197
#F7EDEC	48119	24.5	198
#F7EDEC	48119.5	25	198
#F7EDEC	48120	24.5	198
#F7EDEC	48119.5	24	198
#933D38	48095.5	0	199
#933D38	48096	0.5	199
#933D38	48096.5	0	199
#933D38	48096	-0.5	199
#B16A63	48096	0.5	200
#B16A63	48096.5	1	200
#B16A63	48097	0.5	200
#B16A63	48096.5	0	200
#D4A6A0	48096.5	1	201
#D4A6A0	48097	1.5	201
#D4A6A0	48097.5	1	201
#D4A6A0	48097	0.5	201
#EAD1CD	48097	1.5	202
#EAD1CD	48097.5	2	202
#EAD1CD	48098	1.5	202
#EAD1CD	48097.5	1	202
#F4E6E4	48097.5	2	203
#F4E6E4	48098	2.5	203
#F4E6E4	48098.5	2	203
#F4E6E4	48098	1.5	203
#FDFDFE	48098	2.5	204
#FDFDFE	48098.5	3	204
#FDFDFE	48099	2.5	204
#FDFDFE	48098.5	2	204
#FEFDFD	48098.5	3	205
#FEFDFD	48099	3.5	205
#FEFDFD	48099.5	3	205
#FEFDFD	48099	2.5	205
#F8EFEE	48099	3.5	206
#F8EFEE	48099.5	4	206
#F8EFEE	48100	3.5	206
#F8EFEE	48099.5	3	206
#F7ECEA	48099.5	4	207
#F7ECEA	48100	4.5	207
#F7ECEA	48100.5	4	207
#F7ECEA	48100	3.5	207
#F5E7E6	48100	4.5	208
#F5E7E6	48100.5	5	208
#F5E7E6	48101	4.5	208
#F5E7E6	48100.5	4	208
#F6EBE9	48100.5	5	209
#F6EBE9	48101	5.5	209
#F6EBE9	48101.5	5	209
#F6EBE9	48101	4.5	209
#F3E4E2	48101	5.5	210
#F3E4E2	48101.5	6	210
#F3E4E2	48102	5.5	210
#F3E4E2	48101.5	5	210
#FEFEFE	48101.5	6	211
#FEFEFE	48102	6.5	211
#FEFEFE	48102.5	6	211
#FEFEFE	48102	5.5	211
#F8EFEE	48102	6.5	212
#F8EFEE	48102.5	7	212
#F8EFEE	48103	6.5	212
#F8EFEE	48102.5	6	212
#FFFFFF	48102.5	7	213
#FFFFFF	48103	7.5	213
#FFFFFF	48103.5	7	213
#FFFFFF	48103	6.5	213
#F9F0EF	48103	7.5	214
#F9F0EF	48103.5	8	214
#F9F0EF	48104	7.5	214
#F9F0EF	48103.5	7	214
#FEFCFC	48103.5	8	215
#FEFCFC	48104	8.5	215
#FEFCFC	48104.5	8	215
#FEFCFC	48104	7.5	215
#FCF7F6	48104	8.5	216
#FCF7F6	48104.5	9	216
#FCF7F6	48105	8.5	216
#FCF7F6	48104.5	8	216
#F7EDEC	48104.5	9	217
#F7EDEC	48105	9.5	217
#F7EDEC	48105.5	9	217
#F7EDEC	48105	8.5	217
#FAF4F3	48105	9.5	218
#FAF4F3	48105.5	10	218
#FAF4F3	48106	9.5	218
#FAF4F3	48105.5	9	218
#FCF7F7	48105.5	10	219
#FCF7F7	48106	10.5	219
#FCF7F7	48106.5	10	219
#FCF7F7	48106	9.5	219
#FDFAFA	48106	10.5	220
#FDFAFA	48106.5	11	220
#FDFAFA	48107	10.5	220
#FDFAFA	48106.5	10	220
#F9F2F1	48106.5	11	221
#F9F2F1	48107	11.5	221
#F9F2F1	48107.5	11	221
#F9F2F1	48107	10.5	221
#F1E1DE	48107	11.5	222
#F1E1DE	48107.5	12	222
#F1E1DE	48108	11.5	222
#F1E1DE	48107.5	11	222
#FDFBFA	48107.5	12	223
#FDFBFA	48108	12.5	223
#FDFBFA	48108.5	12	223
#FDFBFA	48108	11.5	223
#F9F1F0	48108	12.5	224
#F9F1F0	48108.5	13	224
#F9F1F0	48109	12.5	224
#F9F1F0	48108.5	12	224
#FCF7F6	48108.5	13	225
#FCF7F6	48109	13.5	225
#FCF7F6	48109.5	13	225
#FCF7F6	48109	12.5	225
#FEFDFD	48109	13.5	226
#FEFDFD	48109.5	14	226
#FEFDFD	48110	13.5	226
#FEFDFD	48109.5	13	226
#F8EFEE	48109.5	14	227
#F8EFEE	48110	14.5	227
#F8EFEE	48110.5	14	227
#F8EFEE	48110	13.5	227
#F8EFEE	48110	14.5	228
#F8EFEE	48110.5	15	228
#F8EFEE	48111	14.5	228
#F8EFEE	48110.5	14	228
#F5E8E6	48110.5	15	229
#F5E8E6	48111	15.5	229
#F5E8E6	48111.5	15	229
#F5E8E6	48111	14.5	229
#FBF6F5	48111	15.5	230
#FBF6F5	48111.5	16	230
#FBF6F5	48112	15.5	230
#FBF6F5	48111.5	15	230
#FCF7F6	48111.5	16	231
#FCF7F6	48112	16.5	231
#FCF7F6	48112.5	16	231
#FCF7F6	48112	15.5	231
#F9F2F1	48112	16.5	232
#F9F2F1	48112.5	17	232
#F9F2F1	48113	16.5	232
#F9F2F1	48112.5	16	232
#FCF8F7	48112.5	17	233
#FCF8F7	48113	17.5	233
#FCF8F7	48113.5	17	233
#FCF8F7	48113	16.5	233
#FCF8F7	48113	17.5	234
#FCF8F7	48113.5	18	234
#FCF8F7	48114	17.5	234
#FCF8F7	48113.5	17	234
#F8F0EF	48113.5	18	235
#F8F0EF	48114	18.5	235
#F8F0EF	48114.5	18	235
#F8F0EF	48114	17.5	235
#FAF3F2	48114	18.5	236
#FAF3F2	48114.5	19	236
#FAF3F2	48115	18.5	236
#FAF3F2	48114.5	18	236
#F8EFEE	48114.5	19	237
#F8EFEE	48115	19.5	237
#F8EFEE	48115.5	19	237
#F8EFEE	48115	18.5	237
#FDFBFB	48115	19.5	238
#FDFBFB	48115.5	20	238
#FDFBFB	48116	19.5	238
#FDFBFB	48115.5	19	238
#FEFEFE	48115.5	20	239
#FEFEFE	48116	20.5	239
#FEFEFE	48116.5	20	239
#FEFEFE	48116	19.5	239
#FCF8F8	48116	20.5	240
#FCF8F8	48116.5	21	240
#FCF8F8	48117	20.5	240
#FCF8F8	48116.5	20	240
#F4E6E4	48116.5	21	241
#F4E6E4	48117	21.5	241
#F4E6E4	48117.5	21	241
#F4E6E4	48117	20.5	241
#F8EFEE	48117	21.5	242
#F8EFEE	48117.5	22	242
#F8EFEE	48118	21.5	242
#F8EFEE	48117.5	21	242
#FCF8F7	48117.5	22	243
#FCF8F7	48118	22.5	243
#FCF8F7	48118.5	22	243
#FCF8F7	48118	21.5	243
#FCF9F8	48118	22.5	244
#FCF9F8	48118.5	23	244
#FCF9F8	48119	22.5	244
#FCF9F8	48118.5	22	244
#FEFCFC	48118.5	23	245
#FEFCFC	48119	23.5	245
#FEFCFC	48119.5	23	245
#FEFCFC	48119	22.5	245
#FAF3F2	48119	23.5	246
#FAF3F2	48119.5	24	246
#FAF3F2	48120	23.5	246
#FAF3F2	48119.5	23	246
#FDFAF9	48119.5	24	247
#FDFAF9	48120	24.5	247
#FDFAF9	48120.5	24	247
#FDFAF9	48120	23.5	247
#FCF9F9	48120	24.5	248
#FCF9F9	48120.5	25	248
#FCF9F9	48121	24.5	248
#FCF9F9	48120.5	24	248
#E0BEB9	48096.5	0	249
#E0BEB9	48097	0.5	249
#E0BEB9	48097.5	0	249
#E0BEB9	48097	-0.5	249
#F6EBE9	48097	0.5	250
#F6EBE9	48097.5	1	250
#F6EBE9	48098	0.5	250
#F6EBE9	48097.5	0	250
#FCF8F7	48097.5	1	251
#FCF8F7	48098	1.5	251
#FCF8F7	48098.5	1	251
#FCF8F7	48098	0.5	251
#D5D0E8	48098	1.5	252
#D5D0E8	48098.5	2	252
#D5D0E8	48099	1.5	252
#D5D0E8	48098.5	1	252
#A69CCE	48098.5	2	253
#A69CCE	48099	2.5	253
#A69CCE	48099.5	2	253
#A69CCE	48099	1.5	253
#D4CEE7	48099	2.5	254
#D4CEE7	48099.5	3	254
#D4CEE7	48100	2.5	254
#D4CEE7	48099.5	2	254
#FAF9FC	48099.5	3	255
#FAF9FC	48100	3.5	255
#FAF9FC	48100.5	3	255
#FAF9FC	48100	2.5	255
#FDFAFA	48100	3.5	256
#FDFAFA	48100.5	4	256
#FDFAFA	48101	3.5	256
#FDFAFA	48100.5	3	256
#FEFCFB	48100.5	4	257
#FEFCFB	48101	4.5	257
#FEFCFB	48101.5	4	257
#FEFCFB	48101	3.5	257
#FDFCFE	48101	4.5	258
#FDFCFE	48101.5	5	258
#FDFCFE	48102	4.5	258
#FDFCFE	48101.5	4	258
#FEFEFE	48101.5	5	259
#FEFEFE	48102	5.5	259
#FEFEFE	48102.5	5	259
#FEFEFE	48102	4.5	259
#FFFFFF	48102	5.5	260
#FFFFFF	48102.5	6	260
#FFFFFF	48103	5.5	260
#FFFFFF	48102.5	5	260
#F6EBEA	48102.5	6	261
#F6EBEA	48103	6.5	261
#F6EBEA	48103.5	6	261
#F6EBEA	48103	5.5	261
#FAF2F2	48103	6.5	262
#FAF2F2	48103.5	7	262
#FAF2F2	48104	6.5	262
#FAF2F2	48103.5	6	262
#FFFEFF	48103.5	7	263
#FFFEFF	48104	7.5	263
#FFFEFF	48104.5	7	263
#FFFEFF	48104	6.5	263
#FFFEFE	48104	7.5	264
#FFFEFE	48104.5	8	264
#FFFEFE	48105	7.5	264
#FFFEFE	48104.5	7	264
#FEFDFD	48104.5	8	265
#FEFDFD	48105	8.5	265
#FEFDFD	48105.5	8	265
#FEFDFD	48105	7.5	265
#F7EDEC	48105	8.5	266
#F7EDEC	48105.5	9	266
#F7EDEC	48106	8.5	266
#F7EDEC	48105.5	8	266
#F6EBE9	48105.5	9	267
#F6EBE9	48106	9.5	267
#F6EBE9	48106.5	9	267
#F6EBE9	48106	8.5	267
#FCF9F8	48106	9.5	268
#FCF9F8	48106.5	10	268
#FCF9F8	48107	9.5	268
#FCF9F8	48106.5	9	268
#FAF3F2	48106.5	10	269
#FAF3F2	48107	10.5	269
#FAF3F2	48107.5	10	269
#FAF3F2	48107	9.5	269
#F4E6E4	48107	10.5	270
#F4E6E4	48107.5	11	270
#F4E6E4	48108	10.5	270
#F4E6E4	48107.5	10	270
#ECD5D2	48107.5	11	271
#ECD5D2	48108	11.5	271
#ECD5D2	48108.5	11	271
#ECD5D2	48108	10.5	271
#E1BEB9	48108	11.5	272
#E1BEB9	48108.5	12	272
#E1BEB9	48109	11.5	272
#E1BEB9	48108.5	11	272
#E7CAC6	48108.5	12	273
#E7CAC6	48109	12.5	273
#E7CAC6	48109.5	12	273
#E7CAC6	48109	11.5	273
#DDB8B3	48109	12.5	274
#DDB8B3	48109.5	13	274
#DDB8B3	48110	12.5	274
#DDB8B3	48109.5	12	274
#F6EAE9	48109.5	13	275
#F6EAE9	48110	13.5	275
#F6EAE9	48110.5	13	275
#F6EAE9	48110	12.5	275
#EAD0CD	48110	13.5	276
#EAD0CD	48110.5	14	276
#EAD0CD	48111	13.5	276
#EAD0CD	48110.5	13	276
#F0DEDB	48110.5	14	277
#F0DEDB	48111	14.5	277
#F0DEDB	48111.5	14	277
#F0DEDB	48111	13.5	277
#EFDAD8	48111	14.5	278
#EFDAD8	48111.5	15	278
#EFDAD8	48112	14.5	278
#EFDAD8	48111.5	14	278
#F7EDEC	48111.5	15	279
#F7EDEC	48112	15.5	279
#F7EDEC	48112.5	15	279
#F7EDEC	48112	14.5	279
#ECD6D3	48112	15.5	280
#ECD6D3	48112.5	16	280
#ECD6D3	48113	15.5	280
#ECD6D3	48112.5	15	280
#F5E9E7	48112.5	16	281
#F5E9E7	48113	16.5	281
#F5E9E7	48113.5	16	281
#F5E9E7	48113	15.5	281
#F8EEED	48113	16.5	282
#F8EEED	48113.5	17	282
#F8EEED	48114	16.5	282
#F8EEED	48113.5	16	282
#F7ECEA	48113.5	17	283
#F7ECEA	48114	17.5	283
#F7ECEA	48114.5	17	283
#F7ECEA	48114	16.5	283
#F3E3E1	48114	17.5	284
#F3E3E1	48114.5	18	284
#F3E3E1	48115	17.5	284
#F3E3E1	48114.5	17	284
#EEDAD7	48114.5	18	285
#EEDAD7	48115	18.5	285
#EEDAD7	48115.5	18	285
#EEDAD7	48115	17.5	285
#FAF4F3	48115	18.5	286
#FAF4F3	48115.5	19	286
#FAF4F3	48116	18.5	286
#FAF4F3	48115.5	18	286
#EED8D5	48115.5	19	287
#EED8D5	48116	19.5	287
#EED8D5	48116.5	19	287
#EED8D5	48116	18.5	287
#F5E9E7	48116	19.5	288
#F5E9E7	48116.5	20	288
#F5E9E7	48117	19.5	288
#F5E9E7	48116.5	19	288
#F6EBEA	48116.5	20	289
#F6EBEA	48117	20.5	289
#F6EBEA	48117.5	20	289
#F6EBEA	48117	19.5	289
#F9F1F0	48117	20.5	290
#F9F1F0	48117.5	21	290
#F9F1F0	48118	20.5	290
#F9F1F0	48117.5	20	290
#EFDCD9	48117.5	21	291
#EFDCD9	48118	21.5	291
#EFDCD9	48118.5	21	291
#EFDCD9	48118	20.5	291
#F3E3E1	48118	21.5	292
#F3E3E1	48118.5	22	292
#F3E3E1	48119	21.5	292
#F3E3E1	48118.5	21	292
#F0DDDA	48118.5	22	293
#F0DDDA	48119	22.5	293
#F0DDDA	48119.5	22	293
#F0DDDA	48119	21.5	293
#FAF2F1	48119	22.5	294
#FAF2F1	48119.5	23	294
#FAF2F1	48120	22.5	294
#FAF2F1	48119.5	22	294
#FBF5F4	48119.5	23	295
#FBF5F4	48120	23.5	295
#FBF5F4	48120.5	23	295
#FBF5F4	48120	22.5	295
#F3E4E2	48120	23.5	296
#F3E4E2	48120.5	24	296
#F3E4E2	48121	23.5	296
#F3E4E2	48120.5	23	296
#FCF9F8	48120.5	24	297
#FCF9F8	48121	24.5	297
#FCF9F8	48121.5	24	297
#FCF9F8	48121	23.5	297
#F3E4E2	48121	24.5	298
#F3E4E2	48121.5	25	298
#F3E4E2	48122	24.5	298
#F3E4E2	48121.5	24	298
#E0BCB8	48097.5	0	299
#E0BCB8	48098	0.5	299
#E0BCB8	48098.5	0	299
#E0BCB8	48098	-0.5	299
#F8EFEE	48098	0.5	300
#F8EFEE	48098.5	1	300
#F8EFEE	48099	0.5	300
#F8EFEE	48098.5	0	300
#FDFCFE	48098.5	1	301
#FDFCFE	48099	1.5	301
#FDFCFE	48099.5	1	301
#FDFCFE	48099	0.5	301
#FDFAFA	48099	1.5	302
#FDFAFA	48099.5	2	302
#FDFAFA	48100	1.5	302
#FDFAFA	48099.5	1	302
#FDFAF9	48099.5	2	303
#FDFAF9	48100	2.5	303
#FDFAF9	48100.5	2	303
#FDFAF9	48100	1.5	303
#FDFAFA	48100	2.5	304
#FDFAFA	48100.5	3	304
#FDFAFA	48101	2.5	304
#FDFAFA	48100.5	2	304
#EFDBD9	48100.5	3	305
#EFDBD9	48101	3.5	305
#EFDBD9	48101.5	3	305
#EFDBD9	48101	2.5	305
#F7EDEB	48101	3.5	306
#F7EDEB	48101.5	4	306
#F7EDEB	48102	3.5	306
#F7EDEB	48101.5	3	306
#F1E0DE	48101.5	4	307
#F1E0DE	48102	4.5	307
#F1E0DE	48102.5	4	307
#F1E0DE	48102	3.5	307
#F3E4E2	48102	4.5	308
#F3E4E2	48102.5	5	308
#F3E4E2	48103	4.5	308
#F3E4E2	48102.5	4	308
#FAF4F3	48102.5	5	309
#FAF4F3	48103	5.5	309
#FAF4F3	48103.5	5	309
#FAF4F3	48103	4.5	309
#F4E5E4	48103	5.5	310
#F4E5E4	48103.5	6	310
#F4E5E4	48104	5.5	310
#F4E5E4	48103.5	5	310
#F2E3E1	48103.5	6	311
#F2E3E1	48104	6.5	311
#F2E3E1	48104.5	6	311
#F2E3E1	48104	5.5	311
#FDF9F9	48104	6.5	312
#FDF9F9	48104.5	7	312
#FDF9F9	48105	6.5	312
#FDF9F9	48104.5	6	312
#FEFEFE	48104.5	7	313
#FEFEFE	48105	7.5	313
#FEFEFE	48105.5	7	313
#FEFEFE	48105	6.5	313
#F5E9E7	48105	7.5	314
#F5E9E7	48105.5	8	314
#F5E9E7	48106	7.5	314
#F5E9E7	48105.5	7	314
#F3E4E2	48105.5	8	315
#F3E4E2	48106	8.5	315
#F3E4E2	48106.5	8	315
#F3E4E2	48106	7.5	315
#FCF7F7	48106	8.5	316
#FCF7F7	48106.5	9	316
#FCF7F7	48107	8.5	316
#FCF7F7	48106.5	8	316
#FBF6F5	48106.5	9	317
#FBF6F5	48107	9.5	317
#FBF6F5	48107.5	9	317
#FBF6F5	48107	8.5	317
#F0DDDB	48107	9.5	318
#F0DDDB	48107.5	10	318
#F0DDDB	48108	9.5	318
#F0DDDB	48107.5	9	318
#F7EDEB	48107.5	10	319
#F7EDEB	48108	10.5	319
#F7EDEB	48108.5	10	319
#F7EDEB	48108	9.5	319
#F4E6E4	48108	10.5	320
#F4E6E4	48108.5	11	320
#F4E6E4	48109	10.5	320
#F4E6E4	48108.5	10	320
#E9CFCB	48108.5	11	321
#E9CFCB	48109	11.5	321
#E9CFCB	48109.5	11	321
#E9CFCB	48109	10.5	321
#ECD4D1	48109	11.5	322
#ECD4D1	48109.5	12	322
#ECD4D1	48110	11.5	322
#ECD4D1	48109.5	11	322
#E1BFBA	48109.5	12	323
#E1BFBA	48110	12.5	323
#E1BFBA	48110.5	12	323
#E1BFBA	48110	11.5	323
#EBD2CF	48110	12.5	324
#EBD2CF	48110.5	13	324
#EBD2CF	48111	12.5	324
#EBD2CF	48110.5	12	324
#EFDCD9	48110.5	13	325
#EFDCD9	48111	13.5	325
#EFDCD9	48111.5	13	325
#EFDCD9	48111	12.5	325
#F0DEDB	48111	13.5	326
#F0DEDB	48111.5	14	326
#F0DEDB	48112	13.5	326
#F0DEDB	48111.5	13	326
#F1E0DE	48111.5	14	327
#F1E0DE	48112	14.5	327
#F1E0DE	48112.5	14	327
#F1E0DE	48112	13.5	327
#F4E6E4	48112	14.5	328
#F4E6E4	48112.5	15	328
#F4E6E4	48113	14.5	328
#F4E6E4	48112.5	14	328
#F6EBEA	48112.5	15	329
#F6EBEA	48113	15.5	329
#F6EBEA	48113.5	15	329
#F6EBEA	48113	14.5	329
#EDD8D5	48113	15.5	330
#EDD8D5	48113.5	16	330
#EDD8D5	48114	15.5	330
#EDD8D5	48113.5	15	330
#F2E1DF	48113.5	16	331
#F2E1DF	48114	16.5	331
#F2E1DF	48114.5	16	331
#F2E1DF	48114	15.5	331
#FCF7F7	48114	16.5	332
#FCF7F7	48114.5	17	332
#FCF7F7	48115	16.5	332
#FCF7F7	48114.5	16	332
#EFDCD9	48114.5	17	333
#EFDCD9	48115	17.5	333
#EFDCD9	48115.5	17	333
#EFDCD9	48115	16.5	333
#F2E1DF	48115	17.5	334
#F2E1DF	48115.5	18	334
#F2E1DF	48116	17.5	334
#F2E1DF	48115.5	17	334
#F3E4E2	48115.5	18	335
#F3E4E2	48116	18.5	335
#F3E4E2	48116.5	18	335
#F3E4E2	48116	17.5	335
#F7EDEC	48116	18.5	336
#F7EDEC	48116.5	19	336
#F7EDEC	48117	18.5	336
#F7EDEC	48116.5	18	336
#F1E0DE	48116.5	19	337
#F1E0DE	48117	19.5	337
#F1E0DE	48117.5	19	337
#F1E0DE	48117	18.5	337
#F9F1F0	48117	19.5	338
#F9F1F0	48117.5	20	338
#F9F1F0	48118	19.5	338
#F9F1F0	48117.5	19	338
#F8EEED	48117.5	20	339
#F8EEED	48118	20.5	339
#F8EEED	48118.5	20	339
#F8EEED	48118	19.5	339
#FBF5F4	48118	20.5	340
#FBF5F4	48118.5	21	340
#FBF5F4	48119	20.5	340
#FBF5F4	48118.5	20	340
#FAF3F2	48118.5	21	341
#FAF3F2	48119	21.5	341
#FAF3F2	48119.5	21	341
#FAF3F2	48119	20.5	341
#F5E8E7	48119	21.5	342
#F5E8E7	48119.5	22	342
#F5E8E7	48120	21.5	342
#F5E8E7	48119.5	21	342
#F9F1F0	48119.5	22	343
#F9F1F0	48120	22.5	343
#F9F1F0	48120.5	22	343
#F9F1F0	48120	21.5	343
#F9F1F0	48120	22.5	344
#F9F1F0	48120.5	23	344
#F9F1F0	48121	22.5	344
#F9F1F0	48120.5	22	344
#F6EBEA	48120.5	23	345
#F6EBEA	48121	23.5	345
#F6EBEA	48121.5	23	345
#F6EBEA	48121	22.5	345
#FCF8F8	48121	23.5	346
#FCF8F8	48121.5	24	346
#FCF8F8	48122	23.5	346
#FCF8F8	48121.5	23	346
#FAF3F2	48121.5	24	347
#FAF3F2	48122	24.5	347
#FAF3F2	48122.5	24	347
#FAF3F2	48122	23.5	347
#FBF5F4	48122	24.5	348
#FBF5F4	48122.5	25	348
#FBF5F4	48123	24.5	348
#FBF5F4	48122.5	24	348
#D6AAA5	48098.5	0	349
#D6AAA5	48099	0.5	349
#D6AAA5	48099.5	0	349
#D6AAA5	48099	-0.5	349
#ECD5D2	48099	0.5	350
#ECD5D2	48099.5	1	350
#ECD5D2	48100	0.5	350
#ECD5D2	48099.5	0	350
#D4A7A1	48099.5	1	351
#D4A7A1	48100	1.5	351
#D4A7A1	48100.5	1	351
#D4A7A1	48100	0.5	351
#E8CDC9	48100	1.5	352
#E8CDC9	48100.5	2	352
#E8CDC9	48101	1.5	352
#E8CDC9	48100.5	1	352
#EAD0CD	48100.5	2	353
#EAD0CD	48101	2.5	353
#EAD0CD	48101.5	2	353
#EAD0CD	48101	1.5	353
#D5A8A2	48101	2.5	354
#D5A8A2	48101.5	3	354
#D5A8A2	48102	2.5	354
#D5A8A2	48101.5	2	354
#EAD1CE	48101.5	3	355
#EAD1CE	48102	3.5	355
#EAD1CE	48102.5	3	355
#EAD1CE	48102	2.5	355
#DDB7B3	48102	3.5	356
#DDB7B3	48102.5	4	356
#DDB7B3	48103	3.5	356
#DDB7B3	48102.5	3	356
#F0DCDA	48102.5	4	357
#F0DCDA	48103	4.5	357
#F0DCDA	48103.5	4	357
#F0DCDA	48103	3.5	357
#F1DFDD	48103	4.5	358
#F1DFDD	48103.5	5	358
#F1DFDD	48104	4.5	358
#F1DFDD	48103.5	4	358
#F4E6E4	48103.5	5	359
#F4E6E4	48104	5.5	359
#F4E6E4	48104.5	5	359
#F4E6E4	48104	4.5	359
#F0DEDC	48104	5.5	360
#F0DEDC	48104.5	6	360
#F0DEDC	48105	5.5	360
#F0DEDC	48104.5	5	360
#FEFDFD	48104.5	6	361
#FEFDFD	48105	6.5	361
#FEFDFD	48105.5	6	361
#FEFDFD	48105	5.5	361
#FDFAFA	48105	6.5	362
#FDFAFA	48105.5	7	362
#FDFAFA	48106	6.5	362
#FDFAFA	48105.5	6	362
#FEFCFC	48105.5	7	363
#FEFCFC	48106	7.5	363
#FEFCFC	48106.5	7	363
#FEFCFC	48106	6.5	363
#E6C8C4	48106	7.5	364
#E6C8C4	48106.5	8	364
#E6C8C4	48107	7.5	364
#E6C8C4	48106.5	7	364
#FAF2F1	48106.5	8	365
#FAF2F1	48107	8.5	365
#FAF2F1	48107.5	8	365
#FAF2F1	48107	7.5	365
#FCF8F7	48107	8.5	366
#FCF8F7	48107.5	9	366
#FCF8F7	48108	8.5	366
#FCF8F7	48107.5	8	366
#F7EEEC	48107.5	9	367
#F7EEEC	48108	9.5	367
#F7EEEC	48108.5	9	367
#F7EEEC	48108	8.5	367
#F1E0DE	48108	9.5	368
#F1E0DE	48108.5	10	368
#F1E0DE	48109	9.5	368
#F1E0DE	48108.5	9	368
#E4C5C1	48108.5	10	369
#E4C5C1	48109	10.5	369
#E4C5C1	48109.5	10	369
#E4C5C1	48109	9.5	369
#ECD4D1	48109	10.5	370
#ECD4D1	48109.5	11	370
#ECD4D1	48110	10.5	370
#ECD4D1	48109.5	10	370
#ECD5D2	48109.5	11	371
#ECD5D2	48110	11.5	371
#ECD5D2	48110.5	11	371
#ECD5D2	48110	10.5	371
#EBD2CF	48110	11.5	372
#EBD2CF	48110.5	12	372
#EBD2CF	48111	11.5	372
#EBD2CF	48110.5	11	372
#F3E3E1	48110.5	12	373
#F3E3E1	48111	12.5	373
#F3E3E1	48111.5	12	373
#F3E3E1	48111	11.5	373
#EDD6D3	48111	12.5	374
#EDD6D3	48111.5	13	374
#EDD6D3	48112	12.5	374
#EDD6D3	48111.5	12	374
#F7ECEB	48111.5	13	375
#F7ECEB	48112	13.5	375
#F7ECEB	48112.5	13	375
#F7ECEB	48112	12.5	375
#E5C6C2	48112	13.5	376
#E5C6C2	48112.5	14	376
#E5C6C2	48113	13.5	376
#E5C6C2	48112.5	13	376
#F0DEDB	48112.5	14	377
#F0DEDB	48113	14.5	377
#F0DEDB	48113.5	14	377
#F0DEDB	48113	13.5	377
#F7ECEB	48113	14.5	378
#F7ECEB	48113.5	15	378
#F7ECEB	48114	14.5	378
#F7ECEB	48113.5	14	378
#FCF8F7	48113.5	15	379
#FCF8F7	48114	15.5	379
#FCF8F7	48114.5	15	379
#FCF8F7	48114	14.5	379
#F6EBEA	48114	15.5	380
#F6EBEA	48114.5	16	380
#F6EBEA	48115	15.5	380
#F6EBEA	48114.5	15	380
#F0DEDC	48114.5	16	381
#F0DEDC	48115	16.5	381
#F0DEDC	48115.5	16	381
#F0DEDC	48115	15.5	381
#EBD4D1	48115	16.5	382
#EBD4D1	48115.5	17	382
#EBD4D1	48116	16.5	382
#EBD4D1	48115.5	16	382
#F5E7E5	48115.5	17	383
#F5E7E5	48116	17.5	383
#F5E7E5	48116.5	17	383
#F5E7E5	48116	16.5	383
#FAF3F2	48116	17.5	384
#FAF3F2	48116.5	18	384
#FAF3F2	48117	17.5	384
#FAF3F2	48116.5	17	384
#EDD6D3	48116.5	18	385
#EDD6D3	48117	18.5	385
#EDD6D3	48117.5	18	385
#EDD6D3	48117	17.5	385
#E9CECA	48117	18.5	386
#E9CECA	48117.5	19	386
#E9CECA	48118	18.5	386
#E9CECA	48117.5	18	386
#E6C9C5	48117.5	19	387
#E6C9C5	48118	19.5	387
#E6C9C5	48118.5	19	387
#E6C9C5	48118	18.5	387
#FAF4F3	48118	19.5	388
#FAF4F3	48118.5	20	388
#FAF4F3	48119	19.5	388
#FAF4F3	48118.5	19	388
#F5E9E8	48118.5	20	389
#F5E9E8	48119	20.5	389
#F5E9E8	48119.5	20	389
#F5E9E8	48119	19.5	389
#F7ECEB	48119	20.5	390
#F7ECEB	48119.5	21	390
#F7ECEB	48120	20.5	390
#F7ECEB	48119.5	20	390
#F5E8E6	48119.5	21	391
#F5E8E6	48120	21.5	391
#F5E8E6	48120.5	21	391
#F5E8E6	48120	20.5	391
#FDFAF9	48120	21.5	392
#FDFAF9	48120.5	22	392
#FDFAF9	48121	21.5	392
#FDFAF9	48120.5	21	392
#EBD3D0	48120.5	22	393
#EBD3D0	48121	22.5	393
#EBD3D0	48121.5	22	393
#EBD3D0	48121	21.5	393
#F8F0EF	48121	22.5	394
#F8F0EF	48121.5	23	394
#F8F0EF	48122	22.5	394
#F8F0EF	48121.5	22	394
#FCF8F7	48121.5	23	395
#FCF8F7	48122	23.5	395
#FCF8F7	48122.5	23	395
#FCF8F7	48122	22.5	395
#FBF5F4	48122	23.5	396
#FBF5F4	48122.5	24	396
#FBF5F4	48123	23.5	396
#FBF5F4	48122.5	23	396
#F9F2F1	48122.5	24	397
#F9F2F1	48123	24.5	397
#F9F2F1	48123.5	24	397
#F9F2F1	48123	23.5	397
#F5E9E7	48123	24.5	398
#F5E9E7	48123.5	25	398
#F5E9E7	48124	24.5	398
#F5E9E7	48123.5	24	398
#E2C0BC	48099.5	0	399
#E2C0BC	48100	0.5	399
#E2C0BC	48100.5	0	399
#E2C0BC	48100	-0.5	399
#E1BFBA	48100	0.5	400
#E1BFBA	48100.5	1	400
#E1BFBA	48101	0.5	400
#E1BFBA	48100.5	0	400
#ECD4D1	48100.5	1	401
#ECD4D1	48101	1.5	401
#ECD4D1	48101.5	1	401
#ECD4D1	48101	0.5	401
#EDD8D5	48101	1.5	402
#EDD8D5	48101.5	2	402
#EDD8D5	48102	1.5	402
#EDD8D5	48101.5	1	402
#D4A6A0	48101.5	2	403
#D4A6A0	48102	2.5	403
#D4A6A0	48102.5	2	403
#D4A6A0	48102	1.5	403
#E2C1BD	48102	2.5	404
#E2C1BD	48102.5	3	404
#E2C1BD	48103	2.5	404
#E2C1BD	48102.5	2	404
#D6A9A3	48102.5	3	405
#D6A9A3	48103	3.5	405
#D6A9A3	48103.5	3	405
#D6A9A3	48103	2.5	405
#F2E1DE	48103	3.5	406
#F2E1DE	48103.5	4	406
#F2E1DE	48104	3.5	406
#F2E1DE	48103.5	3	406
#F8EEED	48103.5	4	407
#F8EEED	48104	4.5	407
#F8EEED	48104.5	4	407
#F8EEED	48104	3.5	407
#F0DDDA	48104	4.5	408
#F0DDDA	48104.5	5	408
#F0DDDA	48105	4.5	408
#F0DDDA	48104.5	4	408
#E8CDCA	48104.5	5	409
#E8CDCA	48105	5.5	409
#E8CDCA	48105.5	5	409
#E8CDCA	48105	4.5	409
#F8EEED	48105	5.5	410
#F8EEED	48105.5	6	410
#F8EEED	48106	5.5	410
#F8EEED	48105.5	5	410
#FEFCFC	48105.5	6	411
#FEFCFC	48106	6.5	411
#FEFCFC	48106.5	6	411
#FEFCFC	48106	5.5	411
#F9F1F0	48106	6.5	412
#F9F1F0	48106.5	7	412
#F9F1F0	48107	6.5	412
#F9F1F0	48106.5	6	412
#F8F0EF	48106.5	7	413
#F8F0EF	48107	7.5	413
#F8F0EF	48107.5	7	413
#F8F0EF	48107	6.5	413
#EFDBD8	48107	7.5	414
#EFDBD8	48107.5	8	414
#EFDBD8	48108	7.5	414
#EFDBD8	48107.5	7	414
#F7EDEC	48107.5	8	415
#F7EDEC	48108	8.5	415
#F7EDEC	48108.5	8	415
#F7EDEC	48108	7.5	415
#F4E6E4	48108	8.5	416
#F4E6E4	48108.5	9	416
#F4E6E4	48109	8.5	416
#F4E6E4	48108.5	8	416
#EBD3D0	48108.5	9	417
#EBD3D0	48109	9.5	417
#EBD3D0	48109.5	9	417
#EBD3D0	48109	8.5	417
#F1DFDC	48109	9.5	418
#F1DFDC	48109.5	10	418
#F1DFDC	48110	9.5	418
#F1DFDC	48109.5	9	418
#E4C4C0	48109.5	10	419
#E4C4C0	48110	10.5	419
#E4C4C0	48110.5	10	419
#E4C4C0	48110	9.5	419
#EDD7D4	48110	10.5	420
#EDD7D4	48110.5	11	420
#EDD7D4	48111	10.5	420
#EDD7D4	48110.5	10	420
#EED9D6	48110.5	11	421
#EED9D6	48111	11.5	421
#EED9D6	48111.5	11	421
#EED9D6	48111	10.5	421
#F8F0EF	48111	11.5	422
#F8F0EF	48111.5	12	422
#F8F0EF	48112	11.5	422
#F8F0EF	48111.5	11	422
#EED9D6	48111.5	12	423
#EED9D6	48112	12.5	423
#EED9D6	48112.5	12	423
#EED9D6	48112	11.5	423
#E3C3BF	48112	12.5	424
#E3C3BF	48112.5	13	424
#E3C3BF	48113	12.5	424
#E3C3BF	48112.5	12	424
#F1E0DE	48112.5	13	425
#F1E0DE	48113	13.5	425
#F1E0DE	48113.5	13	425
#F1E0DE	48113	12.5	425
#F5E8E6	48113	13.5	426
#F5E8E6	48113.5	14	426
#F5E8E6	48114	13.5	426
#F5E8E6	48113.5	13	426
#F3E3E1	48113.5	14	427
#F3E3E1	48114	14.5	427
#F3E3E1	48114.5	14	427
#F3E3E1	48114	13.5	427
#EFDBD8	48114	14.5	428
#EFDBD8	48114.5	15	428
#EFDBD8	48115	14.5	428
#EFDBD8	48114.5	14	428
#F7EDEC	48114.5	15	429
#F7EDEC	48115	15.5	429
#F7EDEC	48115.5	15	429
#F7EDEC	48115	14.5	429
#EFDCDA	48115	15.5	430
#EFDCDA	48115.5	16	430
#EFDCDA	48116	15.5	430
#EFDCDA	48115.5	15	430
#F7ECEB	48115.5	16	431
#F7ECEB	48116	16.5	431
#F7ECEB	48116.5	16	431
#F7ECEB	48116	15.5	431
#F0DEDB	48116	16.5	432
#F0DEDB	48116.5	17	432
#F0DEDB	48117	16.5	432
#F0DEDB	48116.5	16	432
#E7CAC6	48116.5	17	433
#E7CAC6	48117	17.5	433
#E7CAC6	48117.5	17	433
#E7CAC6	48117	16.5	433
#EBD3CF	48117	17.5	434
#EBD3CF	48117.5	18	434
#EBD3CF	48118	17.5	434
#EBD3CF	48117.5	17	434
#EFDAD8	48117.5	18	435
#EFDAD8	48118	18.5	435
#EFDAD8	48118.5	18	435
#EFDAD8	48118	17.5	435
#F2E1DF	48118	18.5	436
#F2E1DF	48118.5	19	436
#F2E1DF	48119	18.5	436
#F2E1DF	48118.5	18	436
#EEDAD7	48118.5	19	437
#EEDAD7	48119	19.5	437
#EEDAD7	48119.5	19	437
#EEDAD7	48119	18.5	437
#EEDAD7	48119	19.5	438
#EEDAD7	48119.5	20	438
#EEDAD7	48120	19.5	438
#EEDAD7	48119.5	19	438
#F5E9E7	48119.5	20	439
#F5E9E7	48120	20.5	439
#F5E9E7	48120.5	20	439
#F5E9E7	48120	19.5	439
#F6EAE8	48120	20.5	440
#F6EAE8	48120.5	21	440
#F6EAE8	48121	20.5	440
#F6EAE8	48120.5	20	440
#F0DDDB	48120.5	21	441
#F0DDDB	48121	21.5	441
#F0DDDB	48121.5	21	441
#F0DDDB	48121	20.5	441
#FDFAF9	48121	21.5	442
#FDFAF9	48121.5	22	442
#FDFAF9	48122	21.5	442
#FDFAF9	48121.5	21	442
#FDFBFB	48121.5	22	443
#FDFBFB	48122	22.5	443
#FDFBFB	48122.5	22	443
#FDFBFB	48122	21.5	443
#FAF4F3	48122	22.5	444
#FAF4F3	48122.5	23	444
#FAF4F3	48123	22.5	444
#FAF4F3	48122.5	22	444
#F6EAE8	48122.5	23	445
#F6EAE8	48123	23.5	445
#F6EAE8	48123.5	23	445
#F6EAE8	48123	22.5	445
#F7EDEC	48123	23.5	446
#F7EDEC	48123.5	24	446
#F7EDEC	48124	23.5	446
#F7EDEC	48123.5	23	446
#F9F1F0	48123.5	24	447
#F9F1F0	48124	24.5	447
#F9F1F0	48124.5	24	447
#F9F1F0	48124	23.5	447
#FBF6F6	48124	24.5	448
#FBF6F6	48124.5	25	448
#FBF6F6	48125	24.5	448
#FBF6F6	48124.5	24	448
#BB7B74	48100.5	0	449
#BB7B74	48101	0.5	449
#BB7B74	48101.5	0	449
#BB7B74	48101	-0.5	449
#EAD1CE	48101	0.5	450
#EAD1CE	48101.5	1	450
#EAD1CE	48102	0.5	450
#EAD1CE	48101.5	0	450
#ECD5D2	48101.5	1	451
#ECD5D2	48102	1.5	451
#ECD5D2	48102.5	1	451
#ECD5D2	48102	0.5	451
#C9928B	48102	1.5	452
#C9928B	48102.5	2	452
#C9928B	48103	1.5	452
#C9928B	48102.5	1	452
#E1BEBA	48102.5	2	453
#E1BEBA	48103	2.5	453
#E1BEBA	48103.5	2	453
#E1BEBA	48103	1.5	453
#DAB1AC	48103	2.5	454
#DAB1AC	48103.5	3	454
#DAB1AC	48104	2.5	454
#DAB1AC	48103.5	2	454
#F5E9E8	48103.5	3	455
#F5E9E8	48104	3.5	455
#F5E9E8	48104.5	3	455
#F5E9E8	48104	2.5	455
#FFFFFE	48104	3.5	456
#FFFFFE	48104.5	4	456
#FFFFFE	48105	3.5	456
#FFFFFE	48104.5	3	456
#E8CECA	48104.5	4	457
#E8CECA	48105	4.5	457
#E8CECA	48105.5	4	457
#E8CECA	48105	3.5	457
#E2C1BC	48105	4.5	458
#E2C1BC	48105.5	5	458
#E2C1BC	48106	4.5	458
#E2C1BC	48105.5	4	458
#F0DDDB	48105.5	5	459
#F0DDDB	48106	5.5	459
#F0DDDB	48106.5	5	459
#F0DDDB	48106	4.5	459
#FBF5F4	48106	5.5	460
#FBF5F4	48106.5	6	460
#FBF5F4	48107	5.5	460
#FBF5F4	48106.5	5	460
#FDFAF9	48106.5	6	461
#FDFAF9	48107	6.5	461
#FDFAF9	48107.5	6	461
#FDFAF9	48107	5.5	461
#EAD0CD	48107	6.5	462
#EAD0CD	48107.5	7	462
#EAD0CD	48108	6.5	462
#EAD0CD	48107.5	6	462
#F4E5E4	48107.5	7	463
#F4E5E4	48108	7.5	463
#F4E5E4	48108.5	7	463
#F4E5E4	48108	6.5	463
#EEDAD7	48108	7.5	464
#EEDAD7	48108.5	8	464
#EEDAD7	48109	7.5	464
#EEDAD7	48108.5	7	464
#F5E9E7	48108.5	8	465
#F5E9E7	48109	8.5	465
#F5E9E7	48109.5	8	465
#F5E9E7	48109	7.5	465
#F0DCDA	48109	8.5	466
#F0DCDA	48109.5	9	466
#F0DCDA	48110	8.5	466
#F0DCDA	48109.5	8	466
#F4E6E4	48109.5	9	467
#F4E6E4	48110	9.5	467
#F4E6E4	48110.5	9	467
#F4E6E4	48110	8.5	467
#E6C8C4	48110	9.5	468
#E6C8C4	48110.5	10	468
#E6C8C4	48111	9.5	468
#E6C8C4	48110.5	9	468
#DEB9B4	48110.5	10	469
#DEB9B4	48111	10.5	469
#DEB9B4	48111.5	10	469
#DEB9B4	48111	9.5	469
#F2E2DF	48111	10.5	470
#F2E2DF	48111.5	11	470
#F2E2DF	48112	10.5	470
#F2E2DF	48111.5	10	470
#F2E1DE	48111.5	11	471
#F2E1DE	48112	11.5	471
#F2E1DE	48112.5	11	471
#F2E1DE	48112	10.5	471
#EBD2CF	48112	11.5	472
#EBD2CF	48112.5	12	472
#EBD2CF	48113	11.5	472
#EBD2CF	48112.5	11	472
#E9D0CC	48112.5	12	473
#E9D0CC	48113	12.5	473
#E9D0CC	48113.5	12	473
#E9D0CC	48113	11.5	473
#F0DDDA	48113	12.5	474
#F0DDDA	48113.5	13	474
#F0DDDA	48114	12.5	474
#F0DDDA	48113.5	12	474
#F5E7E6	48113.5	13	475
#F5E7E6	48114	13.5	475
#F5E7E6	48114.5	13	475
#F5E7E6	48114	12.5	475
#F9F2F1	48114	13.5	476
#F9F2F1	48114.5	14	476
#F9F2F1	48115	13.5	476
#F9F2F1	48114.5	13	476
#F1E0DE	48114.5	14	477
#F1E0DE	48115	14.5	477
#F1E0DE	48115.5	14	477
#F1E0DE	48115	13.5	477
#F0DEDB	48115	14.5	478
#F0DEDB	48115.5	15	478
#F0DEDB	48116	14.5	478
#F0DEDB	48115.5	14	478
#F7EEEC	48115.5	15	479
#F7EEEC	48116	15.5	479
#F7EEEC	48116.5	15	479
#F7EEEC	48116	14.5	479
#EAD1CE	48116	15.5	480
#EAD1CE	48116.5	16	480
#EAD1CE	48117	15.5	480
#EAD1CE	48116.5	15	480
#F0DDDB	48116.5	16	481
#F0DDDB	48117	16.5	481
#F0DDDB	48117.5	16	481
#F0DDDB	48117	15.5	481
#F4E5E3	48117	16.5	482
#F4E5E3	48117.5	17	482
#F4E5E3	48118	16.5	482
#F4E5E3	48117.5	16	482
#EDD7D4	48117.5	17	483
#EDD7D4	48118	17.5	483
#EDD7D4	48118.5	17	483
#EDD7D4	48118	16.5	483
#E2C0BC	48118	17.5	484
#E2C0BC	48118.5	18	484
#E2C0BC	48119	17.5	484
#E2C0BC	48118.5	17	484
#F6EBEA	48118.5	18	485
#F6EBEA	48119	18.5	485
#F6EBEA	48119.5	18	485
#F6EBEA	48119	17.5	485
#EFDCD9	48119	18.5	486
#EFDCD9	48119.5	19	486
#EFDCD9	48120	18.5	486
#EFDCD9	48119.5	18	486
#F7ECEB	48119.5	19	487
#F7ECEB	48120	19.5	487
#F7ECEB	48120.5	19	487
#F7ECEB	48120	18.5	487
#F6E9E8	48120	19.5	488
#F6E9E8	48120.5	20	488
#F6E9E8	48121	19.5	488
#F6E9E8	48120.5	19	488
#EDD8D5	48120.5	20	489
#EDD8D5	48121	20.5	489
#EDD8D5	48121.5	20	489
#EDD8D5	48121	19.5	489
#FBF5F4	48121	20.5	490
#FBF5F4	48121.5	21	490
#FBF5F4	48122	20.5	490
#FBF5F4	48121.5	20	490
#F3E3E1	48121.5	21	491
#F3E3E1	48122	21.5	491
#F3E3E1	48122.5	21	491
#F3E3E1	48122	20.5	491
#E9CECA	48122	21.5	492
#E9CECA	48122.5	22	492
#E9CECA	48123	21.5	492
#E9CECA	48122.5	21	492
#FAF4F3	48122.5	22	493
#FAF4F3	48123	22.5	493
#FAF4F3	48123.5	22	493
#FAF4F3	48123	21.5	493
#EFDCD9	48123	22.5	494
#EFDCD9	48123.5	23	494
#EFDCD9	48124	22.5	494
#EFDCD9	48123.5	22	494
#FCF9F8	48123.5	23	495
#FCF9F8	48124	23.5	495
#FCF9F8	48124.5	23	495
#FCF9F8	48124	22.5	495
#FAF3F2	48124	23.5	496
#FAF3F2	48124.5	24	496
#FAF3F2	48125	23.5	496
#FAF3F2	48124.5	23	496
#F8EEED	48124.5	24	497
#F8EEED	48125	24.5	497
#F8EEED	48125.5	24	497
#F8EEED	48125	23.5	497
#FCF9F9	48125	24.5	498
#FCF9F9	48125.5	25	498
#FCF9F9	48126	24.5	498
#FCF9F9	48125.5	24	498
#CC9790	48101.5	0	499
#CC9790	48102	0.5	499
#CC9790	48102.5	0	499
#CC9790	48102	-0.5	499
#E9CFCC	48102	0.5	500
#E9CFCC	48102.5	1	500
#E9CFCC	48103	0.5	500
#E9CFCC	48102.5	0	500
#E1BEBA	48102.5	1	501
#E1BEBA	48103	1.5	501
#E1BEBA	48103.5	1	501
#E1BEBA	48103	0.5	501
#E6C9C5	48103	1.5	502
#E6C9C5	48103.5	2	502
#E6C9C5	48104	1.5	502
#E6C9C5	48103.5	1	502
#E6C8C4	48103.5	2	503
#E6C8C4	48104	2.5	503
#E6C8C4	48104.5	2	503
#E6C8C4	48104	1.5	503
#F8EFED	48104	2.5	504
#F8EFED	48104.5	3	504
#F8EFED	48105	2.5	504
#F8EFED	48104.5	2	504
#FAF3F3	48104.5	3	505
#FAF3F3	48105	3.5	505
#FAF3F3	48105.5	3	505
#FAF3F3	48105	2.5	505
#F1E0DE	48105	3.5	506
#F1E0DE	48105.5	4	506
#F1E0DE	48106	3.5	506
#F1E0DE	48105.5	3	506
#F0DEDB	48105.5	4	507
#F0DEDB	48106	4.5	507
#F0DEDB	48106.5	4	507
#F0DEDB	48106	3.5	507
#F7ECEB	48106	4.5	508
#F7ECEB	48106.5	5	508
#F7ECEB	48107	4.5	508
#F7ECEB	48106.5	4	508
#FDFBFB	48106.5	5	509
#FDFBFB	48107	5.5	509
#FDFBFB	48107.5	5	509
#FDFBFB	48107	4.5	509
#F9F0EF	48107	5.5	510
#F9F0EF	48107.5	6	510
#F9F0EF	48108	5.5	510
#F9F0EF	48107.5	5	510
#EDD7D4	48107.5	6	511
#EDD7D4	48108	6.5	511
#EDD7D4	48108.5	6	511
#EDD7D4	48108	5.5	511
#ECD5D2	48108	6.5	512
#ECD5D2	48108.5	7	512
#ECD5D2	48109	6.5	512
#ECD5D2	48108.5	6	512
#F6ECEA	48108.5	7	513
#F6ECEA	48109	7.5	513
#F6ECEA	48109.5	7	513
#F6ECEA	48109	6.5	513
#E7CAC7	48109	7.5	514
#E7CAC7	48109.5	8	514
#E7CAC7	48110	7.5	514
#E7CAC7	48109.5	7	514
#EFDBD9	48109.5	8	515
#EFDBD9	48110	8.5	515
#EFDBD9	48110.5	8	515
#EFDBD9	48110	7.5	515
#EFDBD8	48110	8.5	516
#EFDBD8	48110.5	9	516
#EFDBD8	48111	8.5	516
#EFDBD8	48110.5	8	516
#DDB6B1	48110.5	9	517
#DDB6B1	48111	9.5	517
#DDB6B1	48111.5	9	517
#DDB6B1	48111	8.5	517
#E9CFCC	48111	9.5	518
#E9CFCC	48111.5	10	518
#E9CFCC	48112	9.5	518
#E9CFCC	48111.5	9	518
#F0DEDB	48111.5	10	519
#F0DEDB	48112	10.5	519
#F0DEDB	48112.5	10	519
#F0DEDB	48112	9.5	519
#F1DFDD	48112	10.5	520
#F1DFDD	48112.5	11	520
#F1DFDD	48113	10.5	520
#F1DFDD	48112.5	10	520
#E7CAC7	48112.5	11	521
#E7CAC7	48113	11.5	521
#E7CAC7	48113.5	11	521
#E7CAC7	48113	10.5	521
#EDD7D4	48113	11.5	522
#EDD7D4	48113.5	12	522
#EDD7D4	48114	11.5	522
#EDD7D4	48113.5	11	522
#EED9D6	48113.5	12	523
#EED9D6	48114	12.5	523
#EED9D6	48114.5	12	523
#EED9D6	48114	11.5	523
#E9D0CC	48114	12.5	524
#E9D0CC	48114.5	13	524
#E9D0CC	48115	12.5	524
#E9D0CC	48114.5	12	524
#F4E6E4	48114.5	13	525
#F4E6E4	48115	13.5	525
#F4E6E4	48115.5	13	525
#F4E6E4	48115	12.5	525
#E7CAC6	48115	13.5	526
#E7CAC6	48115.5	14	526
#E7CAC6	48116	13.5	526
#E7CAC6	48115.5	13	526
#EEDAD7	48115.5	14	527
#EEDAD7	48116	14.5	527
#EEDAD7	48116.5	14	527
#EEDAD7	48116	13.5	527
#ECD5D2	48116	14.5	528
#ECD5D2	48116.5	15	528
#ECD5D2	48117	14.5	528
#ECD5D2	48116.5	14	528
#EBD3D0	48116.5	15	529
#EBD3D0	48117	15.5	529
#EBD3D0	48117.5	15	529
#EBD3D0	48117	14.5	529
#F0DCDA	48117	15.5	530
#F0DCDA	48117.5	16	530
#F0DCDA	48118	15.5	530
#F0DCDA	48117.5	15	530
#F2E2E0	48117.5	16	531
#F2E2E0	48118	16.5	531
#F2E2E0	48118.5	16	531
#F2E2E0	48118	15.5	531
#EED8D6	48118	16.5	532
#EED8D6	48118.5	17	532
#EED8D6	48119	16.5	532
#EED8D6	48118.5	16	532
#EFDBD9	48118.5	17	533
#EFDBD9	48119	17.5	533
#EFDBD9	48119.5	17	533
#EFDBD9	48119	16.5	533
#ECD6D3	48119	17.5	534
#ECD6D3	48119.5	18	534
#ECD6D3	48120	17.5	534
#ECD6D3	48119.5	17	534
#F2E2E0	48119.5	18	535
#F2E2E0	48120	18.5	535
#F2E2E0	48120.5	18	535
#F2E2E0	48120	17.5	535
#ECD6D3	48120	18.5	536
#ECD6D3	48120.5	19	536
#ECD6D3	48121	18.5	536
#ECD6D3	48120.5	18	536
#F0DDDB	48120.5	19	537
#F0DDDB	48121	19.5	537
#F0DDDB	48121.5	19	537
#F0DDDB	48121	18.5	537
#F4E7E5	48121	19.5	538
#F4E7E5	48121.5	20	538
#F4E7E5	48122	19.5	538
#F4E7E5	48121.5	19	538
#EEDAD7	48121.5	20	539
#EEDAD7	48122	20.5	539
#EEDAD7	48122.5	20	539
#EEDAD7	48122	19.5	539
#F5E9E7	48122	20.5	540
#F5E9E7	48122.5	21	540
#F5E9E7	48123	20.5	540
#F5E9E7	48122.5	20	540
#E3C2BE	48122.5	21	541
#E3C2BE	48123	21.5	541
#E3C2BE	48123.5	21	541
#E3C2BE	48123	20.5	541
#F6EAE9	48123	21.5	542
#F6EAE9	48123.5	22	542
#F6EAE9	48124	21.5	542
#F6EAE9	48123.5	21	542
#F8EFED	48123.5	22	543
#F8EFED	48124	22.5	543
#F8EFED	48124.5	22	543
#F8EFED	48124	21.5	543
#F5E9E7	48124	22.5	544
#F5E9E7	48124.5	23	544
#F5E9E7	48125	22.5	544
#F5E9E7	48124.5	22	544
#F4E6E5	48124.5	23	545
#F4E6E5	48125	23.5	545
#F4E6E5	48125.5	23	545
#F4E6E5	48125	22.5	545
#F7ECEB	48125	23.5	546
#F7ECEB	48125.5	24	546
#F7ECEB	48126	23.5	546
#F7ECEB	48125.5	23	546
#FCF9F9	48125.5	24	547
#FCF9F9	48126	24.5	547
#FCF9F9	48126.5	24	547
#FCF9F9	48126	23.5	547
#F5E8E6	48126	24.5	548
#F5E8E6	48126.5	25	548
#F5E8E6	48127	24.5	548
#F5E8E6	48126.5	24	548
#B9776F	48102.5	0	549
#B9776F	48103	0.5	549
#B9776F	48103.5	0	549
#B9776F	48103	-0.5	549
#D1A19B	48103	0.5	550
#D1A19B	48103.5	1	550
#D1A19B	48104	0.5	550
#D1A19B	48103.5	0	550
#E3C3BF	48103.5	1	551
#E3C3BF	48104	1.5	551
#E3C3BF	48104.5	1	551
#E3C3BF	48104	0.5	551
#DFBBB6	48104	1.5	552
#DFBBB6	48104.5	2	552
#DFBBB6	48105	1.5	552
#DFBBB6	48104.5	1	552
#F3E4E2	48104.5	2	553
#F3E4E2	48105	2.5	553
#F3E4E2	48105.5	2	553
#F3E4E2	48105	1.5	553
#F0DDDA	48105	2.5	554
#F0DDDA	48105.5	3	554
#F0DDDA	48106	2.5	554
#F0DDDA	48105.5	2	554
#F0DDDB	48105.5	3	555
#F0DDDB	48106	3.5	555
#F0DDDB	48106.5	3	555
#F0DDDB	48106	2.5	555
#EFDCD9	48106	3.5	556
#EFDCD9	48106.5	4	556
#EFDCD9	48107	3.5	556
#EFDCD9	48106.5	3	556
#FBFBFD	48106.5	4	557
#FBFBFD	48107	4.5	557
#FBFBFD	48107.5	4	557
#FBFBFD	48107	3.5	557
#F5F3F9	48107	4.5	558
#F5F3F9	48107.5	5	558
#F5F3F9	48108	4.5	558
#F5F3F9	48107.5	4	558
#FDFAFA	48107.5	5	559
#FDFAFA	48108	5.5	559
#FDFAFA	48108.5	5	559
#FDFAFA	48108	4.5	559
#EFDCDA	48108	5.5	560
#EFDCDA	48108.5	6	560
#EFDCDA	48109	5.5	560
#EFDCDA	48108.5	5	560
#F0DDDA	48108.5	6	561
#F0DDDA	48109	6.5	561
#F0DDDA	48109.5	6	561
#F0DDDA	48109	5.5	561
#FBF6F5	48109	6.5	562
#FBF6F5	48109.5	7	562
#FBF6F5	48110	6.5	562
#FBF6F5	48109.5	6	562
#EDD8D5	48109.5	7	563
#EDD8D5	48110	7.5	563
#EDD8D5	48110.5	7	563
#EDD8D5	48110	6.5	563
#EEDAD7	48110	7.5	564
#EEDAD7	48110.5	8	564
#EEDAD7	48111	7.5	564
#EEDAD7	48110.5	7	564
#E7CAC6	48110.5	8	565
#E7CAC6	48111	8.5	565
#E7CAC6	48111.5	8	565
#E7CAC6	48111	7.5	565
#F7ECEA	48111	8.5	566
#F7ECEA	48111.5	9	566
#F7ECEA	48112	8.5	566
#F7ECEA	48111.5	8	566
#F8EEED	48111.5	9	567
#F8EEED	48112	9.5	567
#F8EEED	48112.5	9	567
#F8EEED	48112	8.5	567
#F6EAE9	48112	9.5	568
#F6EAE9	48112.5	10	568
#F6EAE9	48113	9.5	568
#F6EAE9	48112.5	9	568
#FCF8F8	48112.5	10	569
#FCF8F8	48113	10.5	569
#FCF8F8	48113.5	10	569
#FCF8F8	48113	9.5	569
#EDD8D5	48113	10.5	570
#EDD8D5	48113.5	11	570
#EDD8D5	48114	10.5	570
#EDD8D5	48113.5	10	570
#F9F1F0	48113.5	11	571
#F9F1F0	48114	11.5	571
#F9F1F0	48114.5	11	571
#F9F1F0	48114	10.5	571
#E7CAC6	48114	11.5	572
#E7CAC6	48114.5	12	572
#E7CAC6	48115	11.5	572
#E7CAC6	48114.5	11	572
#F3E5E3	48114.5	12	573
#F3E5E3	48115	12.5	573
#F3E5E3	48115.5	12	573
#F3E5E3	48115	11.5	573
#F2E2E0	48115	12.5	574
#F2E2E0	48115.5	13	574
#F2E2E0	48116	12.5	574
#F2E2E0	48115.5	12	574
#E7CBC7	48115.5	13	575
#E7CBC7	48116	13.5	575
#E7CBC7	48116.5	13	575
#E7CBC7	48116	12.5	575
#F0DEDC	48116	13.5	576
#F0DEDC	48116.5	14	576
#F0DEDC	48117	13.5	576
#F0DEDC	48116.5	13	576
#EAD2CE	48116.5	14	577
#EAD2CE	48117	14.5	577
#EAD2CE	48117.5	14	577
#EAD2CE	48117	13.5	577
#DBB3AE	48117	14.5	578
#DBB3AE	48117.5	15	578
#DBB3AE	48118	14.5	578
#DBB3AE	48117.5	14	578
#DDB7B2	48117.5	15	579
#DDB7B2	48118	15.5	579
#DDB7B2	48118.5	15	579
#DDB7B2	48118	14.5	579
#ECD5D2	48118	15.5	580
#ECD5D2	48118.5	16	580
#ECD5D2	48119	15.5	580
#ECD5D2	48118.5	15	580
#EDD7D4	48118.5	16	581
#EDD7D4	48119	16.5	581
#EDD7D4	48119.5	16	581
#EDD7D4	48119	15.5	581
#F2E1DF	48119	16.5	582
#F2E1DF	48119.5	17	582
#F2E1DF	48120	16.5	582
#F2E1DF	48119.5	16	582
#F0DDDA	48119.5	17	583
#F0DDDA	48120	17.5	583
#F0DDDA	48120.5	17	583
#F0DDDA	48120	16.5	583
#F7EDEB	48120	17.5	584
#F7EDEB	48120.5	18	584
#F7EDEB	48121	17.5	584
#F7EDEB	48120.5	17	584
#F6EAE9	48120.5	18	585
#F6EAE9	48121	18.5	585
#F6EAE9	48121.5	18	585
#F6EAE9	48121	17.5	585
#F0DDDA	48121	18.5	586
#F0DDDA	48121.5	19	586
#F0DDDA	48122	18.5	586
#F0DDDA	48121.5	18	586
#EDD6D3	48121.5	19	587
#EDD6D3	48122	19.5	587
#EDD6D3	48122.5	19	587
#EDD6D3	48122	18.5	587
#EDD8D5	48122	19.5	588
#EDD8D5	48122.5	20	588
#EDD8D5	48123	19.5	588
#EDD8D5	48122.5	19	588
#F9F1F0	48122.5	20	589
#F9F1F0	48123	20.5	589
#F9F1F0	48123.5	20	589
#F9F1F0	48123	19.5	589
#F6EAE8	48123	20.5	590
#F6EAE8	48123.5	21	590
#F6EAE8	48124	20.5	590
#F6EAE8	48123.5	20	590
#F3E3E1	48123.5	21	591
#F3E3E1	48124	21.5	591
#F3E3E1	48124.5	21	591
#F3E3E1	48124	20.5	591
#F2E2E0	48124	21.5	592
#F2E2E0	48124.5	22	592
#F2E2E0	48125	21.5	592
#F2E2E0	48124.5	21	592
#F7ECEB	48124.5	22	593
#F7ECEB	48125	22.5	593
#F7ECEB	48125.5	22	593
#F7ECEB	48125	21.5	593
#F6EAE8	48125	22.5	594
#F6EAE8	48125.5	23	594
#F6EAE8	48126	22.5	594
#F6EAE8	48125.5	22	594
#FAF2F1	48125.5	23	595
#FAF2F1	48126	23.5	595
#FAF2F1	48126.5	23	595
#FAF2F1	48126	22.5	595
#FCF9F8	48126	23.5	596
#FCF9F8	48126.5	24	596
#FCF9F8	48127	23.5	596
#FCF9F8	48126.5	23	596
#FBF5F5	48126.5	24	597
#FBF5F5	48127	24.5	597
#FBF5F5	48127.5	24	597
#FBF5F5	48127	23.5	597
#F3E5E3	48127	24.5	598
#F3E5E3	48127.5	25	598
#F3E5E3	48128	24.5	598
#F3E5E3	48127.5	24	598
#BE7F78	48103.5	0	599
#BE7F78	48104	0.5	599
#BE7F78	48104.5	0	599
#BE7F78	48104	-0.5	599
#ECD4D1	48104	0.5	600
#ECD4D1	48104.5	1	600
#ECD4D1	48105	0.5	600
#ECD4D1	48104.5	0	600
#CE9B95	48104.5	1	601
#CE9B95	48105	1.5	601
#CE9B95	48105.5	1	601
#CE9B95	48105	0.5	601
#F4E5E4	48105	1.5	602
#F4E5E4	48105.5	2	602
#F4E5E4	48106	1.5	602
#F4E5E4	48105.5	1	602
#F5E9E7	48105.5	2	603
#F5E9E7	48106	2.5	603
#F5E9E7	48106.5	2	603
#F5E9E7	48106	1.5	603
#EED9D6	48106	2.5	604
#EED9D6	48106.5	3	604
#EED9D6	48107	2.5	604
#EED9D6	48106.5	2	604
#F1DFDC	48106.5	3	605
#F1DFDC	48107	3.5	605
#F1DFDC	48107.5	3	605
#F1DFDC	48107	2.5	605
#F8F7FB	48107	3.5	606
#F8F7FB	48107.5	4	606
#F8F7FB	48108	3.5	606
#F8F7FB	48107.5	3	606
#F2F0F8	48107.5	4	607
#F2F0F8	48108	4.5	607
#F2F0F8	48108.5	4	607
#F2F0F8	48108	3.5	607
#FDFDFE	48108	4.5	608
#FDFDFE	48108.5	5	608
#FDFDFE	48109	4.5	608
#FDFDFE	48108.5	4	608
#F0DCDA	48108.5	5	609
#F0DCDA	48109	5.5	609
#F0DCDA	48109.5	5	609
#F0DCDA	48109	4.5	609
#F8EFEE	48109	5.5	610
#F8EFEE	48109.5	6	610
#F8EFEE	48110	5.5	610
#F8EFEE	48109.5	5	610
#FDFAFA	48109.5	6	611
#FDFAFA	48110	6.5	611
#FDFAFA	48110.5	6	611
#FDFAFA	48110	5.5	611
#F4E6E4	48110	6.5	612
#F4E6E4	48110.5	7	612
#F4E6E4	48111	6.5	612
#F4E6E4	48110.5	6	612
#F7EEEC	48110.5	7	613
#F7EEEC	48111	7.5	613
#F7EEEC	48111.5	7	613
#F7EEEC	48111	6.5	613
#F3E5E3	48111	7.5	614
#F3E5E3	48111.5	8	614
#F3E5E3	48112	7.5	614
#F3E5E3	48111.5	7	614
#F2E1DF	48111.5	8	615
#F2E1DF	48112	8.5	615
#F2E1DF	48112.5	8	615
#F2E1DF	48112	7.5	615
#EFDCD9	48112	8.5	616
#EFDCD9	48112.5	9	616
#EFDCD9	48113	8.5	616
#EFDCD9	48112.5	8	616
#F5E8E6	48112.5	9	617
#F5E8E6	48113	9.5	617
#F5E8E6	48113.5	9	617
#F5E8E6	48113	8.5	617
#F7EDEB	48113	9.5	618
#F7EDEB	48113.5	10	618
#F7EDEB	48114	9.5	618
#F7EDEB	48113.5	9	618
#F3E3E1	48113.5	10	619
#F3E3E1	48114	10.5	619
#F3E3E1	48114.5	10	619
#F3E3E1	48114	9.5	619
#FBF5F4	48114	10.5	620
#FBF5F4	48114.5	11	620
#FBF5F4	48115	10.5	620
#FBF5F4	48114.5	10	620
#F8F0EF	48114.5	11	621
#F8F0EF	48115	11.5	621
#F8F0EF	48115.5	11	621
#F8F0EF	48115	10.5	621
#F4E7E5	48115	11.5	622
#F4E7E5	48115.5	12	622
#F4E7E5	48116	11.5	622
#F4E7E5	48115.5	11	622
#ECD4D1	48115.5	12	623
#ECD4D1	48116	12.5	623
#ECD4D1	48116.5	12	623
#ECD4D1	48116	11.5	623
#F1DFDD	48116	12.5	624
#F1DFDD	48116.5	13	624
#F1DFDD	48117	12.5	624
#F1DFDD	48116.5	12	624
#F1DFDC	48116.5	13	625
#F1DFDC	48117	13.5	625
#F1DFDC	48117.5	13	625
#F1DFDC	48117	12.5	625
#EFDCD9	48117	13.5	626
#EFDCD9	48117.5	14	626
#EFDCD9	48118	13.5	626
#EFDCD9	48117.5	13	626
#F2E2E0	48117.5	14	627
#F2E2E0	48118	14.5	627
#F2E2E0	48118.5	14	627
#F2E2E0	48118	13.5	627
#E5C7C3	48118	14.5	628
#E5C7C3	48118.5	15	628
#E5C7C3	48119	14.5	628
#E5C7C3	48118.5	14	628
#E9CECB	48118.5	15	629
#E9CECB	48119	15.5	629
#E9CECB	48119.5	15	629
#E9CECB	48119	14.5	629
#F0DDDB	48119	15.5	630
#F0DDDB	48119.5	16	630
#F0DDDB	48120	15.5	630
#F0DDDB	48119.5	15	630
#EED9D6	48119.5	16	631
#EED9D6	48120	16.5	631
#EED9D6	48120.5	16	631
#EED9D6	48120	15.5	631
#EEDAD7	48120	16.5	632
#EEDAD7	48120.5	17	632
#EEDAD7	48121	16.5	632
#EEDAD7	48120.5	16	632
#EFDCD9	48120.5	17	633
#EFDCD9	48121	17.5	633
#EFDCD9	48121.5	17	633
#EFDCD9	48121	16.5	633
#F6EBEA	48121	17.5	634
#F6EBEA	48121.5	18	634
#F6EBEA	48122	17.5	634
#F6EBEA	48121.5	17	634
#F4E6E4	48121.5	18	635
#F4E6E4	48122	18.5	635
#F4E6E4	48122.5	18	635
#F4E6E4	48122	17.5	635
#EBD2CF	48122	18.5	636
#EBD2CF	48122.5	19	636
#EBD2CF	48123	18.5	636
#EBD2CF	48122.5	18	636
#FAF4F4	48122.5	19	637
#FAF4F4	48123	19.5	637
#FAF4F4	48123.5	19	637
#FAF4F4	48123	18.5	637
#EDD8D5	48123	19.5	638
#EDD8D5	48123.5	20	638
#EDD8D5	48124	19.5	638
#EDD8D5	48123.5	19	638
#F6EAE9	48123.5	20	639
#F6EAE9	48124	20.5	639
#F6EAE9	48124.5	20	639
#F6EAE9	48124	19.5	639
#F9F0EF	48124	20.5	640
#F9F0EF	48124.5	21	640
#F9F0EF	48125	20.5	640
#F9F0EF	48124.5	20	640
#F0DEDC	48124.5	21	641
#F0DEDC	48125	21.5	641
#F0DEDC	48125.5	21	641
#F0DEDC	48125	20.5	641
#EBD2CF	48125	21.5	642
#EBD2CF	48125.5	22	642
#EBD2CF	48126	21.5	642
#EBD2CF	48125.5	21	642
#F2E1DE	48125.5	22	643
#F2E1DE	48126	22.5	643
#F2E1DE	48126.5	22	643
#F2E1DE	48126	21.5	643
#FAF3F2	48126	22.5	644
#FAF3F2	48126.5	23	644
#FAF3F2	48127	22.5	644
#FAF3F2	48126.5	22	644
#FDFAF9	48126.5	23	645
#FDFAF9	48127	23.5	645
#FDFAF9	48127.5	23	645
#FDFAF9	48127	22.5	645
#FAF4F3	48127	23.5	646
#FAF4F3	48127.5	24	646
#FAF4F3	48128	23.5	646
#FAF4F3	48127.5	23	646
#F7EEEC	48127.5	24	647
#F7EEEC	48128	24.5	647
#F7EEEC	48128.5	24	647
#F7EEEC	48128	23.5	647
#F4E7E5	48128	24.5	648
#F4E7E5	48128.5	25	648
#F4E7E5	48129	24.5	648
#F4E7E5	48128.5	24	648
#C58B84	48104.5	0	649
#C58B84	48105	0.5	649
#C58B84	48105.5	0	649
#C58B84	48105	-0.5	649
#D5A7A2	48105	0.5	650
#D5A7A2	48105.5	1	650
#D5A7A2	48106	0.5	650
#D5A7A2	48105.5	0	650
#EBD3D0	48105.5	1	651
#EBD3D0	48106	1.5	651
#EBD3D0	48106.5	1	651
#EBD3D0	48106	0.5	651
#F2E1DF	48106	1.5	652
#F2E1DF	48106.5	2	652
#F2E1DF	48107	1.5	652
#F2E1DF	48106.5	1	652
#E3C2BD	48106.5	2	653
#E3C2BD	48107	2.5	653
#E3C2BD	48107.5	2	653
#E3C2BD	48107	1.5	653
#EAD0CD	48107	2.5	654
#EAD0CD	48107.5	3	654
#EAD0CD	48108	2.5	654
#EAD0CD	48107.5	2	654
#FDFAF9	48107.5	3	655
#FDFAF9	48108	3.5	655
#FDFAF9	48108.5	3	655
#FDFAF9	48108	2.5	655
#F8F7FB	48108	3.5	656
#F8F7FB	48108.5	4	656
#F8F7FB	48109	3.5	656
#F8F7FB	48108.5	3	656
#FBF5F4	48108.5	4	657
#FBF5F4	48109	4.5	657
#FBF5F4	48109.5	4	657
#FBF5F4	48109	3.5	657
#EDD6D3	48109	4.5	658
#EDD6D3	48109.5	5	658
#EDD6D3	48110	4.5	658
#EDD6D3	48109.5	4	658
#E3C2BE	48109.5	5	659
#E3C2BE	48110	5.5	659
#E3C2BE	48110.5	5	659
#E3C2BE	48110	4.5	659
#FDFAFA	48110	5.5	660
#FDFAFA	48110.5	6	660
#FDFAFA	48111	5.5	660
#FDFAFA	48110.5	5	660
#FBF6F5	48110.5	6	661
#FBF6F5	48111	6.5	661
#FBF6F5	48111.5	6	661
#FBF6F5	48111	5.5	661
#F4E7E5	48111	6.5	662
#F4E7E5	48111.5	7	662
#F4E7E5	48112	6.5	662
#F4E7E5	48111.5	6	662
#F7ECEB	48111.5	7	663
#F7ECEB	48112	7.5	663
#F7ECEB	48112.5	7	663
#F7ECEB	48112	6.5	663
#F1E0DE	48112	7.5	664
#F1E0DE	48112.5	8	664
#F1E0DE	48113	7.5	664
#F1E0DE	48112.5	7	664
#FCF7F6	48112.5	8	665
#FCF7F6	48113	8.5	665
#FCF7F6	48113.5	8	665
#FCF7F6	48113	7.5	665
#ECD4D1	48113	8.5	666
#ECD4D1	48113.5	9	666
#ECD4D1	48114	8.5	666
#ECD4D1	48113.5	8	666
#FAF5F4	48113.5	9	667
#FAF5F4	48114	9.5	667
#FAF5F4	48114.5	9	667
#FAF5F4	48114	8.5	667
#F4E7E5	48114	9.5	668
#F4E7E5	48114.5	10	668
#F4E7E5	48115	9.5	668
#F4E7E5	48114.5	9	668
#FAF3F2	48114.5	10	669
#FAF3F2	48115	10.5	669
#FAF3F2	48115.5	10	669
#FAF3F2	48115	9.5	669
#F6EAE8	48115	10.5	670
#F6EAE8	48115.5	11	670
#F6EAE8	48116	10.5	670
#F6EAE8	48115.5	10	670
#EDD6D3	48115.5	11	671
#EDD6D3	48116	11.5	671
#EDD6D3	48116.5	11	671
#EDD6D3	48116	10.5	671
#EBD4D0	48116	11.5	672
#EBD4D0	48116.5	12	672
#EBD4D0	48117	11.5	672
#EBD4D0	48116.5	11	672
#F5E7E6	48116.5	12	673
#F5E7E6	48117	12.5	673
#F5E7E6	48117.5	12	673
#F5E7E6	48117	11.5	673
#F1E0DD	48117	12.5	674
#F1E0DD	48117.5	13	674
#F1E0DD	48118	12.5	674
#F1E0DD	48117.5	12	674
#F1DFDC	48117.5	13	675
#F1DFDC	48118	13.5	675
#F1DFDC	48118.5	13	675
#F1DFDC	48118	12.5	675
#ECD4D1	48118	13.5	676
#ECD4D1	48118.5	14	676
#ECD4D1	48119	13.5	676
#ECD4D1	48118.5	13	676
#E1BFBB	48118.5	14	677
#E1BFBB	48119	14.5	677
#E1BFBB	48119.5	14	677
#E1BFBB	48119	13.5	677
#EAD1CE	48119	14.5	678
#EAD1CE	48119.5	15	678
#EAD1CE	48120	14.5	678
#EAD1CE	48119.5	14	678
#FBF5F4	48119.5	15	679
#FBF5F4	48120	15.5	679
#FBF5F4	48120.5	15	679
#FBF5F4	48120	14.5	679
#FAF4F3	48120	15.5	680
#FAF4F3	48120.5	16	680
#FAF4F3	48121	15.5	680
#FAF4F3	48120.5	15	680
#F1DFDC	48120.5	16	681
#F1DFDC	48121	16.5	681
#F1DFDC	48121.5	16	681
#F1DFDC	48121	15.5	681
#E7CCC8	48121	16.5	682
#E7CCC8	48121.5	17	682
#E7CCC8	48122	16.5	682
#E7CCC8	48121.5	16	682
#EAD0CD	48121.5	17	683
#EAD0CD	48122	17.5	683
#EAD0CD	48122.5	17	683
#EAD0CD	48122	16.5	683
#EBD3D0	48122	17.5	684
#EBD3D0	48122.5	18	684
#EBD3D0	48123	17.5	684
#EBD3D0	48122.5	17	684
#E9CECB	48122.5	18	685
#E9CECB	48123	18.5	685
#E9CECB	48123.5	18	685
#E9CECB	48123	17.5	685
#E8CCC8	48123	18.5	686
#E8CCC8	48123.5	19	686
#E8CCC8	48124	18.5	686
#E8CCC8	48123.5	18	686
#F3E5E3	48123.5	19	687
#F3E5E3	48124	19.5	687
#F3E5E3	48124.5	19	687
#F3E5E3	48124	18.5	687
#F2E1DF	48124	19.5	688
#F2E1DF	48124.5	20	688
#F2E1DF	48125	19.5	688
#F2E1DF	48124.5	19	688
#F7EDEB	48124.5	20	689
#F7EDEB	48125	20.5	689
#F7EDEB	48125.5	20	689
#F7EDEB	48125	19.5	689
#EFDBD9	48125	20.5	690
#EFDBD9	48125.5	21	690
#EFDBD9	48126	20.5	690
#EFDBD9	48125.5	20	690
#ECD6D3	48125.5	21	691
#ECD6D3	48126	21.5	691
#ECD6D3	48126.5	21	691
#ECD6D3	48126	20.5	691
#F1E0DD	48126	21.5	692
#F1E0DD	48126.5	22	692
#F1E0DD	48127	21.5	692
#F1E0DD	48126.5	21	692
#F5E8E7	48126.5	22	693
#F5E8E7	48127	22.5	693
#F5E8E7	48127.5	22	693
#F5E8E7	48127	21.5	693
#FAF3F2	48127	22.5	694
#FAF3F2	48127.5	23	694
#FAF3F2	48128	22.5	694
#FAF3F2	48127.5	22	694
#FCF7F7	48127.5	23	695
#FCF7F7	48128	23.5	695
#FCF7F7	48128.5	23	695
#FCF7F7	48128	22.5	695
#F3E5E3	48128	23.5	696
#F3E5E3	48128.5	24	696
#F3E5E3	48129	23.5	696
#F3E5E3	48128.5	23	696
#FCF7F6	48128.5	24	697
#FCF7F6	48129	24.5	697
#FCF7F6	48129.5	24	697
#FCF7F6	48129	23.5	697
#F5E9E7	48129	24.5	698
#F5E9E7	48129.5	25	698
#F5E9E7	48130	24.5	698
#F5E9E7	48129.5	24	698
#B16A63	48105.5	0	699
#B16A63	48106	0.5	699
#B16A63	48106.5	0	699
#B16A63	48106	-0.5	699
#E4C5C0	48106	0.5	700
#E4C5C0	48106.5	1	700
#E4C5C0	48107	0.5	700
#E4C5C0	48106.5	0	700
#D7ABA6	48106.5	1	701
#D7ABA6	48107	1.5	701
#D7ABA6	48107.5	1	701
#D7ABA6	48107	0.5	701
#C9928B	48107	1.5	702
#C9928B	48107.5	2	702
#C9928B	48108	1.5	702
#C9928B	48107.5	1	702
#C68C85	48107.5	2	703
#C68C85	48108	2.5	703
#C68C85	48108.5	2	703
#C68C85	48108	1.5	703
#FBF6F5	48108	2.5	704
#FBF6F5	48108.5	3	704
#FBF6F5	48109	2.5	704
#FBF6F5	48108.5	2	704
#FEFEFE	48108.5	3	705
#FEFEFE	48109	3.5	705
#FEFEFE	48109.5	3	705
#FEFEFE	48109	2.5	705
#F4E5E3	48109	3.5	706
#F4E5E3	48109.5	4	706
#F4E5E3	48110	3.5	706
#F4E5E3	48109.5	3	706
#EFDAD8	48109.5	4	707
#EFDAD8	48110	4.5	707
#EFDAD8	48110.5	4	707
#EFDAD8	48110	3.5	707
#F1DFDD	48110	4.5	708
#F1DFDD	48110.5	5	708
#F1DFDD	48111	4.5	708
#F1DFDD	48110.5	4	708
#FDF9F9	48110.5	5	709
#FDF9F9	48111	5.5	709
#FDF9F9	48111.5	5	709
#FDF9F9	48111	4.5	709
#F4E6E4	48111	5.5	710
#F4E6E4	48111.5	6	710
#F4E6E4	48112	5.5	710
#F4E6E4	48111.5	5	710
#FBF5F4	48111.5	6	711
#FBF5F4	48112	6.5	711
#FBF5F4	48112.5	6	711
#FBF5F4	48112	5.5	711
#EFDCD9	48112	6.5	712
#EFDCD9	48112.5	7	712
#EFDCD9	48113	6.5	712
#EFDCD9	48112.5	6	712
#F0DDDB	48112.5	7	713
#F0DDDB	48113	7.5	713
#F0DDDB	48113.5	7	713
#F0DDDB	48113	6.5	713
#F9F0EF	48113	7.5	714
#F9F0EF	48113.5	8	714
#F9F0EF	48114	7.5	714
#F9F0EF	48113.5	7	714
#F8EFED	48113.5	8	715
#F8EFED	48114	8.5	715
#F8EFED	48114.5	8	715
#F8EFED	48114	7.5	715
#F7ECEB	48114	8.5	716
#F7ECEB	48114.5	9	716
#F7ECEB	48115	8.5	716
#F7ECEB	48114.5	8	716
#F9F2F1	48114.5	9	717
#F9F2F1	48115	9.5	717
#F9F2F1	48115.5	9	717
#F9F2F1	48115	8.5	717
#F9F2F1	48115	9.5	718
#F9F2F1	48115.5	10	718
#F9F2F1	48116	9.5	718
#F9F2F1	48115.5	9	718
#F9F1F0	48115.5	10	719
#F9F1F0	48116	10.5	719
#F9F1F0	48116.5	10	719
#F9F1F0	48116	9.5	719
#F8EFEE	48116	10.5	720
#F8EFEE	48116.5	11	720
#F8EFEE	48117	10.5	720
#F8EFEE	48116.5	10	720
#EDD7D5	48116.5	11	721
#EDD7D5	48117	11.5	721
#EDD7D5	48117.5	11	721
#EDD7D5	48117	10.5	721
#F0DDDA	48117	11.5	722
#F0DDDA	48117.5	12	722
#F0DDDA	48118	11.5	722
#F0DDDA	48117.5	11	722
#F6EAE8	48117.5	12	723
#F6EAE8	48118	12.5	723
#F6EAE8	48118.5	12	723
#F6EAE8	48118	11.5	723
#F4E6E4	48118	12.5	724
#F4E6E4	48118.5	13	724
#F4E6E4	48119	12.5	724
#F4E6E4	48118.5	12	724
#E1BFBB	48118.5	13	725
#E1BFBB	48119	13.5	725
#E1BFBB	48119.5	13	725
#E1BFBB	48119	12.5	725
#E5C7C3	48119	13.5	726
#E5C7C3	48119.5	14	726
#E5C7C3	48120	13.5	726
#E5C7C3	48119.5	13	726
#F7ECEB	48119.5	14	727
#F7ECEB	48120	14.5	727
#F7ECEB	48120.5	14	727
#F7ECEB	48120	13.5	727
#F6EBEA	48120	14.5	728
#F6EBEA	48120.5	15	728
#F6EBEA	48121	14.5	728
#F6EBEA	48120.5	14	728
#F9F1F0	48120.5	15	729
#F9F1F0	48121	15.5	729
#F9F1F0	48121.5	15	729
#F9F1F0	48121	14.5	729
#F4E6E4	48121	15.5	730
#F4E6E4	48121.5	16	730
#F4E6E4	48122	15.5	730
#F4E6E4	48121.5	15	730
#F4E7E5	48121.5	16	731
#F4E7E5	48122	16.5	731
#F4E7E5	48122.5	16	731
#F4E7E5	48122	15.5	731
#EED9D6	48122	16.5	732
#EED9D6	48122.5	17	732
#EED9D6	48123	16.5	732
#EED9D6	48122.5	16	732
#E8CCC9	48122.5	17	733
#E8CCC9	48123	17.5	733
#E8CCC9	48123.5	17	733
#E8CCC9	48123	16.5	733
#EDD6D3	48123	17.5	734
#EDD6D3	48123.5	18	734
#EDD6D3	48124	17.5	734
#EDD6D3	48123.5	17	734
#F3E4E2	48123.5	18	735
#F3E4E2	48124	18.5	735
#F3E4E2	48124.5	18	735
#F3E4E2	48124	17.5	735
#F3E5E3	48124	18.5	736
#F3E5E3	48124.5	19	736
#F3E5E3	48125	18.5	736
#F3E5E3	48124.5	18	736
#F6EAE9	48124.5	19	737
#F6EAE9	48125	19.5	737
#F6EAE9	48125.5	19	737
#F6EAE9	48125	18.5	737
#F8F0EE	48125	19.5	738
#F8F0EE	48125.5	20	738
#F8F0EE	48126	19.5	738
#F8F0EE	48125.5	19	738
#F7ECEB	48125.5	20	739
#F7ECEB	48126	20.5	739
#F7ECEB	48126.5	20	739
#F7ECEB	48126	19.5	739
#F8F0EF	48126	20.5	740
#F8F0EF	48126.5	21	740
#F8F0EF	48127	20.5	740
#F8F0EF	48126.5	20	740
#F8F0EF	48126.5	21	741
#F8F0EF	48127	21.5	741
#F8F0EF	48127.5	21	741
#F8F0EF	48127	20.5	741
#FCF9F8	48127	21.5	742
#FCF9F8	48127.5	22	742
#FCF9F8	48128	21.5	742
#FCF9F8	48127.5	21	742
#F5E8E6	48127.5	22	743
#F5E8E6	48128	22.5	743
#F5E8E6	48128.5	22	743
#F5E8E6	48128	21.5	743
#F9F2F1	48128	22.5	744
#F9F2F1	48128.5	23	744
#F9F2F1	48129	22.5	744
#F9F2F1	48128.5	22	744
#F6EBEA	48128.5	23	745
#F6EBEA	48129	23.5	745
#F6EBEA	48129.5	23	745
#F6EBEA	48129	22.5	745
#FCF8F8	48129	23.5	746
#FCF8F8	48129.5	24	746
#FCF8F8	48130	23.5	746
#FCF8F8	48129.5	23	746
#FEFDFE	48129.5	24	747
#FEFDFE	48130	24.5	747
#FEFDFE	48130.5	24	747
#FEFDFE	48130	23.5	747
#FEFEFE	48130	24.5	748
#FEFEFE	48130.5	25	748
#FEFEFE	48131	24.5	748
#FEFEFE	48130.5	24	748
#B57069	48106.5	0	749
#B57069	48107	0.5	749
#B57069	48107.5	0	749
#B57069	48107	-0.5	749
#E0BDB9	48107	0.5	750
#E0BDB9	48107.5	1	750
#E0BDB9	48108	0.5	750
#E0BDB9	48107.5	0	750
#BE7F78	48107.5	1	751
#BE7F78	48108	1.5	751
#BE7F78	48108.5	1	751
#BE7F78	48108	0.5	751
#C28780	48108	1.5	752
#C28780	48108.5	2	752
#C28780	48109	1.5	752
#C28780	48108.5	1	752
#FAF3F2	48108.5	2	753
#FAF3F2	48109	2.5	753
#FAF3F2	48109.5	2	753
#FAF3F2	48109	1.5	753
#FEFDFD	48109	2.5	754
#FEFDFD	48109.5	3	754
#FEFDFD	48110	2.5	754
#FEFDFD	48109.5	2	754
#F3E4E2	48109.5	3	755
#F3E4E2	48110	3.5	755
#F3E4E2	48110.5	3	755
#F3E4E2	48110	2.5	755
#EFDCD9	48110	3.5	756
#EFDCD9	48110.5	4	756
#EFDCD9	48111	3.5	756
#EFDCD9	48110.5	3	756
#EFDCD9	48110.5	4	757
#EFDCD9	48111	4.5	757
#EFDCD9	48111.5	4	757
#EFDCD9	48111	3.5	757
#FBF6F5	48111	4.5	758
#FBF6F5	48111.5	5	758
#FBF6F5	48112	4.5	758
#FBF6F5	48111.5	4	758
#F5E8E6	48111.5	5	759
#F5E8E6	48112	5.5	759
#F5E8E6	48112.5	5	759
#F5E8E6	48112	4.5	759
#FFFEFE	48112	5.5	760
#FFFEFE	48112.5	6	760
#FFFEFE	48113	5.5	760
#FFFEFE	48112.5	5	760
#FFFFFF	48112.5	6	761
#FFFFFF	48113	6.5	761
#FFFFFF	48113.5	6	761
#FFFFFF	48113	5.5	761
#FDFAFA	48113	6.5	762
#FDFAFA	48113.5	7	762
#FDFAFA	48114	6.5	762
#FDFAFA	48113.5	6	762
#FCF8F8	48113.5	7	763
#FCF8F8	48114	7.5	763
#FCF8F8	48114.5	7	763
#FCF8F8	48114	6.5	763
#FCF8F7	48114	7.5	764
#FCF8F7	48114.5	8	764
#FCF8F7	48115	7.5	764
#FCF8F7	48114.5	7	764
#FEFEFD	48114.5	8	765
#FEFEFD	48115	8.5	765
#FEFEFD	48115.5	8	765
#FEFEFD	48115	7.5	765
#FCF7F7	48115	8.5	766
#FCF7F7	48115.5	9	766
#FCF7F7	48116	8.5	766
#FCF7F7	48115.5	8	766
#FAF2F1	48115.5	9	767
#FAF2F1	48116	9.5	767
#FAF2F1	48116.5	9	767
#FAF2F1	48116	8.5	767
#FAF3F2	48116	9.5	768
#FAF3F2	48116.5	10	768
#FAF3F2	48117	9.5	768
#FAF3F2	48116.5	9	768
#FCF8F7	48116.5	10	769
#FCF8F7	48117	10.5	769
#FCF8F7	48117.5	10	769
#FCF8F7	48117	9.5	769
#FAF3F2	48117	10.5	770
#FAF3F2	48117.5	11	770
#FAF3F2	48118	10.5	770
#FAF3F2	48117.5	10	770
#FAF2F1	48117.5	11	771
#FAF2F1	48118	11.5	771
#FAF2F1	48118.5	11	771
#FAF2F1	48118	10.5	771
#FBF5F5	48118	11.5	772
#FBF5F5	48118.5	12	772
#FBF5F5	48119	11.5	772
#FBF5F5	48118.5	11	772
#F9F1EF	48118.5	12	773
#F9F1EF	48119	12.5	773
#F9F1EF	48119.5	12	773
#F9F1EF	48119	11.5	773
#EDD6D3	48119	12.5	774
#EDD6D3	48119.5	13	774
#EDD6D3	48120	12.5	774
#EDD6D3	48119.5	12	774
#E9CECB	48119.5	13	775
#E9CECB	48120	13.5	775
#E9CECB	48120.5	13	775
#E9CECB	48120	12.5	775
#F0DDDB	48120	13.5	776
#F0DDDB	48120.5	14	776
#F0DDDB	48121	13.5	776
#F0DDDB	48120.5	13	776
#F5E8E7	48120.5	14	777
#F5E8E7	48121	14.5	777
#F5E8E7	48121.5	14	777
#F5E8E7	48121	13.5	777
#FAF4F3	48121	14.5	778
#FAF4F3	48121.5	15	778
#FAF4F3	48122	14.5	778
#FAF4F3	48121.5	14	778
#FDFAFA	48121.5	15	779
#FDFAFA	48122	15.5	779
#FDFAFA	48122.5	15	779
#FDFAFA	48122	14.5	779
#FAF2F1	48122	15.5	780
#FAF2F1	48122.5	16	780
#FAF2F1	48123	15.5	780
#FAF2F1	48122.5	15	780
#FBF5F4	48122.5	16	781
#FBF5F4	48123	16.5	781
#FBF5F4	48123.5	16	781
#FBF5F4	48123	15.5	781
#EFDBD8	48123	16.5	782
#EFDBD8	48123.5	17	782
#EFDBD8	48124	16.5	782
#EFDBD8	48123.5	16	782
#F3E4E2	48123.5	17	783
#F3E4E2	48124	17.5	783
#F3E4E2	48124.5	17	783
#F3E4E2	48124	16.5	783
#F8F0EF	48124	17.5	784
#F8F0EF	48124.5	18	784
#F8F0EF	48125	17.5	784
#F8F0EF	48124.5	17	784
#F4E7E5	48124.5	18	785
#F4E7E5	48125	18.5	785
#F4E7E5	48125.5	18	785
#F4E7E5	48125	17.5	785
#F3E3E1	48125	18.5	786
#F3E3E1	48125.5	19	786
#F3E3E1	48126	18.5	786
#F3E3E1	48125.5	18	786
#FEFCFC	48125.5	19	787
#FEFCFC	48126	19.5	787
#FEFCFC	48126.5	19	787
#FEFCFC	48126	18.5	787
#F6EBEA	48126	19.5	788
#F6EBEA	48126.5	20	788
#F6EBEA	48127	19.5	788
#F6EBEA	48126.5	19	788
#FBF6F5	48126.5	20	789
#FBF6F5	48127	20.5	789
#FBF6F5	48127.5	20	789
#FBF6F5	48127	19.5	789
#FDFBFB	48127	20.5	790
#FDFBFB	48127.5	21	790
#FDFBFB	48128	20.5	790
#FDFBFB	48127.5	20	790
#FEFCFC	48127.5	21	791
#FEFCFC	48128	21.5	791
#FEFCFC	48128.5	21	791
#FEFCFC	48128	20.5	791
#FDFAFA	48128	21.5	792
#FDFAFA	48128.5	22	792
#FDFAFA	48129	21.5	792
#FDFAFA	48128.5	21	792
#FDFAFA	48128.5	22	793
#FDFAFA	48129	22.5	793
#FDFAFA	48129.5	22	793
#FDFAFA	48129	21.5	793
#FDFAFA	48129	22.5	794
#FDFAFA	48129.5	23	794
#FDFAFA	48130	22.5	794
#FDFAFA	48129.5	22	794
#FEFEFE	48129.5	23	795
#FEFEFE	48130	23.5	795
#FEFEFE	48130.5	23	795
#FEFEFE	48130	22.5	795
#FBFAFD	48130	23.5	796
#FBFAFD	48130.5	24	796
#FBFAFD	48131	23.5	796
#FBFAFD	48130.5	23	796
#FEFCFC	48130.5	24	797
#FEFCFC	48131	24.5	797
#FEFCFC	48131.5	24	797
#FEFCFC	48131	23.5	797
#F9F8FC	48131	24.5	798
#F9F8FC	48131.5	25	798
#F9F8FC	48132	24.5	798
#F9F8FC	48131.5	24	798
#BE7F78	48107.5	0	799
#BE7F78	48108	0.5	799
#BE7F78	48108.5	0	799
#BE7F78	48108	-0.5	799
#E6C9C5	48108	0.5	800
#E6C9C5	48108.5	1	800
#E6C9C5	48109	0.5	800
#E6C9C5	48108.5	0	800
#E5C7C3	48108.5	1	801
#E5C7C3	48109	1.5	801
#E5C7C3	48109.5	1	801
#E5C7C3	48109	0.5	801
#FCF8F7	48109	1.5	802
#FCF8F7	48109.5	2	802
#FCF8F7	48110	1.5	802
#FCF8F7	48109.5	1	802
#FAF4F4	48109.5	2	803
#FAF4F4	48110	2.5	803
#FAF4F4	48110.5	2	803
#FAF4F4	48110	1.5	803
#FAF3F2	48110	2.5	804
#FAF3F2	48110.5	3	804
#FAF3F2	48111	2.5	804
#FAF3F2	48110.5	2	804
#F3E3E1	48110.5	3	805
#F3E3E1	48111	3.5	805
#F3E3E1	48111.5	3	805
#F3E3E1	48111	2.5	805
#E5C7C4	48111	3.5	806
#E5C7C4	48111.5	4	806
#E5C7C4	48112	3.5	806
#E5C7C4	48111.5	3	806
#FDFAFA	48111.5	4	807
#FDFAFA	48112	4.5	807
#FDFAFA	48112.5	4	807
#FDFAFA	48112	3.5	807
#FCF7F7	48112	4.5	808
#FCF7F7	48112.5	5	808
#FCF7F7	48113	4.5	808
#FCF7F7	48112.5	4	808
#FFFEFE	48112.5	5	809
#FFFEFE	48113	5.5	809
#FFFEFE	48113.5	5	809
#FFFEFE	48113	4.5	809
#FDFCFE	48113	5.5	810
#FDFCFE	48113.5	6	810
#FDFCFE	48114	5.5	810
#FDFCFE	48113.5	5	810
#FCF8F8	48113.5	6	811
#FCF8F8	48114	6.5	811
#FCF8F8	48114.5	6	811
#FCF8F8	48114	5.5	811
#FCF8F7	48114	6.5	812
#FCF8F7	48114.5	7	812
#FCF8F7	48115	6.5	812
#FCF8F7	48114.5	6	812
#F8EFEE	48114.5	7	813
#F8EFEE	48115	7.5	813
#F8EFEE	48115.5	7	813
#F8EFEE	48115	6.5	813
#FBF6F5	48115	7.5	814
#FBF6F5	48115.5	8	814
#FBF6F5	48116	7.5	814
#FBF6F5	48115.5	7	814
#F8F0EF	48115.5	8	815
#F8F0EF	48116	8.5	815
#F8F0EF	48116.5	8	815
#F8F0EF	48116	7.5	815
#FBF6F5	48116	8.5	816
#FBF6F5	48116.5	9	816
#FBF6F5	48117	8.5	816
#FBF6F5	48116.5	8	816
#F8EEED	48116.5	9	817
#F8EEED	48117	9.5	817
#F8EEED	48117.5	9	817
#F8EEED	48117	8.5	817
#FCF8F7	48117	9.5	818
#FCF8F7	48117.5	10	818
#FCF8F7	48118	9.5	818
#FCF8F7	48117.5	9	818
#FCF8F7	48117.5	10	819
#FCF8F7	48118	10.5	819
#FCF8F7	48118.5	10	819
#FCF8F7	48118	9.5	819
#F3E4E2	48118	10.5	820
#F3E4E2	48118.5	11	820
#F3E4E2	48119	10.5	820
#F3E4E2	48118.5	10	820
#FEFDFD	48118.5	11	821
#FEFDFD	48119	11.5	821
#FEFDFD	48119.5	11	821
#FEFDFD	48119	10.5	821
#F1DFDD	48119	11.5	822
#F1DFDD	48119.5	12	822
#F1DFDD	48120	11.5	822
#F1DFDD	48119.5	11	822
#EED9D6	48119.5	12	823
#EED9D6	48120	12.5	823
#EED9D6	48120.5	12	823
#EED9D6	48120	11.5	823
#E6C8C4	48120	12.5	824
#E6C8C4	48120.5	13	824
#E6C8C4	48121	12.5	824
#E6C8C4	48120.5	12	824
#ECD4D1	48120.5	13	825
#ECD4D1	48121	13.5	825
#ECD4D1	48121.5	13	825
#ECD4D1	48121	12.5	825
#F9F1F0	48121	13.5	826
#F9F1F0	48121.5	14	826
#F9F1F0	48122	13.5	826
#F9F1F0	48121.5	13	826
#FEFCFC	48121.5	14	827
#FEFCFC	48122	14.5	827
#FEFCFC	48122.5	14	827
#FEFCFC	48122	13.5	827
#FDF9F9	48122	14.5	828
#FDF9F9	48122.5	15	828
#FDF9F9	48123	14.5	828
#FDF9F9	48122.5	14	828
#F9F1F0	48122.5	15	829
#F9F1F0	48123	15.5	829
#F9F1F0	48123.5	15	829
#F9F1F0	48123	14.5	829
#F9F2F1	48123	15.5	830
#F9F2F1	48123.5	16	830
#F9F2F1	48124	15.5	830
#F9F2F1	48123.5	15	830
#F0DDDA	48123.5	16	831
#F0DDDA	48124	16.5	831
#F0DDDA	48124.5	16	831
#F0DDDA	48124	15.5	831
#EDD7D5	48124	16.5	832
#EDD7D5	48124.5	17	832
#EDD7D5	48125	16.5	832
#EDD7D5	48124.5	16	832
#F7ECEB	48124.5	17	833
#F7ECEB	48125	17.5	833
#F7ECEB	48125.5	17	833
#F7ECEB	48125	16.5	833
#FAF2F1	48125	17.5	834
#FAF2F1	48125.5	18	834
#FAF2F1	48126	17.5	834
#FAF2F1	48125.5	17	834
#EED9D6	48125.5	18	835
#EED9D6	48126	18.5	835
#EED9D6	48126.5	18	835
#EED9D6	48126	17.5	835
#F2E1DE	48126	18.5	836
#F2E1DE	48126.5	19	836
#F2E1DE	48127	18.5	836
#F2E1DE	48126.5	18	836
#F7EDEC	48126.5	19	837
#F7EDEC	48127	19.5	837
#F7EDEC	48127.5	19	837
#F7EDEC	48127	18.5	837
#FCF7F7	48127	19.5	838
#FCF7F7	48127.5	20	838
#FCF7F7	48128	19.5	838
#FCF7F7	48127.5	19	838
#F5E8E6	48127.5	20	839
#F5E8E6	48128	20.5	839
#F5E8E6	48128.5	20	839
#F5E8E6	48128	19.5	839
#F9F0EF	48128	20.5	840
#F9F0EF	48128.5	21	840
#F9F0EF	48129	20.5	840
#F9F0EF	48128.5	20	840
#FCF7F6	48128.5	21	841
#FCF7F6	48129	21.5	841
#FCF7F6	48129.5	21	841
#FCF7F6	48129	20.5	841
#FDFBFA	48129	21.5	842
#FDFBFA	48129.5	22	842
#FDFBFA	48130	21.5	842
#FDFBFA	48129.5	21	842
#FBF7F6	48129.5	22	843
#FBF7F6	48130	22.5	843
#FBF7F6	48130.5	22	843
#FBF7F6	48130	21.5	843
#FBF6F6	48130	22.5	844
#FBF6F6	48130.5	23	844
#FBF6F6	48131	22.5	844
#FBF6F6	48130.5	22	844
#FEFEFF	48130.5	23	845
#FEFEFF	48131	23.5	845
#FEFEFF	48131.5	23	845
#FEFEFF	48131	22.5	845
#FFFEFF	48131	23.5	846
#FFFEFF	48131.5	24	846
#FFFEFF	48132	23.5	846
#FFFEFF	48131.5	23	846
#FBF6F6	48131.5	24	847
#FBF6F6	48132	24.5	847
#FBF6F6	48132.5	24	847
#FBF6F6	48132	23.5	847
#FFFEFE	48132	24.5	848
#FFFEFE	48132.5	25	848
#FFFEFE	48133	24.5	848
#FFFEFE	48132.5	24	848
#BF817A	48108.5	0	849
#BF817A	48109	0.5	849
#BF817A	48109.5	0	849
#BF817A	48109	-0.5	849
#E6C9C6	48109	0.5	850
#E6C9C6	48109.5	1	850
#E6C9C6	48110	0.5	850
#E6C9C6	48109.5	0	850
#F7ECEB	48109.5	1	851
#F7ECEB	48110	1.5	851
#F7ECEB	48110.5	1	851
#F7ECEB	48110	0.5	851
#EED9D7	48110	1.5	852
#EED9D7	48110.5	2	852
#EED9D7	48111	1.5	852
#EED9D7	48110.5	1	852
#F3E3E1	48110.5	2	853
#F3E3E1	48111	2.5	853
#F3E3E1	48111.5	2	853
#F3E3E1	48111	1.5	853
#E2C2BD	48111	2.5	854
#E2C2BD	48111.5	3	854
#E2C2BD	48112	2.5	854
#E2C2BD	48111.5	2	854
#E1BFBB	48111.5	3	855
#E1BFBB	48112	3.5	855
#E1BFBB	48112.5	3	855
#E1BFBB	48112	2.5	855
#F8EEED	48112	3.5	856
#F8EEED	48112.5	4	856
#F8EEED	48113	3.5	856
#F8EEED	48112.5	3	856
#F4E6E4	48112.5	4	857
#F4E6E4	48113	4.5	857
#F4E6E4	48113.5	4	857
#F4E6E4	48113	3.5	857
#FBF6F5	48113	4.5	858
#FBF6F5	48113.5	5	858
#FBF6F5	48114	4.5	858
#FBF6F5	48113.5	4	858
#F9F2F1	48113.5	5	859
#F9F2F1	48114	5.5	859
#F9F2F1	48114.5	5	859
#F9F2F1	48114	4.5	859
#FDFDFE	48114	5.5	860
#FDFDFE	48114.5	6	860
#FDFDFE	48115	5.5	860
#FDFDFE	48114.5	5	860
#FFFFFF	48114.5	6	861
#FFFFFF	48115	6.5	861
#FFFFFF	48115.5	6	861
#FFFFFF	48115	5.5	861
#FFFFFF	48115	6.5	862
#FFFFFF	48115.5	7	862
#FFFFFF	48116	6.5	862
#FFFFFF	48115.5	6	862
#FDFDFE	48115.5	7	863
#FDFDFE	48116	7.5	863
#FDFDFE	48116.5	7	863
#FDFDFE	48116	6.5	863
#FBF6F5	48116	7.5	864
#FBF6F5	48116.5	8	864
#FBF6F5	48117	7.5	864
#FBF6F5	48116.5	7	864
#FFFFFF	48116.5	8	865
#FFFFFF	48117	8.5	865
#FFFFFF	48117.5	8	865
#FFFFFF	48117	7.5	865
#FCF7F7	48117	8.5	866
#FCF7F7	48117.5	9	866
#FCF7F7	48118	8.5	866
#FCF7F7	48117.5	8	866
#F8EFEE	48117.5	9	867
#F8EFEE	48118	9.5	867
#F8EFEE	48118.5	9	867
#F8EFEE	48118	8.5	867
#F9F1F0	48118	9.5	868
#F9F1F0	48118.5	10	868
#F9F1F0	48119	9.5	868
#F9F1F0	48118.5	9	868
#FBF5F5	48118.5	10	869
#FBF5F5	48119	10.5	869
#FBF5F5	48119.5	10	869
#FBF5F5	48119	9.5	869
#FCF7F7	48119	10.5	870
#FCF7F7	48119.5	11	870
#FCF7F7	48120	10.5	870
#FCF7F7	48119.5	10	870
#F7ECEA	48119.5	11	871
#F7ECEA	48120	11.5	871
#F7ECEA	48120.5	11	871
#F7ECEA	48120	10.5	871
#FBF6F5	48120	11.5	872
#FBF6F5	48120.5	12	872
#FBF6F5	48121	11.5	872
#FBF6F5	48120.5	11	872
#F0DEDB	48120.5	12	873
#F0DEDB	48121	12.5	873
#F0DEDB	48121.5	12	873
#F0DEDB	48121	11.5	873
#F5E9E7	48121	12.5	874
#F5E9E7	48121.5	13	874
#F5E9E7	48122	12.5	874
#F5E9E7	48121.5	12	874
#F9F1EF	48121.5	13	875
#F9F1EF	48122	13.5	875
#F9F1EF	48122.5	13	875
#F9F1EF	48122	12.5	875
#FCF9F9	48122	13.5	876
#FCF9F9	48122.5	14	876
#FCF9F9	48123	13.5	876
#FCF9F9	48122.5	13	876
#F1E0DE	48122.5	14	877
#F1E0DE	48123	14.5	877
#F1E0DE	48123.5	14	877
#F1E0DE	48123	13.5	877
#FAF3F2	48123	14.5	878
#FAF3F2	48123.5	15	878
#FAF3F2	48124	14.5	878
#FAF3F2	48123.5	14	878
#F3E4E2	48123.5	15	879
#F3E4E2	48124	15.5	879
#F3E4E2	48124.5	15	879
#F3E4E2	48124	14.5	879
#F6EBE9	48124	15.5	880
#F6EBE9	48124.5	16	880
#F6EBE9	48125	15.5	880
#F6EBE9	48124.5	15	880
#F2E1DF	48124.5	16	881
#F2E1DF	48125	16.5	881
#F2E1DF	48125.5	16	881
#F2E1DF	48125	15.5	881
#FBF6F5	48125	16.5	882
#FBF6F5	48125.5	17	882
#FBF6F5	48126	16.5	882
#FBF6F5	48125.5	16	882
#F4E6E4	48125.5	17	883
#F4E6E4	48126	17.5	883
#F4E6E4	48126.5	17	883
#F4E6E4	48126	16.5	883
#FCF8F7	48126	17.5	884
#FCF8F7	48126.5	18	884
#FCF8F7	48127	17.5	884
#FCF8F7	48126.5	17	884
#F7ECEA	48126.5	18	885
#F7ECEA	48127	18.5	885
#F7ECEA	48127.5	18	885
#F7ECEA	48127	17.5	885
#F7ECEB	48127	18.5	886
#F7ECEB	48127.5	19	886
#F7ECEB	48128	18.5	886
#F7ECEB	48127.5	18	886
#FDFAF9	48127.5	19	887
#FDFAF9	48128	19.5	887
#FDFAF9	48128.5	19	887
#FDFAF9	48128	18.5	887
#FCF8F8	48128	19.5	888
#FCF8F8	48128.5	20	888
#FCF8F8	48129	19.5	888
#FCF8F8	48128.5	19	888
#FEFDFD	48128.5	20	889
#FEFDFD	48129	20.5	889
#FEFDFD	48129.5	20	889
#FEFDFD	48129	19.5	889
#FFFFFF	48129	20.5	890
#FFFFFF	48129.5	21	890
#FFFFFF	48130	20.5	890
#FFFFFF	48129.5	20	890
#FCF8F8	48129.5	21	891
#FCF8F8	48130	21.5	891
#FCF8F8	48130.5	21	891
#FCF8F8	48130	20.5	891
#FBF5F4	48130	21.5	892
#FBF5F4	48130.5	22	892
#FBF5F4	48131	21.5	892
#FBF5F4	48130.5	21	892
#FEFDFD	48130.5	22	893
#FEFDFD	48131	22.5	893
#FEFDFD	48131.5	22	893
#FEFDFD	48131	21.5	893
#FDFDFE	48131	22.5	894
#FDFDFE	48131.5	23	894
#FDFDFE	48132	22.5	894
#FDFDFE	48131.5	22	894
#FCF9F8	48131.5	23	895
#FCF9F8	48132	23.5	895
#FCF9F8	48132.5	23	895
#FCF9F8	48132	22.5	895
#FFFEFE	48132	23.5	896
#FFFEFE	48132.5	24	896
#FFFEFE	48133	23.5	896
#FFFEFE	48132.5	23	896
#FEFCFC	48132.5	24	897
#FEFCFC	48133	24.5	897
#FEFCFC	48133.5	24	897
#FEFCFC	48133	23.5	897
#FFFFFF	48133	24.5	898
#FFFFFF	48133.5	25	898
#FFFFFF	48134	24.5	898
#FFFFFF	48133.5	24	898
#CF9D97	48109.5	0	899
#CF9D97	48110	0.5	899
#CF9D97	48110.5	0	899
#CF9D97	48110	-0.5	899
#F0DDDB	48110	0.5	900
#F0DDDB	48110.5	1	900
#F0DDDB	48111	0.5	900
#F0DDDB	48110.5	0	900
#F4E5E3	48110.5	1	901
#F4E5E3	48111	1.5	901
#F4E5E3	48111.5	1	901
#F4E5E3	48111	0.5	901
#ECD5D2	48111	1.5	902
#ECD5D2	48111.5	2	902
#ECD5D2	48112	1.5	902
#ECD5D2	48111.5	1	902
#DBB4AE	48111.5	2	903
#DBB4AE	48112	2.5	903
#DBB4AE	48112.5	2	903
#DBB4AE	48112	1.5	903
#E9CECB	48112	2.5	904
#E9CECB	48112.5	3	904
#E9CECB	48113	2.5	904
#E9CECB	48112.5	2	904
#FFFEFE	48112.5	3	905
#FFFEFE	48113	3.5	905
#FFFEFE	48113.5	3	905
#FFFEFE	48113	2.5	905
#FAF4F3	48113	3.5	906
#FAF4F3	48113.5	4	906
#FAF4F3	48114	3.5	906
#FAF4F3	48113.5	3	906
#FFFEFE	48113.5	4	907
#FFFEFE	48114	4.5	907
#FFFEFE	48114.5	4	907
#FFFEFE	48114	3.5	907
#FAF4F4	48114	4.5	908
#FAF4F4	48114.5	5	908
#FAF4F4	48115	4.5	908
#FAF4F4	48114.5	4	908
#FEFEFF	48114.5	5	909
#FEFEFF	48115	5.5	909
#FEFEFF	48115.5	5	909
#FEFEFF	48115	4.5	909
#FCFBFD	48115	5.5	910
#FCFBFD	48115.5	6	910
#FCFBFD	48116	5.5	910
#FCFBFD	48115.5	5	910
#FDFCFE	48115.5	6	911
#FDFCFE	48116	6.5	911
#FDFCFE	48116.5	6	911
#FDFCFE	48116	5.5	911
#FFFFFF	48116	6.5	912
#FFFFFF	48116.5	7	912
#FFFFFF	48117	6.5	912
#FFFFFF	48116.5	6	912
#FCF8F8	48116.5	7	913
#FCF8F8	48117	7.5	913
#FCF8F8	48117.5	7	913
#FCF8F8	48117	6.5	913
#FAF9FC	48117	7.5	914
#FAF9FC	48117.5	8	914
#FAF9FC	48118	7.5	914
#FAF9FC	48117.5	7	914
#FEFDFE	48117.5	8	915
#FEFDFE	48118	8.5	915
#FEFDFE	48118.5	8	915
#FEFDFE	48118	7.5	915
#FDFBFB	48118	8.5	916
#FDFBFB	48118.5	9	916
#FDFBFB	48119	8.5	916
#FDFBFB	48118.5	8	916
#FDF9F9	48118.5	9	917
#FDF9F9	48119	9.5	917
#FDF9F9	48119.5	9	917
#FDF9F9	48119	8.5	917
#F8EEED	48119	9.5	918
#F8EEED	48119.5	10	918
#F8EEED	48120	9.5	918
#F8EEED	48119.5	9	918
#FEFDFD	48119.5	10	919
#FEFDFD	48120	10.5	919
#FEFDFD	48120.5	10	919
#FEFDFD	48120	9.5	919
#FDFBFB	48120	10.5	920
#FDFBFB	48120.5	11	920
#FDFBFB	48121	10.5	920
#FDFBFB	48120.5	10	920
#F8EFEE	48120.5	11	921
#F8EFEE	48121	11.5	921
#F8EFEE	48121.5	11	921
#F8EFEE	48121	10.5	921
#F2E2DF	48121	11.5	922
#F2E2DF	48121.5	12	922
#F2E2DF	48122	11.5	922
#F2E2DF	48121.5	11	922
#F3E3E1	48121.5	12	923
#F3E3E1	48122	12.5	923
#F3E3E1	48122.5	12	923
#F3E3E1	48122	11.5	923
#FEFEFE	48122	12.5	924
#FEFEFE	48122.5	13	924
#FEFEFE	48123	12.5	924
#FEFEFE	48122.5	12	924
#F7EDEB	48122.5	13	925
#F7EDEB	48123	13.5	925
#F7EDEB	48123.5	13	925
#F7EDEB	48123	12.5	925
#FCF9F8	48123	13.5	926
#FCF9F8	48123.5	14	926
#FCF9F8	48124	13.5	926
#FCF9F8	48123.5	13	926
#F6EAE8	48123.5	14	927
#F6EAE8	48124	14.5	927
#F6EAE8	48124.5	14	927
#F6EAE8	48124	13.5	927
#F1DFDD	48124	14.5	928
#F1DFDD	48124.5	15	928
#F1DFDD	48125	14.5	928
#F1DFDD	48124.5	14	928
#FAF2F1	48124.5	15	929
#FAF2F1	48125	15.5	929
#FAF2F1	48125.5	15	929
#FAF2F1	48125	14.5	929
#F5E8E6	48125	15.5	930
#F5E8E6	48125.5	16	930
#F5E8E6	48126	15.5	930
#F5E8E6	48125.5	15	930
#F9F0EF	48125.5	16	931
#F9F0EF	48126	16.5	931
#F9F0EF	48126.5	16	931
#F9F0EF	48126	15.5	931
#F4E5E3	48126	16.5	932
#F4E5E3	48126.5	17	932
#F4E5E3	48127	16.5	932
#F4E5E3	48126.5	16	932
#F8EFED	48126.5	17	933
#F8EFED	48127	17.5	933
#F8EFED	48127.5	17	933
#F8EFED	48127	16.5	933
#F4E6E4	48127	17.5	934
#F4E6E4	48127.5	18	934
#F4E6E4	48128	17.5	934
#F4E6E4	48127.5	17	934
#F3E4E2	48127.5	18	935
#F3E4E2	48128	18.5	935
#F3E4E2	48128.5	18	935
#F3E4E2	48128	17.5	935
#FBF6F6	48128	18.5	936
#FBF6F6	48128.5	19	936
#FBF6F6	48129	18.5	936
#FBF6F6	48128.5	18	936
#FCF8F7	48128.5	19	937
#FCF8F7	48129	19.5	937
#FCF8F7	48129.5	19	937
#FCF8F7	48129	18.5	937
#FEFCFC	48129	19.5	938
#FEFCFC	48129.5	20	938
#FEFCFC	48130	19.5	938
#FEFCFC	48129.5	19	938
#FEFDFD	48129.5	20	939
#FEFDFD	48130	20.5	939
#FEFDFD	48130.5	20	939
#FEFDFD	48130	19.5	939
#FBF6F6	48130	20.5	940
#FBF6F6	48130.5	21	940
#FBF6F6	48131	20.5	940
#FBF6F6	48130.5	20	940
#FFFEFE	48130.5	21	941
#FFFEFE	48131	21.5	941
#FFFEFE	48131.5	21	941
#FFFEFE	48131	20.5	941
#FDFBFB	48131	21.5	942
#FDFBFB	48131.5	22	942
#FDFBFB	48132	21.5	942
#FDFBFB	48131.5	21	942
#FAF9FC	48131.5	22	943
#FAF9FC	48132	22.5	943
#FAF9FC	48132.5	22	943
#FAF9FC	48132	21.5	943
#FEFEFF	48132	22.5	944
#FEFEFF	48132.5	23	944
#FEFEFF	48133	22.5	944
#FEFEFF	48132.5	22	944
#FEFDFE	48132.5	23	945
#FEFDFE	48133	23.5	945
#FEFDFE	48133.5	23	945
#FEFDFE	48133	22.5	945
#FAF9FC	48133	23.5	946
#FAF9FC	48133.5	24	946
#FAF9FC	48134	23.5	946
#FAF9FC	48133.5	23	946
#FDFCFE	48133.5	24	947
#FDFCFE	48134	24.5	947
#FDFCFE	48134.5	24	947
#FDFCFE	48134	23.5	947
#FCF8F7	48134	24.5	948
#FCF8F7	48134.5	25	948
#FCF8F7	48135	24.5	948
#FCF8F7	48134.5	24	948
#C78F88	48110.5	0	949
#C78F88	48111	0.5	949
#C78F88	48111.5	0	949
#C78F88	48111	-0.5	949
#E3C3BF	48111	0.5	950
#E3C3BF	48111.5	1	950
#E3C3BF	48112	0.5	950
#E3C3BF	48111.5	0	950
#D4A7A1	48111.5	1	951
#D4A7A1	48112	1.5	951
#D4A7A1	48112.5	1	951
#D4A7A1	48112	0.5	951
#C38881	48112	1.5	952
#C38881	48112.5	2	952
#C38881	48113	1.5	952
#C38881	48112.5	1	952
#E0BCB7	48112.5	2	953
#E0BCB7	48113	2.5	953
#E0BCB7	48113.5	2	953
#E0BCB7	48113	1.5	953
#F7EEEC	48113	2.5	954
#F7EEEC	48113.5	3	954
#F7EEEC	48114	2.5	954
#F7EEEC	48113.5	2	954
#E6C9C5	48113.5	3	955
#E6C9C5	48114	3.5	955
#E6C9C5	48114.5	3	955
#E6C9C5	48114	2.5	955
#F5E8E7	48114	3.5	956
#F5E8E7	48114.5	4	956
#F5E8E7	48115	3.5	956
#F5E8E7	48114.5	3	956
#F4E6E4	48114.5	4	957
#F4E6E4	48115	4.5	957
#F4E6E4	48115.5	4	957
#F4E6E4	48115	3.5	957
#FDFAF9	48115	4.5	958
#FDFAF9	48115.5	5	958
#FDFAF9	48116	4.5	958
#FDFAF9	48115.5	4	958
#FCFBFD	48115.5	5	959
#FCFBFD	48116	5.5	959
#FCFBFD	48116.5	5	959
#FCFBFD	48116	4.5	959
#FEFCFC	48116	5.5	960
#FEFCFC	48116.5	6	960
#FEFCFC	48117	5.5	960
#FEFCFC	48116.5	5	960
#FEFEFE	48116.5	6	961
#FEFEFE	48117	6.5	961
#FEFEFE	48117.5	6	961
#FEFEFE	48117	5.5	961
#FDFDFE	48117	6.5	962
#FDFDFE	48117.5	7	962
#FDFDFE	48118	6.5	962
#FDFDFE	48117.5	6	962
#FFFEFE	48117.5	7	963
#FFFEFE	48118	7.5	963
#FFFEFE	48118.5	7	963
#FFFEFE	48118	6.5	963
#FEFCFC	48118	7.5	964
#FEFCFC	48118.5	8	964
#FEFCFC	48119	7.5	964
#FEFCFC	48118.5	7	964
#F7ECEB	48118.5	8	965
#F7ECEB	48119	8.5	965
#F7ECEB	48119.5	8	965
#F7ECEB	48119	7.5	965
#FEFEFF	48119	8.5	966
#FEFEFF	48119.5	9	966
#FEFEFF	48120	8.5	966
#FEFEFF	48119.5	8	966
#FAF2F1	48119.5	9	967
#FAF2F1	48120	9.5	967
#FAF2F1	48120.5	9	967
#FAF2F1	48120	8.5	967
#FDFAFA	48120	9.5	968
#FDFAFA	48120.5	10	968
#FDFAFA	48121	9.5	968
#FDFAFA	48120.5	9	968
#FDFBFB	48120.5	10	969
#FDFBFB	48121	10.5	969
#FDFBFB	48121.5	10	969
#FDFBFB	48121	9.5	969
#F3E3E1	48121	10.5	970
#F3E3E1	48121.5	11	970
#F3E3E1	48122	10.5	970
#F3E3E1	48121.5	10	970
#EDD7D4	48121.5	11	971
#EDD7D4	48122	11.5	971
#EDD7D4	48122.5	11	971
#EDD7D4	48122	10.5	971
#F1DFDC	48122	11.5	972
#F1DFDC	48122.5	12	972
#F1DFDC	48123	11.5	972
#F1DFDC	48122.5	11	972
#FEFCFB	48122.5	12	973
#FEFCFB	48123	12.5	973
#FEFCFB	48123.5	12	973
#FEFCFB	48123	11.5	973
#FCF8F7	48123	12.5	974
#FCF8F7	48123.5	13	974
#FCF8F7	48124	12.5	974
#FCF8F7	48123.5	12	974
#FBF6F5	48123.5	13	975
#FBF6F5	48124	13.5	975
#FBF6F5	48124.5	13	975
#FBF6F5	48124	12.5	975
#F3E4E2	48124	13.5	976
#F3E4E2	48124.5	14	976
#F3E4E2	48125	13.5	976
#F3E4E2	48124.5	13	976
#F7EDEC	48124.5	14	977
#F7EDEC	48125	14.5	977
#F7EDEC	48125.5	14	977
#F7EDEC	48125	13.5	977
#F5E7E5	48125	14.5	978
#F5E7E5	48125.5	15	978
#F5E7E5	48126	14.5	978
#F5E7E5	48125.5	14	978
#FAF3F2	48125.5	15	979
#FAF3F2	48126	15.5	979
#FAF3F2	48126.5	15	979
#FAF3F2	48126	14.5	979
#F9F0EF	48126	15.5	980
#F9F0EF	48126.5	16	980
#F9F0EF	48127	15.5	980
#F9F0EF	48126.5	15	980
#F9F2F1	48126.5	16	981
#F9F2F1	48127	16.5	981
#F9F2F1	48127.5	16	981
#F9F2F1	48127	15.5	981
#F2E2E0	48127	16.5	982
#F2E2E0	48127.5	17	982
#F2E2E0	48128	16.5	982
#F2E2E0	48127.5	16	982
#F7EEEC	48127.5	17	983
#F7EEEC	48128	17.5	983
#F7EEEC	48128.5	17	983
#F7EEEC	48128	16.5	983
#F4E5E3	48128	17.5	984
#F4E5E3	48128.5	18	984
#F4E5E3	48129	17.5	984
#F4E5E3	48128.5	17	984
#F6EBE9	48128.5	18	985
#F6EBE9	48129	18.5	985
#F6EBE9	48129.5	18	985
#F6EBE9	48129	17.5	985
#FDFAFA	48129	18.5	986
#FDFAFA	48129.5	19	986
#FDFAFA	48130	18.5	986
#FDFAFA	48129.5	18	986
#FCF9F8	48129.5	19	987
#FCF9F8	48130	19.5	987
#FCF9F8	48130.5	19	987
#FCF9F8	48130	18.5	987
#FCF7F7	48130	19.5	988
#FCF7F7	48130.5	20	988
#FCF7F7	48131	19.5	988
#FCF7F7	48130.5	19	988
#FDFAF9	48130.5	20	989
#FDFAF9	48131	20.5	989
#FDFAF9	48131.5	20	989
#FDFAF9	48131	19.5	989
#FBF6F5	48131	20.5	990
#FBF6F5	48131.5	21	990
#FBF6F5	48132	20.5	990
#FBF6F5	48131.5	20	990
#FCFCFE	48131.5	21	991
#FCFCFE	48132	21.5	991
#FCFCFE	48132.5	21	991
#FCFCFE	48132	20.5	991
#FBFBFD	48132	21.5	992
#FBFBFD	48132.5	22	992
#FBFBFD	48133	21.5	992
#FBFBFD	48132.5	21	992
#FDFDFE	48132.5	22	993
#FDFDFE	48133	22.5	993
#FDFDFE	48133.5	22	993
#FDFDFE	48133	21.5	993
#FBFAFD	48133	22.5	994
#FBFAFD	48133.5	23	994
#FBFAFD	48134	22.5	994
#FBFAFD	48133.5	22	994
#FCF9F8	48133.5	23	995
#FCF9F8	48134	23.5	995
#FCF9F8	48134.5	23	995
#FCF9F8	48134	22.5	995
#FDFCFE	48134	23.5	996
#FDFCFE	48134.5	24	996
#FDFCFE	48135	23.5	996
#FDFCFE	48134.5	23	996
#FEFCFC	48134.5	24	997
#FEFCFC	48135	24.5	997
#FEFCFC	48135.5	24	997
#FEFCFC	48135	23.5	997
#F8F7FB	48135	24.5	998
#F8F7FB	48135.5	25	998
#F8F7FB	48136	24.5	998
#F8F7FB	48135.5	24	998
#AC635B	48111.5	0	999
#AC635B	48112	0.5	999
#AC635B	48112.5	0	999
#AC635B	48112	-0.5	999
#E6C8C4	48112	0.5	1000
#E6C8C4	48112.5	1	1000
#E6C8C4	48113	0.5	1000
#E6C8C4	48112.5	0	1000
#CA938D	48112.5	1	1001
#CA938D	48113	1.5	1001
#CA938D	48113.5	1	1001
#CA938D	48113	0.5	1001
#E7CAC6	48113	1.5	1002
#E7CAC6	48113.5	2	1002
#E7CAC6	48114	1.5	1002
#E7CAC6	48113.5	1	1002
#FEFDFC	48113.5	2	1003
#FEFDFC	48114	2.5	1003
#FEFDFC	48114.5	2	1003
#FEFDFC	48114	1.5	1003
#F1DFDC	48114	2.5	1004
#F1DFDC	48114.5	3	1004
#F1DFDC	48115	2.5	1004
#F1DFDC	48114.5	2	1004
#FAFAFD	48114.5	3	1005
#FAFAFD	48115	3.5	1005
#FAFAFD	48115.5	3	1005
#FAFAFD	48115	2.5	1005
#FFFEFE	48115	3.5	1006
#FFFEFE	48115.5	4	1006
#FFFEFE	48116	3.5	1006
#FFFEFE	48115.5	3	1006
#F6F4FA	48115.5	4	1007
#F6F4FA	48116	4.5	1007
#F6F4FA	48116.5	4	1007
#F6F4FA	48116	3.5	1007
#E8E4F2	48116	4.5	1008
#E8E4F2	48116.5	5	1008
#E8E4F2	48117	4.5	1008
#E8E4F2	48116.5	4	1008
#F9F8FC	48116.5	5	1009
#F9F8FC	48117	5.5	1009
#F9F8FC	48117.5	5	1009
#F9F8FC	48117	4.5	1009
#F6F4FA	48117	5.5	1010
#F6F4FA	48117.5	6	1010
#F6F4FA	48118	5.5	1010
#F6F4FA	48117.5	5	1010
#FFFFFF	48117.5	6	1011
#FFFFFF	48118	6.5	1011
#FFFFFF	48118.5	6	1011
#FFFFFF	48118	5.5	1011
#F5F3F9	48118	6.5	1012
#F5F3F9	48118.5	7	1012
#F5F3F9	48119	6.5	1012
#F5F3F9	48118.5	6	1012
#FEFEFE	48118.5	7	1013
#FEFEFE	48119	7.5	1013
#FEFEFE	48119.5	7	1013
#FEFEFE	48119	6.5	1013
#FEFEFE	48119	7.5	1014
#FEFEFE	48119.5	8	1014
#FEFEFE	48120	7.5	1014
#FEFEFE	48119.5	7	1014
#FFFEFE	48119.5	8	1015
#FFFEFE	48120	8.5	1015
#FFFEFE	48120.5	8	1015
#FFFEFE	48120	7.5	1015
#FEFCFC	48120	8.5	1016
#FEFCFC	48120.5	9	1016
#FEFCFC	48121	8.5	1016
#FEFCFC	48120.5	8	1016
#FDFCFE	48120.5	9	1017
#FDFCFE	48121	9.5	1017
#FDFCFE	48121.5	9	1017
#FDFCFE	48121	8.5	1017
#FBFBFD	48121	9.5	1018
#FBFBFD	48121.5	10	1018
#FBFBFD	48122	9.5	1018
#FBFBFD	48121.5	9	1018
#FEFCFC	48121.5	10	1019
#FEFCFC	48122	10.5	1019
#FEFCFC	48122.5	10	1019
#FEFCFC	48122	9.5	1019
#EDD8D5	48122	10.5	1020
#EDD8D5	48122.5	11	1020
#EDD8D5	48123	10.5	1020
#EDD8D5	48122.5	10	1020
#FAF5F4	48122.5	11	1021
#FAF5F4	48123	11.5	1021
#FAF5F4	48123.5	11	1021
#FAF5F4	48123	10.5	1021
#FFFFFF	48123	11.5	1022
#FFFFFF	48123.5	12	1022
#FFFFFF	48124	11.5	1022
#FFFFFF	48123.5	11	1022
#FCF8F7	48123.5	12	1023
#FCF8F7	48124	12.5	1023
#FCF8F7	48124.5	12	1023
#FCF8F7	48124	11.5	1023
#F7ECEA	48124	12.5	1024
#F7ECEA	48124.5	13	1024
#F7ECEA	48125	12.5	1024
#F7ECEA	48124.5	12	1024
#FBF6F6	48124.5	13	1025
#FBF6F6	48125	13.5	1025
#FBF6F6	48125.5	13	1025
#FBF6F6	48125	12.5	1025
#FDFAFA	48125	13.5	1026
#FDFAFA	48125.5	14	1026
#FDFAFA	48126	13.5	1026
#FDFAFA	48125.5	13	1026
#F4E7E5	48125.5	14	1027
#F4E7E5	48126	14.5	1027
#F4E7E5	48126.5	14	1027
#F4E7E5	48126	13.5	1027
#F8F0EE	48126	14.5	1028
#F8F0EE	48126.5	15	1028
#F8F0EE	48127	14.5	1028
#F8F0EE	48126.5	14	1028
#FBF5F4	48126.5	15	1029
#FBF5F4	48127	15.5	1029
#FBF5F4	48127.5	15	1029
#FBF5F4	48127	14.5	1029
#F6EAE8	48127	15.5	1030
#F6EAE8	48127.5	16	1030
#F6EAE8	48128	15.5	1030
#F6EAE8	48127.5	15	1030
#F9F0EF	48127.5	16	1031
#F9F0EF	48128	16.5	1031
#F9F0EF	48128.5	16	1031
#F9F0EF	48128	15.5	1031
#FBF7F6	48128	16.5	1032
#FBF7F6	48128.5	17	1032
#FBF7F6	48129	16.5	1032
#FBF7F6	48128.5	16	1032
#F9F0EF	48128.5	17	1033
#F9F0EF	48129	17.5	1033
#F9F0EF	48129.5	17	1033
#F9F0EF	48129	16.5	1033
#FBF5F4	48129	17.5	1034
#FBF5F4	48129.5	18	1034
#FBF5F4	48130	17.5	1034
#FBF5F4	48129.5	17	1034
#F9F0EF	48129.5	18	1035
#F9F0EF	48130	18.5	1035
#F9F0EF	48130.5	18	1035
#F9F0EF	48130	17.5	1035
#F9F2F1	48130	18.5	1036
#F9F2F1	48130.5	19	1036
#F9F2F1	48131	18.5	1036
#F9F2F1	48130.5	18	1036
#FEFDFD	48130.5	19	1037
#FEFDFD	48131	19.5	1037
#FEFDFD	48131.5	19	1037
#FEFDFD	48131	18.5	1037
#FFFEFE	48131	19.5	1038
#FFFEFE	48131.5	20	1038
#FFFEFE	48132	19.5	1038
#FFFEFE	48131.5	19	1038
#FEFEFE	48131.5	20	1039
#FEFEFE	48132	20.5	1039
#FEFEFE	48132.5	20	1039
#FEFEFE	48132	19.5	1039
#F8F7FB	48132	20.5	1040
#F8F7FB	48132.5	21	1040
#F8F7FB	48133	20.5	1040
#F8F7FB	48132.5	20	1040
#FAFAFC	48132.5	21	1041
#FAFAFC	48133	21.5	1041
#FAFAFC	48133.5	21	1041
#FAFAFC	48133	20.5	1041
#F9F8FC	48133	21.5	1042
#F9F8FC	48133.5	22	1042
#F9F8FC	48134	21.5	1042
#F9F8FC	48133.5	21	1042
#F8F7FB	48133.5	22	1043
#F8F7FB	48134	22.5	1043
#F8F7FB	48134.5	22	1043
#F8F7FB	48134	21.5	1043
#FCFCFE	48134	22.5	1044
#FCFCFE	48134.5	23	1044
#FCFCFE	48135	22.5	1044
#FCFCFE	48134.5	22	1044
#FFFFFF	48134.5	23	1045
#FFFFFF	48135	23.5	1045
#FFFFFF	48135.5	23	1045
#FFFFFF	48135	22.5	1045
#F9F8FC	48135	23.5	1046
#F9F8FC	48135.5	24	1046
#F9F8FC	48136	23.5	1046
#F9F8FC	48135.5	23	1046
#FEFEFE	48135.5	24	1047
#FEFEFE	48136	24.5	1047
#FEFEFE	48136.5	24	1047
#FEFEFE	48136	23.5	1047
#FCF9F8	48136	24.5	1048
#FCF9F8	48136.5	25	1048
#FCF9F8	48137	24.5	1048
#FCF9F8	48136.5	24	1048
#B26D65	48112.5	0	1049
#B26D65	48113	0.5	1049
#B26D65	48113.5	0	1049
#B26D65	48113	-0.5	1049
#CF9C96	48113	0.5	1050
#CF9C96	48113.5	1	1050
#CF9C96	48114	0.5	1050
#CF9C96	48113.5	0	1050
#C78F88	48113.5	1	1051
#C78F88	48114	1.5	1051
#C78F88	48114.5	1	1051
#C78F88	48114	0.5	1051
#E1BFBB	48114	1.5	1052
#E1BFBB	48114.5	2	1052
#E1BFBB	48115	1.5	1052
#E1BFBB	48114.5	1	1052
#D8ADA8	48114.5	2	1053
#D8ADA8	48115	2.5	1053
#D8ADA8	48115.5	2	1053
#D8ADA8	48115	1.5	1053
#EBD2CF	48115	2.5	1054
#EBD2CF	48115.5	3	1054
#EBD2CF	48116	2.5	1054
#EBD2CF	48115.5	2	1054
#F3E4E2	48115.5	3	1055
#F3E4E2	48116	3.5	1055
#F3E4E2	48116.5	3	1055
#F3E4E2	48116	2.5	1055
#FDFDFE	48116	3.5	1056
#FDFDFE	48116.5	4	1056
#FDFDFE	48117	3.5	1056
#FDFDFE	48116.5	3	1056
#FBFAFD	48116.5	4	1057
#FBFAFD	48117	4.5	1057
#FBFAFD	48117.5	4	1057
#FBFAFD	48117	3.5	1057
#FDFDFE	48117	4.5	1058
#FDFDFE	48117.5	5	1058
#FDFDFE	48118	4.5	1058
#FDFDFE	48117.5	4	1058
#F5F4FA	48117.5	5	1059
#F5F4FA	48118	5.5	1059
#F5F4FA	48118.5	5	1059
#F5F4FA	48118	4.5	1059
#FCFBFD	48118	5.5	1060
#FCFBFD	48118.5	6	1060
#FCFBFD	48119	5.5	1060
#FCFBFD	48118.5	5	1060
#F8F8FB	48118.5	6	1061
#F8F8FB	48119	6.5	1061
#F8F8FB	48119.5	6	1061
#F8F8FB	48119	5.5	1061
#FCF8F7	48119	6.5	1062
#FCF8F7	48119.5	7	1062
#FCF8F7	48120	6.5	1062
#FCF8F7	48119.5	6	1062
#FDFAFA	48119.5	7	1063
#FDFAFA	48120	7.5	1063
#FDFAFA	48120.5	7	1063
#FDFAFA	48120	6.5	1063
#FFFEFE	48120	7.5	1064
#FFFEFE	48120.5	8	1064
#FFFEFE	48121	7.5	1064
#FFFEFE	48120.5	7	1064
#FFFEFE	48120.5	8	1065
#FFFEFE	48121	8.5	1065
#FFFEFE	48121.5	8	1065
#FFFEFE	48121	7.5	1065
#FEFDFE	48121	8.5	1066
#FEFDFE	48121.5	9	1066
#FEFDFE	48122	8.5	1066
#FEFDFE	48121.5	8	1066
#F9F2F1	48121.5	9	1067
#F9F2F1	48122	9.5	1067
#F9F2F1	48122.5	9	1067
#F9F2F1	48122	8.5	1067
#FDFBFB	48122	9.5	1068
#FDFBFB	48122.5	10	1068
#FDFBFB	48123	9.5	1068
#FDFBFB	48122.5	9	1068
#F7ECEB	48122.5	10	1069
#F7ECEB	48123	10.5	1069
#F7ECEB	48123.5	10	1069
#F7ECEB	48123	9.5	1069
#F7EDEB	48123	10.5	1070
#F7EDEB	48123.5	11	1070
#F7EDEB	48124	10.5	1070
#F7EDEB	48123.5	10	1070
#FDF9F9	48123.5	11	1071
#FDF9F9	48124	11.5	1071
#FDF9F9	48124.5	11	1071
#FDF9F9	48124	10.5	1071
#FEFEFD	48124	11.5	1072
#FEFEFD	48124.5	12	1072
#FEFEFD	48125	11.5	1072
#FEFEFD	48124.5	11	1072
#F4E7E5	48124.5	12	1073
#F4E7E5	48125	12.5	1073
#F4E7E5	48125.5	12	1073
#F4E7E5	48125	11.5	1073
#F9F1F0	48125	12.5	1074
#F9F1F0	48125.5	13	1074
#F9F1F0	48126	12.5	1074
#F9F1F0	48125.5	12	1074
#F7ECEA	48125.5	13	1075
#F7ECEA	48126	13.5	1075
#F7ECEA	48126.5	13	1075
#F7ECEA	48126	12.5	1075
#F7ECEB	48126	13.5	1076
#F7ECEB	48126.5	14	1076
#F7ECEB	48127	13.5	1076
#F7ECEB	48126.5	13	1076
#F6EAE8	48126.5	14	1077
#F6EAE8	48127	14.5	1077
#F6EAE8	48127.5	14	1077
#F6EAE8	48127	13.5	1077
#F6EAE9	48127	14.5	1078
#F6EAE9	48127.5	15	1078
#F6EAE9	48128	14.5	1078
#F6EAE9	48127.5	14	1078
#FBF5F5	48127.5	15	1079
#FBF5F5	48128	15.5	1079
#FBF5F5	48128.5	15	1079
#FBF5F5	48128	14.5	1079
#FCF7F7	48128	15.5	1080
#FCF7F7	48128.5	16	1080
#FCF7F7	48129	15.5	1080
#FCF7F7	48128.5	15	1080
#FFFFFF	48128.5	16	1081
#FFFFFF	48129	16.5	1081
#FFFFFF	48129.5	16	1081
#FFFFFF	48129	15.5	1081
#F7ECEA	48129	16.5	1082
#F7ECEA	48129.5	17	1082
#F7ECEA	48130	16.5	1082
#F7ECEA	48129.5	16	1082
#FBF7F6	48129.5	17	1083
#FBF7F6	48130	17.5	1083
#FBF7F6	48130.5	17	1083
#FBF7F6	48130	16.5	1083
#F4E6E4	48130	17.5	1084
#F4E6E4	48130.5	18	1084
#F4E6E4	48131	17.5	1084
#F4E6E4	48130.5	17	1084
#FDFAFA	48130.5	18	1085
#FDFAFA	48131	18.5	1085
#FDFAFA	48131.5	18	1085
#FDFAFA	48131	17.5	1085
#FAF9FC	48131	18.5	1086
#FAF9FC	48131.5	19	1086
#FAF9FC	48132	18.5	1086
#FAF9FC	48131.5	18	1086
#FFFFFF	48131.5	19	1087
#FFFFFF	48132	19.5	1087
#FFFFFF	48132.5	19	1087
#FFFFFF	48132	18.5	1087
#FFFFFF	48132	19.5	1088
#FFFFFF	48132.5	20	1088
#FFFFFF	48133	19.5	1088
#FFFFFF	48132.5	19	1088
#FEFEFE	48132.5	20	1089
#FEFEFE	48133	20.5	1089
#FEFEFE	48133.5	20	1089
#FEFEFE	48133	19.5	1089
#FFFFFF	48133	20.5	1090
#FFFFFF	48133.5	21	1090
#FFFFFF	48134	20.5	1090
#FFFFFF	48133.5	20	1090
#FDFCFE	48133.5	21	1091
#FDFCFE	48134	21.5	1091
#FDFCFE	48134.5	21	1091
#FDFCFE	48134	20.5	1091
#FEFDFD	48134	21.5	1092
#FEFDFD	48134.5	22	1092
#FEFDFD	48135	21.5	1092
#FEFDFD	48134.5	21	1092
#FDFDFE	48134.5	22	1093
#FDFDFE	48135	22.5	1093
#FDFDFE	48135.5	22	1093
#FDFDFE	48135	21.5	1093
#F9F8FC	48135	22.5	1094
#F9F8FC	48135.5	23	1094
#F9F8FC	48136	22.5	1094
#F9F8FC	48135.5	22	1094
#FFFFFF	48135.5	23	1095
#FFFFFF	48136	23.5	1095
#FFFFFF	48136.5	23	1095
#FFFFFF	48136	22.5	1095
#FEFEFF	48136	23.5	1096
#FEFEFF	48136.5	24	1096
#FEFEFF	48137	23.5	1096
#FEFEFF	48136.5	23	1096
#FCFBFD	48136.5	24	1097
#FCFBFD	48137	24.5	1097
#FCFBFD	48137.5	24	1097
#FCFBFD	48137	23.5	1097
#FEFEFE	48137	24.5	1098
#FEFEFE	48137.5	25	1098
#FEFEFE	48138	24.5	1098
#FEFEFE	48137.5	24	1098
#C58C85	48113.5	0	1099
#C58C85	48114	0.5	1099
#C58C85	48114.5	0	1099
#C58C85	48114	-0.5	1099
#E3C3BF	48114	0.5	1100
#E3C3BF	48114.5	1	1100
#E3C3BF	48115	0.5	1100
#E3C3BF	48114.5	0	1100
#D7ABA5	48114.5	1	1101
#D7ABA5	48115	1.5	1101
#D7ABA5	48115.5	1	1101
#D7ABA5	48115	0.5	1101
#CA958E	48115	1.5	1102
#CA958E	48115.5	2	1102
#CA958E	48116	1.5	1102
#CA958E	48115.5	1	1102
#E2C0BC	48115.5	2	1103
#E2C0BC	48116	2.5	1103
#E2C0BC	48116.5	2	1103
#E2C0BC	48116	1.5	1103
#ECD5D2	48116	2.5	1104
#ECD5D2	48116.5	3	1104
#ECD5D2	48117	2.5	1104
#ECD5D2	48116.5	2	1104
#F5E9E7	48116.5	3	1105
#F5E9E7	48117	3.5	1105
#F5E9E7	48117.5	3	1105
#F5E9E7	48117	2.5	1105
#F9F2F1	48117	3.5	1106
#F9F2F1	48117.5	4	1106
#F9F2F1	48118	3.5	1106
#F9F2F1	48117.5	3	1106
#FCF9F9	48117.5	4	1107
#FCF9F9	48118	4.5	1107
#FCF9F9	48118.5	4	1107
#FCF9F9	48118	3.5	1107
#FEFCFB	48118	4.5	1108
#FEFCFB	48118.5	5	1108
#FEFCFB	48119	4.5	1108
#FEFCFB	48118.5	4	1108
#FEFEFE	48118.5	5	1109
#FEFEFE	48119	5.5	1109
#FEFEFE	48119.5	5	1109
#FEFEFE	48119	4.5	1109
#FDFDFE	48119	5.5	1110
#FDFDFE	48119.5	6	1110
#FDFDFE	48120	5.5	1110
#FDFDFE	48119.5	5	1110
#FDFAFA	48119.5	6	1111
#FDFAFA	48120	6.5	1111
#FDFAFA	48120.5	6	1111
#FDFAFA	48120	5.5	1111
#FEFDFD	48120	6.5	1112
#FEFDFD	48120.5	7	1112
#FEFDFD	48121	6.5	1112
#FEFDFD	48120.5	6	1112
#FBF6F5	48120.5	7	1113
#FBF6F5	48121	7.5	1113
#FBF6F5	48121.5	7	1113
#FBF6F5	48121	6.5	1113
#FBF6F6	48121	7.5	1114
#FBF6F6	48121.5	8	1114
#FBF6F6	48122	7.5	1114
#FBF6F6	48121.5	7	1114
#FEFCFC	48121.5	8	1115
#FEFCFC	48122	8.5	1115
#FEFCFC	48122.5	8	1115
#FEFCFC	48122	7.5	1115
#FDFDFE	48122	8.5	1116
#FDFDFE	48122.5	9	1116
#FDFDFE	48123	8.5	1116
#FDFDFE	48122.5	8	1116
#F9F1F0	48122.5	9	1117
#F9F1F0	48123	9.5	1117
#F9F1F0	48123.5	9	1117
#F9F1F0	48123	8.5	1117
#F0DCDA	48123	9.5	1118
#F0DCDA	48123.5	10	1118
#F0DCDA	48124	9.5	1118
#F0DCDA	48123.5	9	1118
#FDFBFB	48123.5	10	1119
#FDFBFB	48124	10.5	1119
#FDFBFB	48124.5	10	1119
#FDFBFB	48124	9.5	1119
#FFFEFE	48124	10.5	1120
#FFFEFE	48124.5	11	1120
#FFFEFE	48125	10.5	1120
#FFFEFE	48124.5	10	1120
#FDFAF9	48124.5	11	1121
#FDFAF9	48125	11.5	1121
#FDFAF9	48125.5	11	1121
#FDFAF9	48125	10.5	1121
#F4E7E5	48125	11.5	1122
#F4E7E5	48125.5	12	1122
#F4E7E5	48126	11.5	1122
#F4E7E5	48125.5	11	1122
#F4E7E5	48125.5	12	1123
#F4E7E5	48126	12.5	1123
#F4E7E5	48126.5	12	1123
#F4E7E5	48126	11.5	1123
#FCF7F6	48126	12.5	1124
#FCF7F6	48126.5	13	1124
#FCF7F6	48127	12.5	1124
#FCF7F6	48126.5	12	1124
#FBF5F4	48126.5	13	1125
#FBF5F4	48127	13.5	1125
#FBF5F4	48127.5	13	1125
#FBF5F4	48127	12.5	1125
#FDFAFA	48127	13.5	1126
#FDFAFA	48127.5	14	1126
#FDFAFA	48128	13.5	1126
#FDFAFA	48127.5	13	1126
#FEFCFC	48127.5	14	1127
#FEFCFC	48128	14.5	1127
#FEFCFC	48128.5	14	1127
#FEFCFC	48128	13.5	1127
#F8EFEE	48128	14.5	1128
#F8EFEE	48128.5	15	1128
#F8EFEE	48129	14.5	1128
#F8EFEE	48128.5	14	1128
#FDFAF9	48128.5	15	1129
#FDFAF9	48129	15.5	1129
#FDFAF9	48129.5	15	1129
#FDFAF9	48129	14.5	1129
#FCF7F7	48129	15.5	1130
#FCF7F7	48129.5	16	1130
#FCF7F7	48130	15.5	1130
#FCF7F7	48129.5	15	1130
#FEFDFD	48129.5	16	1131
#FEFDFD	48130	16.5	1131
#FEFDFD	48130.5	16	1131
#FEFDFD	48130	15.5	1131
#FFFEFF	48130	16.5	1132
#FFFEFF	48130.5	17	1132
#FFFEFF	48131	16.5	1132
#FFFEFF	48130.5	16	1132
#FDFAFA	48130.5	17	1133
#FDFAFA	48131	17.5	1133
#FDFAFA	48131.5	17	1133
#FDFAFA	48131	16.5	1133
#FEFEFE	48131	17.5	1134
#FEFEFE	48131.5	18	1134
#FEFEFE	48132	17.5	1134
#FEFEFE	48131.5	17	1134
#FBFBFD	48131.5	18	1135
#FBFBFD	48132	18.5	1135
#FBFBFD	48132.5	18	1135
#FBFBFD	48132	17.5	1135
#FFFFFF	48132	18.5	1136
#FFFFFF	48132.5	19	1136
#FFFFFF	48133	18.5	1136
#FFFFFF	48132.5	18	1136
#FCF9F8	48132.5	19	1137
#FCF9F8	48133	19.5	1137
#FCF9F8	48133.5	19	1137
#FCF9F8	48133	18.5	1137
#FBFBFD	48133	19.5	1138
#FBFBFD	48133.5	20	1138
#FBFBFD	48134	19.5	1138
#FBFBFD	48133.5	19	1138
#FDFDFE	48133.5	20	1139
#FDFDFE	48134	20.5	1139
#FDFDFE	48134.5	20	1139
#FDFDFE	48134	19.5	1139
#FEFEFF	48134	20.5	1140
#FEFEFF	48134.5	21	1140
#FEFEFF	48135	20.5	1140
#FEFEFF	48134.5	20	1140
#FFFEFE	48134.5	21	1141
#FFFEFE	48135	21.5	1141
#FFFEFE	48135.5	21	1141
#FFFEFE	48135	20.5	1141
#FFFEFE	48135	21.5	1142
#FFFEFE	48135.5	22	1142
#FFFEFE	48136	21.5	1142
#FFFEFE	48135.5	21	1142
#FBFAFD	48135.5	22	1143
#FBFAFD	48136	22.5	1143
#FBFAFD	48136.5	22	1143
#FBFAFD	48136	21.5	1143
#FEFEFE	48136	22.5	1144
#FEFEFE	48136.5	23	1144
#FEFEFE	48137	22.5	1144
#FEFEFE	48136.5	22	1144
#FEFDFD	48136.5	23	1145
#FEFDFD	48137	23.5	1145
#FEFDFD	48137.5	23	1145
#FEFDFD	48137	22.5	1145
#FEFEFE	48137	23.5	1146
#FEFEFE	48137.5	24	1146
#FEFEFE	48138	23.5	1146
#FEFEFE	48137.5	23	1146
#FDFDFE	48137.5	24	1147
#FDFDFE	48138	24.5	1147
#FDFDFE	48138.5	24	1147
#FDFDFE	48138	23.5	1147
#FDFDFE	48138	24.5	1148
#FDFDFE	48138.5	25	1148
#FDFDFE	48139	24.5	1148
#FDFDFE	48138.5	24	1148
#C48A83	48114.5	0	1149
#C48A83	48115	0.5	1149
#C48A83	48115.5	0	1149
#C48A83	48115	-0.5	1149
#D7ABA6	48115	0.5	1150
#D7ABA6	48115.5	1	1150
#D7ABA6	48116	0.5	1150
#D7ABA6	48115.5	0	1150
#C68D87	48115.5	1	1151
#C68D87	48116	1.5	1151
#C68D87	48116.5	1	1151
#C68D87	48116	0.5	1151
#D5A7A2	48116	1.5	1152
#D5A7A2	48116.5	2	1152
#D5A7A2	48117	1.5	1152
#D5A7A2	48116.5	1	1152
#DFBBB7	48116.5	2	1153
#DFBBB7	48117	2.5	1153
#DFBBB7	48117.5	2	1153
#DFBBB7	48117	1.5	1153
#F8EEED	48117	2.5	1154
#F8EEED	48117.5	3	1154
#F8EEED	48118	2.5	1154
#F8EEED	48117.5	2	1154
#FEFDFD	48117.5	3	1155
#FEFDFD	48118	3.5	1155
#FEFDFD	48118.5	3	1155
#FEFDFD	48118	2.5	1155
#F2E3E1	48118	3.5	1156
#F2E3E1	48118.5	4	1156
#F2E3E1	48119	3.5	1156
#F2E3E1	48118.5	3	1156
#FEFEFE	48118.5	4	1157
#FEFEFE	48119	4.5	1157
#FEFEFE	48119.5	4	1157
#FEFEFE	48119	3.5	1157
#FBF6F5	48119	4.5	1158
#FBF6F5	48119.5	5	1158
#FBF6F5	48120	4.5	1158
#FBF6F5	48119.5	4	1158
#FEFCFB	48119.5	5	1159
#FEFCFB	48120	5.5	1159
#FEFCFB	48120.5	5	1159
#FEFCFB	48120	4.5	1159
#FEFDFD	48120	5.5	1160
#FEFDFD	48120.5	6	1160
#FEFDFD	48121	5.5	1160
#FEFDFD	48120.5	5	1160
#FDFAF9	48120.5	6	1161
#FDFAF9	48121	6.5	1161
#FDFAF9	48121.5	6	1161
#FDFAF9	48121	5.5	1161
#FDFAFA	48121	6.5	1162
#FDFAFA	48121.5	7	1162
#FDFAFA	48122	6.5	1162
#FDFAFA	48121.5	6	1162
#FBF6F5	48121.5	7	1163
#FBF6F5	48122	7.5	1163
#FBF6F5	48122.5	7	1163
#FBF6F5	48122	6.5	1163
#FDFAFA	48122	7.5	1164
#FDFAFA	48122.5	8	1164
#FDFAFA	48123	7.5	1164
#FDFAFA	48122.5	7	1164
#FFFEFE	48122.5	8	1165
#FFFEFE	48123	8.5	1165
#FFFEFE	48123.5	8	1165
#FFFEFE	48123	7.5	1165
#FAF3F2	48123	8.5	1166
#FAF3F2	48123.5	9	1166
#FAF3F2	48124	8.5	1166
#FAF3F2	48123.5	8	1166
#F7EDEB	48123.5	9	1167
#F7EDEB	48124	9.5	1167
#F7EDEB	48124.5	9	1167
#F7EDEB	48124	8.5	1167
#FDFAFA	48124	9.5	1168
#FDFAFA	48124.5	10	1168
#FDFAFA	48125	9.5	1168
#FDFAFA	48124.5	9	1168
#FCF8F7	48124.5	10	1169
#FCF8F7	48125	10.5	1169
#FCF8F7	48125.5	10	1169
#FCF8F7	48125	9.5	1169
#FDFBFB	48125	10.5	1170
#FDFBFB	48125.5	11	1170
#FDFBFB	48126	10.5	1170
#FDFBFB	48125.5	10	1170
#FEFCFB	48125.5	11	1171
#FEFCFB	48126	11.5	1171
#FEFCFB	48126.5	11	1171
#FEFCFB	48126	10.5	1171
#F9F1F0	48126	11.5	1172
#F9F1F0	48126.5	12	1172
#F9F1F0	48127	11.5	1172
#F9F1F0	48126.5	11	1172
#F5E7E5	48126.5	12	1173
#F5E7E5	48127	12.5	1173
#F5E7E5	48127.5	12	1173
#F5E7E5	48127	11.5	1173
#F7ECEB	48127	12.5	1174
#F7ECEB	48127.5	13	1174
#F7ECEB	48128	12.5	1174
#F7ECEB	48127.5	12	1174
#F8EEED	48127.5	13	1175
#F8EEED	48128	13.5	1175
#F8EEED	48128.5	13	1175
#F8EEED	48128	12.5	1175
#FAF4F4	48128	13.5	1176
#FAF4F4	48128.5	14	1176
#FAF4F4	48129	13.5	1176
#FAF4F4	48128.5	13	1176
#FDF9F9	48128.5	14	1177
#FDF9F9	48129	14.5	1177
#FDF9F9	48129.5	14	1177
#FDF9F9	48129	13.5	1177
#FDFAFA	48129	14.5	1178
#FDFAFA	48129.5	15	1178
#FDFAFA	48130	14.5	1178
#FDFAFA	48129.5	14	1178
#FCF8F7	48129.5	15	1179
#FCF8F7	48130	15.5	1179
#FCF8F7	48130.5	15	1179
#FCF8F7	48130	14.5	1179
#FCF7F6	48130	15.5	1180
#FCF7F6	48130.5	16	1180
#FCF7F6	48131	15.5	1180
#FCF7F6	48130.5	15	1180
#FFFFFF	48130.5	16	1181
#FFFFFF	48131	16.5	1181
#FFFFFF	48131.5	16	1181
#FFFFFF	48131	15.5	1181
#FDFAFA	48131	16.5	1182
#FDFAFA	48131.5	17	1182
#FDFAFA	48132	16.5	1182
#FDFAFA	48131.5	16	1182
#FDFDFE	48131.5	17	1183
#FDFDFE	48132	17.5	1183
#FDFDFE	48132.5	17	1183
#FDFDFE	48132	16.5	1183
#FFFEFF	48132	17.5	1184
#FFFEFF	48132.5	18	1184
#FFFEFF	48133	17.5	1184
#FFFEFF	48132.5	17	1184
#FFFFFF	48132.5	18	1185
#FFFFFF	48133	18.5	1185
#FFFFFF	48133.5	18	1185
#FFFFFF	48133	17.5	1185
#FDFAF9	48133	18.5	1186
#FDFAF9	48133.5	19	1186
#FDFAF9	48134	18.5	1186
#FDFAF9	48133.5	18	1186
#F5F4FA	48133.5	19	1187
#F5F4FA	48134	19.5	1187
#F5F4FA	48134.5	19	1187
#F5F4FA	48134	18.5	1187
#FFFFFE	48134	19.5	1188
#FFFFFE	48134.5	20	1188
#FFFFFE	48135	19.5	1188
#FFFFFE	48134.5	19	1188
#FDFAF9	48134.5	20	1189
#FDFAF9	48135	20.5	1189
#FDFAF9	48135.5	20	1189
#FDFAF9	48135	19.5	1189
#FEFCFC	48135	20.5	1190
#FEFCFC	48135.5	21	1190
#FEFCFC	48136	20.5	1190
#FEFCFC	48135.5	20	1190
#FEFDFD	48135.5	21	1191
#FEFDFD	48136	21.5	1191
#FEFDFD	48136.5	21	1191
#FEFDFD	48136	20.5	1191
#FDFBFA	48136	21.5	1192
#FDFBFA	48136.5	22	1192
#FDFBFA	48137	21.5	1192
#FDFBFA	48136.5	21	1192
#FAF3F2	48136.5	22	1193
#FAF3F2	48137	22.5	1193
#FAF3F2	48137.5	22	1193
#FAF3F2	48137	21.5	1193
#FDFBFA	48137	22.5	1194
#FDFBFA	48137.5	23	1194
#FDFBFA	48138	22.5	1194
#FDFBFA	48137.5	22	1194
#EEEBF6	48137.5	23	1195
#EEEBF6	48138	23.5	1195
#EEEBF6	48138.5	23	1195
#EEEBF6	48138	22.5	1195
#FFFFFF	48138	23.5	1196
#FFFFFF	48138.5	24	1196
#FFFFFF	48139	23.5	1196
#FFFFFF	48138.5	23	1196
#FBFBFD	48138.5	24	1197
#FBFBFD	48139	24.5	1197
#FBFBFD	48139.5	24	1197
#FBFBFD	48139	23.5	1197
#F9F8FC	48139	24.5	1198
#F9F8FC	48139.5	25	1198
#F9F8FC	48140	24.5	1198
#F9F8FC	48139.5	24	1198
#B46F68	48115.5	0	1199
#B46F68	48116	0.5	1199
#B46F68	48116.5	0	1199
#B46F68	48116	-0.5	1199
#D2A19C	48116	0.5	1200
#D2A19C	48116.5	1	1200
#D2A19C	48117	0.5	1200
#D2A19C	48116.5	0	1200
#E4C5C1	48116.5	1	1201
#E4C5C1	48117	1.5	1201
#E4C5C1	48117.5	1	1201
#E4C5C1	48117	0.5	1201
#E9CFCC	48117	1.5	1202
#E9CFCC	48117.5	2	1202
#E9CFCC	48118	1.5	1202
#E9CFCC	48117.5	1	1202
#FBFAFD	48117.5	2	1203
#FBFAFD	48118	2.5	1203
#FBFAFD	48118.5	2	1203
#FBFAFD	48118	1.5	1203
#F6F4FA	48118	2.5	1204
#F6F4FA	48118.5	3	1204
#F6F4FA	48119	2.5	1204
#F6F4FA	48118.5	2	1204
#FFFEFE	48118.5	3	1205
#FFFEFE	48119	3.5	1205
#FFFEFE	48119.5	3	1205
#FFFEFE	48119	2.5	1205
#FDFDFE	48119	3.5	1206
#FDFDFE	48119.5	4	1206
#FDFDFE	48120	3.5	1206
#FDFDFE	48119.5	3	1206
#FAFAFC	48119.5	4	1207
#FAFAFC	48120	4.5	1207
#FAFAFC	48120.5	4	1207
#FAFAFC	48120	3.5	1207
#FBFBFD	48120	4.5	1208
#FBFBFD	48120.5	5	1208
#FBFBFD	48121	4.5	1208
#FBFBFD	48120.5	4	1208
#FBFAFD	48120.5	5	1209
#FBFAFD	48121	5.5	1209
#FBFAFD	48121.5	5	1209
#FBFAFD	48121	4.5	1209
#F4F3F9	48121	5.5	1210
#F4F3F9	48121.5	6	1210
#F4F3F9	48122	5.5	1210
#F4F3F9	48121.5	5	1210
#F9F8FC	48121.5	6	1211
#F9F8FC	48122	6.5	1211
#F9F8FC	48122.5	6	1211
#F9F8FC	48122	5.5	1211
#FEFEFF	48122	6.5	1212
#FEFEFF	48122.5	7	1212
#FEFEFF	48123	6.5	1212
#FEFEFF	48122.5	6	1212
#FBFAFD	48122.5	7	1213
#FBFAFD	48123	7.5	1213
#FBFAFD	48123.5	7	1213
#FBFAFD	48123	6.5	1213
#F3F1F9	48123	7.5	1214
#F3F1F9	48123.5	8	1214
#F3F1F9	48124	7.5	1214
#F3F1F9	48123.5	7	1214
#FFFEFE	48123.5	8	1215
#FFFEFE	48124	8.5	1215
#FFFEFE	48124.5	8	1215
#FFFEFE	48124	7.5	1215
#FCF8F7	48124	8.5	1216
#FCF8F7	48124.5	9	1216
#FCF8F7	48125	8.5	1216
#FCF8F7	48124.5	8	1216
#F9F0EF	48124.5	9	1217
#F9F0EF	48125	9.5	1217
#F9F0EF	48125.5	9	1217
#F9F0EF	48125	8.5	1217
#FCFCFE	48125	9.5	1218
#FCFCFE	48125.5	10	1218
#FCFCFE	48126	9.5	1218
#FCFCFE	48125.5	9	1218
#FFFFFF	48125.5	10	1219
#FFFFFF	48126	10.5	1219
#FFFFFF	48126.5	10	1219
#FFFFFF	48126	9.5	1219
#FDFAFA	48126	10.5	1220
#FDFAFA	48126.5	11	1220
#FDFAFA	48127	10.5	1220
#FDFAFA	48126.5	10	1220
#F8EFED	48126.5	11	1221
#F8EFED	48127	11.5	1221
#F8EFED	48127.5	11	1221
#F8EFED	48127	10.5	1221
#FCF8F7	48127	11.5	1222
#FCF8F7	48127.5	12	1222
#FCF8F7	48128	11.5	1222
#FCF8F7	48127.5	11	1222
#FAF3F2	48127.5	12	1223
#FAF3F2	48128	12.5	1223
#FAF3F2	48128.5	12	1223
#FAF3F2	48128	11.5	1223
#F4E6E5	48128	12.5	1224
#F4E6E5	48128.5	13	1224
#F4E6E5	48129	12.5	1224
#F4E6E5	48128.5	12	1224
#FDFAF9	48128.5	13	1225
#FDFAF9	48129	13.5	1225
#FDFAF9	48129.5	13	1225
#FDFAF9	48129	12.5	1225
#FAF3F2	48129	13.5	1226
#FAF3F2	48129.5	14	1226
#FAF3F2	48130	13.5	1226
#FAF3F2	48129.5	13	1226
#FFFFFF	48129.5	14	1227
#FFFFFF	48130	14.5	1227
#FFFFFF	48130.5	14	1227
#FFFFFF	48130	13.5	1227
#FDFBFB	48130	14.5	1228
#FDFBFB	48130.5	15	1228
#FDFBFB	48131	14.5	1228
#FDFBFB	48130.5	14	1228
#F8F0EF	48130.5	15	1229
#F8F0EF	48131	15.5	1229
#F8F0EF	48131.5	15	1229
#F8F0EF	48131	14.5	1229
#FCF9F8	48131	15.5	1230
#FCF9F8	48131.5	16	1230
#FCF9F8	48132	15.5	1230
#FCF9F8	48131.5	15	1230
#F8F0EE	48131.5	16	1231
#F8F0EE	48132	16.5	1231
#F8F0EE	48132.5	16	1231
#F8F0EE	48132	15.5	1231
#FEFCFC	48132	16.5	1232
#FEFCFC	48132.5	17	1232
#FEFCFC	48133	16.5	1232
#FEFCFC	48132.5	16	1232
#FEFDFE	48132.5	17	1233
#FEFDFE	48133	17.5	1233
#FEFDFE	48133.5	17	1233
#FEFDFE	48133	16.5	1233
#FDFDFE	48133	17.5	1234
#FDFDFE	48133.5	18	1234
#FDFDFE	48134	17.5	1234
#FDFDFE	48133.5	17	1234
#FCF8F8	48133.5	18	1235
#FCF8F8	48134	18.5	1235
#FCF8F8	48134.5	18	1235
#FCF8F8	48134	17.5	1235
#FCFCFE	48134	18.5	1236
#FCFCFE	48134.5	19	1236
#FCFCFE	48135	18.5	1236
#FCFCFE	48134.5	18	1236
#FAFAFD	48134.5	19	1237
#FAFAFD	48135	19.5	1237
#FAFAFD	48135.5	19	1237
#FAFAFD	48135	18.5	1237
#F9F8FC	48135	19.5	1238
#F9F8FC	48135.5	20	1238
#F9F8FC	48136	19.5	1238
#F9F8FC	48135.5	19	1238
#FDFCFE	48135.5	20	1239
#FDFCFE	48136	20.5	1239
#FDFCFE	48136.5	20	1239
#FDFCFE	48136	19.5	1239
#F8F7FB	48136	20.5	1240
#F8F7FB	48136.5	21	1240
#F8F7FB	48137	20.5	1240
#F8F7FB	48136.5	20	1240
#FFFFFF	48136.5	21	1241
#FFFFFF	48137	21.5	1241
#FFFFFF	48137.5	21	1241
#FFFFFF	48137	20.5	1241
#FEFCFB	48137	21.5	1242
#FEFCFB	48137.5	22	1242
#FEFCFB	48138	21.5	1242
#FEFCFB	48137.5	21	1242
#FFFEFE	48137.5	22	1243
#FFFEFE	48138	22.5	1243
#FFFEFE	48138.5	22	1243
#FFFEFE	48138	21.5	1243
#FEFCFC	48138	22.5	1244
#FEFCFC	48138.5	23	1244
#FEFCFC	48139	22.5	1244
#FEFCFC	48138.5	22	1244
#FEFEFF	48138.5	23	1245
#FEFEFF	48139	23.5	1245
#FEFEFF	48139.5	23	1245
#FEFEFF	48139	22.5	1245
#FCFBFD	48139	23.5	1246
#FCFBFD	48139.5	24	1246
#FCFBFD	48140	23.5	1246
#FCFBFD	48139.5	23	1246
#FEFEFF	48139.5	24	1247
#FEFEFF	48140	24.5	1247
#FEFEFF	48140.5	24	1247
#FEFEFF	48140	23.5	1247
#FDFAFA	48140	24.5	1248
#FDFAFA	48140.5	25	1248
#FDFAFA	48141	24.5	1248
#FDFAFA	48140.5	24	1248
#CF9D96	48116.5	0	1249
#CF9D96	48117	0.5	1249
#CF9D96	48117.5	0	1249
#CF9D96	48117	-0.5	1249
#E4C4C0	48117	0.5	1250
#E4C4C0	48117.5	1	1250
#E4C4C0	48118	0.5	1250
#E4C4C0	48117.5	0	1250
#E5C7C3	48117.5	1	1251
#E5C7C3	48118	1.5	1251
#E5C7C3	48118.5	1	1251
#E5C7C3	48118	0.5	1251
#FEFEFE	48118	1.5	1252
#FEFEFE	48118.5	2	1252
#FEFEFE	48119	1.5	1252
#FEFEFE	48118.5	1	1252
#F7F6FB	48118.5	2	1253
#F7F6FB	48119	2.5	1253
#F7F6FB	48119.5	2	1253
#F7F6FB	48119	1.5	1253
#FEFCFB	48119	2.5	1254
#FEFCFB	48119.5	3	1254
#FEFCFB	48120	2.5	1254
#FEFCFB	48119.5	2	1254
#FEFDFD	48119.5	3	1255
#FEFDFD	48120	3.5	1255
#FEFDFD	48120.5	3	1255
#FEFDFD	48120	2.5	1255
#FBFAFD	48120	3.5	1256
#FBFAFD	48120.5	4	1256
#FBFAFD	48121	3.5	1256
#FBFAFD	48120.5	3	1256
#F1EFF7	48120.5	4	1257
#F1EFF7	48121	4.5	1257
#F1EFF7	48121.5	4	1257
#F1EFF7	48121	3.5	1257
#F0EEF7	48121	4.5	1258
#F0EEF7	48121.5	5	1258
#F0EEF7	48122	4.5	1258
#F0EEF7	48121.5	4	1258
#F1EFF8	48121.5	5	1259
#F1EFF8	48122	5.5	1259
#F1EFF8	48122.5	5	1259
#F1EFF8	48122	4.5	1259
#FAF9FC	48122	5.5	1260
#FAF9FC	48122.5	6	1260
#FAF9FC	48123	5.5	1260
#FAF9FC	48122.5	5	1260
#F9F8FC	48122.5	6	1261
#F9F8FC	48123	6.5	1261
#F9F8FC	48123.5	6	1261
#F9F8FC	48123	5.5	1261
#EFEDF6	48123	6.5	1262
#EFEDF6	48123.5	7	1262
#EFEDF6	48124	6.5	1262
#EFEDF6	48123.5	6	1262
#F8F6FB	48123.5	7	1263
#F8F6FB	48124	7.5	1263
#F8F6FB	48124.5	7	1263
#F8F6FB	48124	6.5	1263
#FCFBFD	48124	7.5	1264
#FCFBFD	48124.5	8	1264
#FCFBFD	48125	7.5	1264
#FCFBFD	48124.5	7	1264
#F3E4E2	48124.5	8	1265
#F3E4E2	48125	8.5	1265
#F3E4E2	48125.5	8	1265
#F3E4E2	48125	7.5	1265
#FDFAFA	48125	8.5	1266
#FDFAFA	48125.5	9	1266
#FDFAFA	48126	8.5	1266
#FDFAFA	48125.5	8	1266
#FAFAFD	48125.5	9	1267
#FAFAFD	48126	9.5	1267
#FAFAFD	48126.5	9	1267
#FAFAFD	48126	8.5	1267
#FFFFFF	48126	9.5	1268
#FFFFFF	48126.5	10	1268
#FFFFFF	48127	9.5	1268
#FFFFFF	48126.5	9	1268
#FCFCFE	48126.5	10	1269
#FCFCFE	48127	10.5	1269
#FCFCFE	48127.5	10	1269
#FCFCFE	48127	9.5	1269
#FCF8F8	48127	10.5	1270
#FCF8F8	48127.5	11	1270
#FCF8F8	48128	10.5	1270
#FCF8F8	48127.5	10	1270
#FAF3F2	48127.5	11	1271
#FAF3F2	48128	11.5	1271
#FAF3F2	48128.5	11	1271
#FAF3F2	48128	10.5	1271
#F7ECEA	48128	11.5	1272
#F7ECEA	48128.5	12	1272
#F7ECEA	48129	11.5	1272
#F7ECEA	48128.5	11	1272
#FBF5F4	48128.5	12	1273
#FBF5F4	48129	12.5	1273
#FBF5F4	48129.5	12	1273
#FBF5F4	48129	11.5	1273
#FFFEFE	48129	12.5	1274
#FFFEFE	48129.5	13	1274
#FFFEFE	48130	12.5	1274
#FFFEFE	48129.5	12	1274
#FCF7F7	48129.5	13	1275
#FCF7F7	48130	13.5	1275
#FCF7F7	48130.5	13	1275
#FCF7F7	48130	12.5	1275
#FDFAF9	48130	13.5	1276
#FDFAF9	48130.5	14	1276
#FDFAF9	48131	13.5	1276
#FDFAF9	48130.5	13	1276
#FCF7F6	48130.5	14	1277
#FCF7F6	48131	14.5	1277
#FCF7F6	48131.5	14	1277
#FCF7F6	48131	13.5	1277
#FFFFFF	48131	14.5	1278
#FFFFFF	48131.5	15	1278
#FFFFFF	48132	14.5	1278
#FFFFFF	48131.5	14	1278
#FEFCFC	48131.5	15	1279
#FEFCFC	48132	15.5	1279
#FEFCFC	48132.5	15	1279
#FEFCFC	48132	14.5	1279
#FCF7F6	48132	15.5	1280
#FCF7F6	48132.5	16	1280
#FCF7F6	48133	15.5	1280
#FCF7F6	48132.5	15	1280
#FBF7F6	48132.5	16	1281
#FBF7F6	48133	16.5	1281
#FBF7F6	48133.5	16	1281
#FBF7F6	48133	15.5	1281
#FFFEFE	48133	16.5	1282
#FFFEFE	48133.5	17	1282
#FFFEFE	48134	16.5	1282
#FFFEFE	48133.5	16	1282
#FBFBFD	48133.5	17	1283
#FBFBFD	48134	17.5	1283
#FBFBFD	48134.5	17	1283
#FBFBFD	48134	16.5	1283
#FDFDFE	48134	17.5	1284
#FDFDFE	48134.5	18	1284
#FDFDFE	48135	17.5	1284
#FDFDFE	48134.5	17	1284
#FAF9FC	48134.5	18	1285
#FAF9FC	48135	18.5	1285
#FAF9FC	48135.5	18	1285
#FAF9FC	48135	17.5	1285
#FCFBFD	48135	18.5	1286
#FCFBFD	48135.5	19	1286
#FCFBFD	48136	18.5	1286
#FCFBFD	48135.5	18	1286
#F9F8FC	48135.5	19	1287
#F9F8FC	48136	19.5	1287
#F9F8FC	48136.5	19	1287
#F9F8FC	48136	18.5	1287
#FAF9FC	48136	19.5	1288
#FAF9FC	48136.5	20	1288
#FAF9FC	48137	19.5	1288
#FAF9FC	48136.5	19	1288
#F8F8FB	48136.5	20	1289
#F8F8FB	48137	20.5	1289
#F8F8FB	48137.5	20	1289
#F8F8FB	48137	19.5	1289
#FDFDFE	48137	20.5	1290
#FDFDFE	48137.5	21	1290
#FDFDFE	48138	20.5	1290
#FDFDFE	48137.5	20	1290
#FFFEFE	48137.5	21	1291
#FFFEFE	48138	21.5	1291
#FFFEFE	48138.5	21	1291
#FFFEFE	48138	20.5	1291
#FEFCFC	48138	21.5	1292
#FEFCFC	48138.5	22	1292
#FEFCFC	48139	21.5	1292
#FEFCFC	48138.5	21	1292
#FCFCFD	48138.5	22	1293
#FCFCFD	48139	22.5	1293
#FCFCFD	48139.5	22	1293
#FCFCFD	48139	21.5	1293
#FCF9F8	48139	22.5	1294
#FCF9F8	48139.5	23	1294
#FCF9F8	48140	22.5	1294
#FCF9F8	48139.5	22	1294
#FEFCFC	48139.5	23	1295
#FEFCFC	48140	23.5	1295
#FEFCFC	48140.5	23	1295
#FEFCFC	48140	22.5	1295
#FFFFFF	48140	23.5	1296
#FFFFFF	48140.5	24	1296
#FFFFFF	48141	23.5	1296
#FFFFFF	48140.5	23	1296
#FBF6F5	48140.5	24	1297
#FBF6F5	48141	24.5	1297
#FBF6F5	48141.5	24	1297
#FBF6F5	48141	23.5	1297
#F9F8FB	48141	24.5	1298
#F9F8FB	48141.5	25	1298
#F9F8FB	48142	24.5	1298
#F9F8FB	48141.5	24	1298
#B16A63	48117.5	0	1299
#B16A63	48118	0.5	1299
#B16A63	48118.5	0	1299
#B16A63	48118	-0.5	1299
#F2E2E0	48118	0.5	1300
#F2E2E0	48118.5	1	1300
#F2E2E0	48119	0.5	1300
#F2E2E0	48118.5	0	1300
#FAF4F4	48118.5	1	1301
#FAF4F4	48119	1.5	1301
#FAF4F4	48119.5	1	1301
#FAF4F4	48119	0.5	1301
#FEFDFC	48119	1.5	1302
#FEFDFC	48119.5	2	1302
#FEFDFC	48120	1.5	1302
#FEFDFC	48119.5	1	1302
#F0DEDB	48119.5	2	1303
#F0DEDB	48120	2.5	1303
#F0DEDB	48120.5	2	1303
#F0DEDB	48120	1.5	1303
#F9F2F1	48120	2.5	1304
#F9F2F1	48120.5	3	1304
#F9F2F1	48121	2.5	1304
#F9F2F1	48120.5	2	1304
#F8F0EE	48120.5	3	1305
#F8F0EE	48121	3.5	1305
#F8F0EE	48121.5	3	1305
#F8F0EE	48121	2.5	1305
#FBF6F6	48121	3.5	1306
#FBF6F6	48121.5	4	1306
#FBF6F6	48122	3.5	1306
#FBF6F6	48121.5	3	1306
#FCFBFD	48121.5	4	1307
#FCFBFD	48122	4.5	1307
#FCFBFD	48122.5	4	1307
#FCFBFD	48122	3.5	1307
#D8D3EA	48122	4.5	1308
#D8D3EA	48122.5	5	1308
#D8D3EA	48123	4.5	1308
#D8D3EA	48122.5	4	1308
#F8F6FB	48122.5	5	1309
#F8F6FB	48123	5.5	1309
#F8F6FB	48123.5	5	1309
#F8F6FB	48123	4.5	1309
#FCFCFD	48123	5.5	1310
#FCFCFD	48123.5	6	1310
#FCFCFD	48124	5.5	1310
#FCFCFD	48123.5	5	1310
#EEEBF6	48123.5	6	1311
#EEEBF6	48124	6.5	1311
#EEEBF6	48124.5	6	1311
#EEEBF6	48124	5.5	1311
#FFFEFF	48124	6.5	1312
#FFFEFF	48124.5	7	1312
#FFFEFF	48125	6.5	1312
#FFFEFF	48124.5	6	1312
#F6EBE9	48124.5	7	1313
#F6EBE9	48125	7.5	1313
#F6EBE9	48125.5	7	1313
#F6EBE9	48125	6.5	1313
#F1DFDD	48125	7.5	1314
#F1DFDD	48125.5	8	1314
#F1DFDD	48126	7.5	1314
#F1DFDD	48125.5	7	1314
#F3E5E3	48125.5	8	1315
#F3E5E3	48126	8.5	1315
#F3E5E3	48126.5	8	1315
#F3E5E3	48126	7.5	1315
#FEFDFD	48126	8.5	1316
#FEFDFD	48126.5	9	1316
#FEFDFD	48127	8.5	1316
#FEFDFD	48126.5	8	1316
#FFFFFF	48126.5	9	1317
#FFFFFF	48127	9.5	1317
#FFFFFF	48127.5	9	1317
#FFFFFF	48127	8.5	1317
#FEFDFE	48127	9.5	1318
#FEFDFE	48127.5	10	1318
#FEFDFE	48128	9.5	1318
#FEFDFE	48127.5	9	1318
#F7F6FB	48127.5	10	1319
#F7F6FB	48128	10.5	1319
#F7F6FB	48128.5	10	1319
#F7F6FB	48128	9.5	1319
#EFDBD9	48128	10.5	1320
#EFDBD9	48128.5	11	1320
#EFDBD9	48129	10.5	1320
#EFDBD9	48128.5	10	1320
#FBF6F5	48128.5	11	1321
#FBF6F5	48129	11.5	1321
#FBF6F5	48129.5	11	1321
#FBF6F5	48129	10.5	1321
#FBF6F5	48129	11.5	1322
#FBF6F5	48129.5	12	1322
#FBF6F5	48130	11.5	1322
#FBF6F5	48129.5	11	1322
#FFFEFE	48129.5	12	1323
#FFFEFE	48130	12.5	1323
#FFFEFE	48130.5	12	1323
#FFFEFE	48130	11.5	1323
#FEFDFD	48130	12.5	1324
#FEFDFD	48130.5	13	1324
#FEFDFD	48131	12.5	1324
#FEFDFD	48130.5	12	1324
#F7ECEB	48130.5	13	1325
#F7ECEB	48131	13.5	1325
#F7ECEB	48131.5	13	1325
#F7ECEB	48131	12.5	1325
#FEFEFF	48131	13.5	1326
#FEFEFF	48131.5	14	1326
#FEFEFF	48132	13.5	1326
#FEFEFF	48131.5	13	1326
#F2E1DF	48131.5	14	1327
#F2E1DF	48132	14.5	1327
#F2E1DF	48132.5	14	1327
#F2E1DF	48132	13.5	1327
#FEFDFC	48132	14.5	1328
#FEFDFC	48132.5	15	1328
#FEFDFC	48133	14.5	1328
#FEFDFC	48132.5	14	1328
#FBF6F5	48132.5	15	1329
#FBF6F5	48133	15.5	1329
#FBF6F5	48133.5	15	1329
#FBF6F5	48133	14.5	1329
#FCF9F8	48133	15.5	1330
#FCF9F8	48133.5	16	1330
#FCF9F8	48134	15.5	1330
#FCF9F8	48133.5	15	1330
#FCFCFE	48133.5	16	1331
#FCFCFE	48134	16.5	1331
#FCFCFE	48134.5	16	1331
#FCFCFE	48134	15.5	1331
#FEFDFD	48134	16.5	1332
#FEFDFD	48134.5	17	1332
#FEFDFD	48135	16.5	1332
#FEFDFD	48134.5	16	1332
#FEFEFF	48134.5	17	1333
#FEFEFF	48135	17.5	1333
#FEFEFF	48135.5	17	1333
#FEFEFF	48135	16.5	1333
#FEFEFE	48135	17.5	1334
#FEFEFE	48135.5	18	1334
#FEFEFE	48136	17.5	1334
#FEFEFE	48135.5	17	1334
#FCFCFD	48135.5	18	1335
#FCFCFD	48136	18.5	1335
#FCFCFD	48136.5	18	1335
#FCFCFD	48136	17.5	1335
#FFFFFF	48136	18.5	1336
#FFFFFF	48136.5	19	1336
#FFFFFF	48137	18.5	1336
#FFFFFF	48136.5	18	1336
#FCFCFE	48136.5	19	1337
#FCFCFE	48137	19.5	1337
#FCFCFE	48137.5	19	1337
#FCFCFE	48137	18.5	1337
#FEFEFE	48137	19.5	1338
#FEFEFE	48137.5	20	1338
#FEFEFE	48138	19.5	1338
#FEFEFE	48137.5	19	1338
#FEFDFD	48137.5	20	1339
#FEFDFD	48138	20.5	1339
#FEFDFD	48138.5	20	1339
#FEFDFD	48138	19.5	1339
#FAF4F3	48138	20.5	1340
#FAF4F3	48138.5	21	1340
#FAF4F3	48139	20.5	1340
#FAF4F3	48138.5	20	1340
#FBF5F4	48138.5	21	1341
#FBF5F4	48139	21.5	1341
#FBF5F4	48139.5	21	1341
#FBF5F4	48139	20.5	1341
#FDFAFA	48139	21.5	1342
#FDFAFA	48139.5	22	1342
#FDFAFA	48140	21.5	1342
#FDFAFA	48139.5	21	1342
#FCF9F8	48139.5	22	1343
#FCF9F8	48140	22.5	1343
#FCF9F8	48140.5	22	1343
#FCF9F8	48140	21.5	1343
#FEFCFC	48140	22.5	1344
#FEFCFC	48140.5	23	1344
#FEFCFC	48141	22.5	1344
#FEFCFC	48140.5	22	1344
#FBF5F5	48140.5	23	1345
#FBF5F5	48141	23.5	1345
#FBF5F5	48141.5	23	1345
#FBF5F5	48141	22.5	1345
#FEFDFD	48141	23.5	1346
#FEFDFD	48141.5	24	1346
#FEFDFD	48142	23.5	1346
#FEFDFD	48141.5	23	1346
#F6F5FA	48141.5	24	1347
#F6F5FA	48142	24.5	1347
#F6F5FA	48142.5	24	1347
#F6F5FA	48142	23.5	1347
#FCF9F9	48142	24.5	1348
#FCF9F9	48142.5	25	1348
#FCF9F9	48143	24.5	1348
#FCF9F9	48142.5	24	1348
#BF817A	48118.5	0	1349
#BF817A	48119	0.5	1349
#BF817A	48119.5	0	1349
#BF817A	48119	-0.5	1349
#E9CECB	48119	0.5	1350
#E9CECB	48119.5	1	1350
#E9CECB	48120	0.5	1350
#E9CECB	48119.5	0	1350
#F9F2F1	48119.5	1	1351
#F9F2F1	48120	1.5	1351
#F9F2F1	48120.5	1	1351
#F9F2F1	48120	0.5	1351
#F6EBE9	48120	1.5	1352
#F6EBE9	48120.5	2	1352
#F6EBE9	48121	1.5	1352
#F6EBE9	48120.5	1	1352
#F2E1DF	48120.5	2	1353
#F2E1DF	48121	2.5	1353
#F2E1DF	48121.5	2	1353
#F2E1DF	48121	1.5	1353
#F8EFEE	48121	2.5	1354
#F8EFEE	48121.5	3	1354
#F8EFEE	48122	2.5	1354
#F8EFEE	48121.5	2	1354
#FEFDFD	48121.5	3	1355
#FEFDFD	48122	3.5	1355
#FEFDFD	48122.5	3	1355
#FEFDFD	48122	2.5	1355
#FEFDFD	48122	3.5	1356
#FEFDFD	48122.5	4	1356
#FEFDFD	48123	3.5	1356
#FEFDFD	48122.5	3	1356
#E4E0F0	48122.5	4	1357
#E4E0F0	48123	4.5	1357
#E4E0F0	48123.5	4	1357
#E4E0F0	48123	3.5	1357
#E7E4F2	48123	4.5	1358
#E7E4F2	48123.5	5	1358
#E7E4F2	48124	4.5	1358
#E7E4F2	48123.5	4	1358
#F4F2F9	48123.5	5	1359
#F4F2F9	48124	5.5	1359
#F4F2F9	48124.5	5	1359
#F4F2F9	48124	4.5	1359
#FBFBFD	48124	5.5	1360
#FBFBFD	48124.5	6	1360
#FBFBFD	48125	5.5	1360
#FBFBFD	48124.5	5	1360
#FCFBFD	48124.5	6	1361
#FCFBFD	48125	6.5	1361
#FCFBFD	48125.5	6	1361
#FCFBFD	48125	5.5	1361
#FBF6F6	48125	6.5	1362
#FBF6F6	48125.5	7	1362
#FBF6F6	48126	6.5	1362
#FBF6F6	48125.5	6	1362
#FBF5F5	48125.5	7	1363
#FBF5F5	48126	7.5	1363
#FBF5F5	48126.5	7	1363
#FBF5F5	48126	6.5	1363
#F3E4E2	48126	7.5	1364
#F3E4E2	48126.5	8	1364
#F3E4E2	48127	7.5	1364
#F3E4E2	48126.5	7	1364
#FEFEFE	48126.5	8	1365
#FEFEFE	48127	8.5	1365
#FEFEFE	48127.5	8	1365
#FEFEFE	48127	7.5	1365
#FDFCFE	48127	8.5	1366
#FDFCFE	48127.5	9	1366
#FDFCFE	48128	8.5	1366
#FDFCFE	48127.5	8	1366
#FEFDFD	48127.5	9	1367
#FEFDFD	48128	9.5	1367
#FEFDFD	48128.5	9	1367
#FEFDFD	48128	8.5	1367
#FFFFFF	48128	9.5	1368
#FFFFFF	48128.5	10	1368
#FFFFFF	48129	9.5	1368
#FFFFFF	48128.5	9	1368
#FDFAFA	48128.5	10	1369
#FDFAFA	48129	10.5	1369
#FDFAFA	48129.5	10	1369
#FDFAFA	48129	9.5	1369
#F9F1F0	48129	10.5	1370
#F9F1F0	48129.5	11	1370
#F9F1F0	48130	10.5	1370
#F9F1F0	48129.5	10	1370
#FAF4F3	48129.5	11	1371
#FAF4F3	48130	11.5	1371
#FAF4F3	48130.5	11	1371
#FAF4F3	48130	10.5	1371
#FAF3F2	48130	11.5	1372
#FAF3F2	48130.5	12	1372
#FAF3F2	48131	11.5	1372
#FAF3F2	48130.5	11	1372
#FFFEFE	48130.5	12	1373
#FFFEFE	48131	12.5	1373
#FFFEFE	48131.5	12	1373
#FFFEFE	48131	11.5	1373
#FEFDFD	48131	12.5	1374
#FEFDFD	48131.5	13	1374
#FEFDFD	48132	12.5	1374
#FEFDFD	48131.5	12	1374
#FCF9F8	48131.5	13	1375
#FCF9F8	48132	13.5	1375
#FCF9F8	48132.5	13	1375
#FCF9F8	48132	12.5	1375
#FEFEFF	48132	13.5	1376
#FEFEFF	48132.5	14	1376
#FEFEFF	48133	13.5	1376
#FEFEFF	48132.5	13	1376
#FEFCFC	48132.5	14	1377
#FEFCFC	48133	14.5	1377
#FEFCFC	48133.5	14	1377
#FEFCFC	48133	13.5	1377
#FEFCFC	48133	14.5	1378
#FEFCFC	48133.5	15	1378
#FEFCFC	48134	14.5	1378
#FEFCFC	48133.5	14	1378
#F8F6FB	48133.5	15	1379
#F8F6FB	48134	15.5	1379
#F8F6FB	48134.5	15	1379
#F8F6FB	48134	14.5	1379
#F7F6FB	48134	15.5	1380
#F7F6FB	48134.5	16	1380
#F7F6FB	48135	15.5	1380
#F7F6FB	48134.5	15	1380
#FFFFFF	48134.5	16	1381
#FFFFFF	48135	16.5	1381
#FFFFFF	48135.5	16	1381
#FFFFFF	48135	15.5	1381
#FFFEFE	48135	16.5	1382
#FFFEFE	48135.5	17	1382
#FFFEFE	48136	16.5	1382
#FFFEFE	48135.5	16	1382
#FCFBFD	48135.5	17	1383
#FCFBFD	48136	17.5	1383
#FCFBFD	48136.5	17	1383
#FCFBFD	48136	16.5	1383
#F6F5FA	48136	17.5	1384
#F6F5FA	48136.5	18	1384
#F6F5FA	48137	17.5	1384
#F6F5FA	48136.5	17	1384
#FCFCFE	48136.5	18	1385
#FCFCFE	48137	18.5	1385
#FCFCFE	48137.5	18	1385
#FCFCFE	48137	17.5	1385
#FFFFFF	48137	18.5	1386
#FFFFFF	48137.5	19	1386
#FFFFFF	48138	18.5	1386
#FFFFFF	48137.5	18	1386
#FBFBFD	48137.5	19	1387
#FBFBFD	48138	19.5	1387
#FBFBFD	48138.5	19	1387
#FBFBFD	48138	18.5	1387
#F0EEF7	48138	19.5	1388
#F0EEF7	48138.5	20	1388
#F0EEF7	48139	19.5	1388
#F0EEF7	48138.5	19	1388
#FBFBFD	48138.5	20	1389
#FBFBFD	48139	20.5	1389
#FBFBFD	48139.5	20	1389
#FBFBFD	48139	19.5	1389
#FDFAFA	48139	20.5	1390
#FDFAFA	48139.5	21	1390
#FDFAFA	48140	20.5	1390
#FDFAFA	48139.5	20	1390
#FEFDFC	48139.5	21	1391
#FEFDFC	48140	21.5	1391
#FEFDFC	48140.5	21	1391
#FEFDFC	48140	20.5	1391
#FBF5F5	48140	21.5	1392
#FBF5F5	48140.5	22	1392
#FBF5F5	48141	21.5	1392
#FBF5F5	48140.5	21	1392
#FBFBFD	48140.5	22	1393
#FBFBFD	48141	22.5	1393
#FBFBFD	48141.5	22	1393
#FBFBFD	48141	21.5	1393
#FDFDFE	48141	22.5	1394
#FDFDFE	48141.5	23	1394
#FDFDFE	48142	22.5	1394
#FDFDFE	48141.5	22	1394
#FEFDFD	48141.5	23	1395
#FEFDFD	48142	23.5	1395
#FEFDFD	48142.5	23	1395
#FEFDFD	48142	22.5	1395
#F4F3F9	48142	23.5	1396
#F4F3F9	48142.5	24	1396
#F4F3F9	48143	23.5	1396
#F4F3F9	48142.5	23	1396
#FFFFFF	48142.5	24	1397
#FFFFFF	48143	24.5	1397
#FFFFFF	48143.5	24	1397
#FFFFFF	48143	23.5	1397
#FFFFFF	48143	24.5	1398
#FFFFFF	48143.5	25	1398
#FFFFFF	48144	24.5	1398
#FFFFFF	48143.5	24	1398
#D4A6A0	48119.5	0	1399
#D4A6A0	48120	0.5	1399
#D4A6A0	48120.5	0	1399
#D4A6A0	48120	-0.5	1399
#F7ECEB	48120	0.5	1400
#F7ECEB	48120.5	1	1400
#F7ECEB	48121	0.5	1400
#F7ECEB	48120.5	0	1400
#EFDBD9	48120.5	1	1401
#EFDBD9	48121	1.5	1401
#EFDBD9	48121.5	1	1401
#EFDBD9	48121	0.5	1401
#F1E0DE	48121	1.5	1402
#F1E0DE	48121.5	2	1402
#F1E0DE	48122	1.5	1402
#F1E0DE	48121.5	1	1402
#F3E4E2	48121.5	2	1403
#F3E4E2	48122	2.5	1403
#F3E4E2	48122.5	2	1403
#F3E4E2	48122	1.5	1403
#F6EAE9	48122	2.5	1404
#F6EAE9	48122.5	3	1404
#F6EAE9	48123	2.5	1404
#F6EAE9	48122.5	2	1404
#FDF9F9	48122.5	3	1405
#FDF9F9	48123	3.5	1405
#FDF9F9	48123.5	3	1405
#FDF9F9	48123	2.5	1405
#FFFFFF	48123	3.5	1406
#FFFFFF	48123.5	4	1406
#FFFFFF	48124	3.5	1406
#FFFFFF	48123.5	3	1406
#FBFBFD	48123.5	4	1407
#FBFBFD	48124	4.5	1407
#FBFBFD	48124.5	4	1407
#FBFBFD	48124	3.5	1407
#FCFCFD	48124	4.5	1408
#FCFCFD	48124.5	5	1408
#FCFCFD	48125	4.5	1408
#FCFCFD	48124.5	4	1408
#FCF8F7	48124.5	5	1409
#FCF8F7	48125	5.5	1409
#FCF8F7	48125.5	5	1409
#FCF8F7	48125	4.5	1409
#FEFEFF	48125	5.5	1410
#FEFEFF	48125.5	6	1410
#FEFEFF	48126	5.5	1410
#FEFEFF	48125.5	5	1410
#FFFFFF	48125.5	6	1411
#FFFFFF	48126	6.5	1411
#FFFFFF	48126.5	6	1411
#FFFFFF	48126	5.5	1411
#F7EDEB	48126	6.5	1412
#F7EDEB	48126.5	7	1412
#F7EDEB	48127	6.5	1412
#F7EDEB	48126.5	6	1412
#F2E1DF	48126.5	7	1413
#F2E1DF	48127	7.5	1413
#F2E1DF	48127.5	7	1413
#F2E1DF	48127	6.5	1413
#FEFDFE	48127	7.5	1414
#FEFDFE	48127.5	8	1414
#FEFDFE	48128	7.5	1414
#FEFDFE	48127.5	7	1414
#FDFCFE	48127.5	8	1415
#FDFCFE	48128	8.5	1415
#FDFCFE	48128.5	8	1415
#FDFCFE	48128	7.5	1415
#FEFDFD	48128	8.5	1416
#FEFDFD	48128.5	9	1416
#FEFDFD	48129	8.5	1416
#FEFDFD	48128.5	8	1416
#FFFFFF	48128.5	9	1417
#FFFFFF	48129	9.5	1417
#FFFFFF	48129.5	9	1417
#FFFFFF	48129	8.5	1417
#FFFFFF	48129	9.5	1418
#FFFFFF	48129.5	10	1418
#FFFFFF	48130	9.5	1418
#FFFFFF	48129.5	9	1418
#FDF9F9	48129.5	10	1419
#FDF9F9	48130	10.5	1419
#FDF9F9	48130.5	10	1419
#FDF9F9	48130	9.5	1419
#FEFCFC	48130	10.5	1420
#FEFCFC	48130.5	11	1420
#FEFCFC	48131	10.5	1420
#FEFCFC	48130.5	10	1420
#FCF8F7	48130.5	11	1421
#FCF8F7	48131	11.5	1421
#FCF8F7	48131.5	11	1421
#FCF8F7	48131	10.5	1421
#FFFFFF	48131	11.5	1422
#FFFFFF	48131.5	12	1422
#FFFFFF	48132	11.5	1422
#FFFFFF	48131.5	11	1422
#FCF8F7	48131.5	12	1423
#FCF8F7	48132	12.5	1423
#FCF8F7	48132.5	12	1423
#FCF8F7	48132	11.5	1423
#FEFEFE	48132	12.5	1424
#FEFEFE	48132.5	13	1424
#FEFEFE	48133	12.5	1424
#FEFEFE	48132.5	12	1424
#FBF5F4	48132.5	13	1425
#FBF5F4	48133	13.5	1425
#FBF5F4	48133.5	13	1425
#FBF5F4	48133	12.5	1425
#FBF6F5	48133	13.5	1426
#FBF6F5	48133.5	14	1426
#FBF6F5	48134	13.5	1426
#FBF6F5	48133.5	13	1426
#F8EFEE	48133.5	14	1427
#F8EFEE	48134	14.5	1427
#F8EFEE	48134.5	14	1427
#F8EFEE	48134	13.5	1427
#FCFCFD	48134	14.5	1428
#FCFCFD	48134.5	15	1428
#FCFCFD	48135	14.5	1428
#FCFCFD	48134.5	14	1428
#F9F8FC	48134.5	15	1429
#F9F8FC	48135	15.5	1429
#F9F8FC	48135.5	15	1429
#F9F8FC	48135	14.5	1429
#F5F4FA	48135	15.5	1430
#F5F4FA	48135.5	16	1430
#F5F4FA	48136	15.5	1430
#F5F4FA	48135.5	15	1430
#F8F7FB	48135.5	16	1431
#F8F7FB	48136	16.5	1431
#F8F7FB	48136.5	16	1431
#F8F7FB	48136	15.5	1431
#ECE9F5	48136	16.5	1432
#ECE9F5	48136.5	17	1432
#ECE9F5	48137	16.5	1432
#ECE9F5	48136.5	16	1432
#EDEBF5	48136.5	17	1433
#EDEBF5	48137	17.5	1433
#EDEBF5	48137.5	17	1433
#EDEBF5	48137	16.5	1433
#F9F8FC	48137	17.5	1434
#F9F8FC	48137.5	18	1434
#F9F8FC	48138	17.5	1434
#F9F8FC	48137.5	17	1434
#FAF9FC	48137.5	18	1435
#FAF9FC	48138	18.5	1435
#FAF9FC	48138.5	18	1435
#FAF9FC	48138	17.5	1435
#FAFAFC	48138	18.5	1436
#FAFAFC	48138.5	19	1436
#FAFAFC	48139	18.5	1436
#FAFAFC	48138.5	18	1436
#F2F0F8	48138.5	19	1437
#F2F0F8	48139	19.5	1437
#F2F0F8	48139.5	19	1437
#F2F0F8	48139	18.5	1437
#FAFAFC	48139	19.5	1438
#FAFAFC	48139.5	20	1438
#FAFAFC	48140	19.5	1438
#FAFAFC	48139.5	19	1438
#FEFEFE	48139.5	20	1439
#FEFEFE	48140	20.5	1439
#FEFEFE	48140.5	20	1439
#FEFEFE	48140	19.5	1439
#FAF4F3	48140	20.5	1440
#FAF4F3	48140.5	21	1440
#FAF4F3	48141	20.5	1440
#FAF4F3	48140.5	20	1440
#FDF9F9	48140.5	21	1441
#FDF9F9	48141	21.5	1441
#FDF9F9	48141.5	21	1441
#FDF9F9	48141	20.5	1441
#FEFDFC	48141	21.5	1442
#FEFDFC	48141.5	22	1442
#FEFDFC	48142	21.5	1442
#FEFDFC	48141.5	21	1442
#FDFDFE	48141.5	22	1443
#FDFDFE	48142	22.5	1443
#FDFDFE	48142.5	22	1443
#FDFDFE	48142	21.5	1443
#FFFEFE	48142	22.5	1444
#FFFEFE	48142.5	23	1444
#FFFEFE	48143	22.5	1444
#FFFEFE	48142.5	22	1444
#FDFDFE	48142.5	23	1445
#FDFDFE	48143	23.5	1445
#FDFDFE	48143.5	23	1445
#FDFDFE	48143	22.5	1445
#FFFFFF	48143	23.5	1446
#FFFFFF	48143.5	24	1446
#FFFFFF	48144	23.5	1446
#FFFFFF	48143.5	23	1446
#FFFFFF	48143.5	24	1447
#FFFFFF	48144	24.5	1447
#FFFFFF	48144.5	24	1447
#FFFFFF	48144	23.5	1447
#FDFBFA	48144	24.5	1448
#FDFBFA	48144.5	25	1448
#FDFBFA	48145	24.5	1448
#FDFBFA	48144.5	24	1448
#D9B0AA	48120.5	0	1449
#D9B0AA	48121	0.5	1449
#D9B0AA	48121.5	0	1449
#D9B0AA	48121	-0.5	1449
#E8CCC8	48121	0.5	1450
#E8CCC8	48121.5	1	1450
#E8CCC8	48122	0.5	1450
#E8CCC8	48121.5	0	1450
#D3A39D	48121.5	1	1451
#D3A39D	48122	1.5	1451
#D3A39D	48122.5	1	1451
#D3A39D	48122	0.5	1451
#E9CFCB	48122	1.5	1452
#E9CFCB	48122.5	2	1452
#E9CFCB	48123	1.5	1452
#E9CFCB	48122.5	1	1452
#F1E0DD	48122.5	2	1453
#F1E0DD	48123	2.5	1453
#F1E0DD	48123.5	2	1453
#F1E0DD	48123	1.5	1453
#F9F2F1	48123	2.5	1454
#F9F2F1	48123.5	3	1454
#F9F2F1	48124	2.5	1454
#F9F2F1	48123.5	2	1454
#FAF9FC	48123.5	3	1455
#FAF9FC	48124	3.5	1455
#FAF9FC	48124.5	3	1455
#FAF9FC	48124	2.5	1455
#ECE9F5	48124	3.5	1456
#ECE9F5	48124.5	4	1456
#ECE9F5	48125	3.5	1456
#ECE9F5	48124.5	3	1456
#EAE7F4	48124.5	4	1457
#EAE7F4	48125	4.5	1457
#EAE7F4	48125.5	4	1457
#EAE7F4	48125	3.5	1457
#F5F3F9	48125	4.5	1458
#F5F3F9	48125.5	5	1458
#F5F3F9	48126	4.5	1458
#F5F3F9	48125.5	4	1458
#E7E3F2	48125.5	5	1459
#E7E3F2	48126	5.5	1459
#E7E3F2	48126.5	5	1459
#E7E3F2	48126	4.5	1459
#E0DCEE	48126	5.5	1460
#E0DCEE	48126.5	6	1460
#E0DCEE	48127	5.5	1460
#E0DCEE	48126.5	5	1460
#FEFEFE	48126.5	6	1461
#FEFEFE	48127	6.5	1461
#FEFEFE	48127.5	6	1461
#FEFEFE	48127	5.5	1461
#FDFBFB	48127	6.5	1462
#FDFBFB	48127.5	7	1462
#FDFBFB	48128	6.5	1462
#FDFBFB	48127.5	6	1462
#FCFCFD	48127.5	7	1463
#FCFCFD	48128	7.5	1463
#FCFCFD	48128.5	7	1463
#FCFCFD	48128	6.5	1463
#F4F2F9	48128	7.5	1464
#F4F2F9	48128.5	8	1464
#F4F2F9	48129	7.5	1464
#F4F2F9	48128.5	7	1464
#FBFBFD	48128.5	8	1465
#FBFBFD	48129	8.5	1465
#FBFBFD	48129.5	8	1465
#FBFBFD	48129	7.5	1465
#EAE7F3	48129	8.5	1466
#EAE7F3	48129.5	9	1466
#EAE7F3	48130	8.5	1466
#EAE7F3	48129.5	8	1466
#F8F7FB	48129.5	9	1467
#F8F7FB	48130	9.5	1467
#F8F7FB	48130.5	9	1467
#F8F7FB	48130	8.5	1467
#FBFAFD	48130	9.5	1468
#FBFAFD	48130.5	10	1468
#FBFAFD	48131	9.5	1468
#FBFAFD	48130.5	9	1468
#FDFAF9	48130.5	10	1469
#FDFAF9	48131	10.5	1469
#FDFAF9	48131.5	10	1469
#FDFAF9	48131	9.5	1469
#FDFCFE	48131	10.5	1470
#FDFCFE	48131.5	11	1470
#FDFCFE	48132	10.5	1470
#FDFCFE	48131.5	10	1470
#FCFCFE	48131.5	11	1471
#FCFCFE	48132	11.5	1471
#FCFCFE	48132.5	11	1471
#FCFCFE	48132	10.5	1471
#FEFEFE	48132	11.5	1472
#FEFEFE	48132.5	12	1472
#FEFEFE	48133	11.5	1472
#FEFEFE	48132.5	11	1472
#FAFAFC	48132.5	12	1473
#FAFAFC	48133	12.5	1473
#FAFAFC	48133.5	12	1473
#FAFAFC	48133	11.5	1473
#FEFDFD	48133	12.5	1474
#FEFDFD	48133.5	13	1474
#FEFDFD	48134	12.5	1474
#FEFDFD	48133.5	12	1474
#F7F6FB	48133.5	13	1475
#F7F6FB	48134	13.5	1475
#F7F6FB	48134.5	13	1475
#F7F6FB	48134	12.5	1475
#FDF9F9	48134	13.5	1476
#FDF9F9	48134.5	14	1476
#FDF9F9	48135	13.5	1476
#FDF9F9	48134.5	13	1476
#FCFCFE	48134.5	14	1477
#FCFCFE	48135	14.5	1477
#FCFCFE	48135.5	14	1477
#FCFCFE	48135	13.5	1477
#F6F5FA	48135	14.5	1478
#F6F5FA	48135.5	15	1478
#F6F5FA	48136	14.5	1478
#F6F5FA	48135.5	14	1478
#EAE7F4	48135.5	15	1479
#EAE7F4	48136	15.5	1479
#EAE7F4	48136.5	15	1479
#EAE7F4	48136	14.5	1479
#EAE7F4	48136	15.5	1480
#EAE7F4	48136.5	16	1480
#EAE7F4	48137	15.5	1480
#EAE7F4	48136.5	15	1480
#F2F0F8	48136.5	16	1481
#F2F0F8	48137	16.5	1481
#F2F0F8	48137.5	16	1481
#F2F0F8	48137	15.5	1481
#FAF9FC	48137	16.5	1482
#FAF9FC	48137.5	17	1482
#FAF9FC	48138	16.5	1482
#FAF9FC	48137.5	16	1482
#F8F7FB	48137.5	17	1483
#F8F7FB	48138	17.5	1483
#F8F7FB	48138.5	17	1483
#F8F7FB	48138	16.5	1483
#F8F7FB	48138	17.5	1484
#F8F7FB	48138.5	18	1484
#F8F7FB	48139	17.5	1484
#F8F7FB	48138.5	17	1484
#E8E5F3	48138.5	18	1485
#E8E5F3	48139	18.5	1485
#E8E5F3	48139.5	18	1485
#E8E5F3	48139	17.5	1485
#EEEBF6	48139	18.5	1486
#EEEBF6	48139.5	19	1486
#EEEBF6	48140	18.5	1486
#EEEBF6	48139.5	18	1486
#FDFCFE	48139.5	19	1487
#FDFCFE	48140	19.5	1487
#FDFCFE	48140.5	19	1487
#FDFCFE	48140	18.5	1487
#FDFBFB	48140	19.5	1488
#FDFBFB	48140.5	20	1488
#FDFBFB	48141	19.5	1488
#FDFBFB	48140.5	19	1488
#FCFCFE	48140.5	20	1489
#FCFCFE	48141	20.5	1489
#FCFCFE	48141.5	20	1489
#FCFCFE	48141	19.5	1489
#FEFEFE	48141	20.5	1490
#FEFEFE	48141.5	21	1490
#FEFEFE	48142	20.5	1490
#FEFEFE	48141.5	20	1490
#FFFFFF	48141.5	21	1491
#FFFFFF	48142	21.5	1491
#FFFFFF	48142.5	21	1491
#FFFFFF	48142	20.5	1491
#FDF9F9	48142	21.5	1492
#FDF9F9	48142.5	22	1492
#FDF9F9	48143	21.5	1492
#FDF9F9	48142.5	21	1492
#FFFFFF	48142.5	22	1493
#FFFFFF	48143	22.5	1493
#FFFFFF	48143.5	22	1493
#FFFFFF	48143	21.5	1493
#FDFDFE	48143	22.5	1494
#FDFDFE	48143.5	23	1494
#FDFDFE	48144	22.5	1494
#FDFDFE	48143.5	22	1494
#FEFEFE	48143.5	23	1495
#FEFEFE	48144	23.5	1495
#FEFEFE	48144.5	23	1495
#FEFEFE	48144	22.5	1495
#FBFAFD	48144	23.5	1496
#FBFAFD	48144.5	24	1496
#FBFAFD	48145	23.5	1496
#FBFAFD	48144.5	23	1496
#FAF9FC	48144.5	24	1497
#FAF9FC	48145	24.5	1497
#FAF9FC	48145.5	24	1497
#FAF9FC	48145	23.5	1497
#F7F6FB	48145	24.5	1498
#F7F6FB	48145.5	25	1498
#F7F6FB	48146	24.5	1498
#F7F6FB	48145.5	24	1498
#C68E87	48121.5	0	1499
#C68E87	48122	0.5	1499
#C68E87	48122.5	0	1499
#C68E87	48122	-0.5	1499
#F4E6E4	48122	0.5	1500
#F4E6E4	48122.5	1	1500
#F4E6E4	48123	0.5	1500
#F4E6E4	48122.5	0	1500
#FBF7F6	48122.5	1	1501
#FBF7F6	48123	1.5	1501
#FBF7F6	48123.5	1	1501
#FBF7F6	48123	0.5	1501
#F9F1F0	48123	1.5	1502
#F9F1F0	48123.5	2	1502
#F9F1F0	48124	1.5	1502
#F9F1F0	48123.5	1	1502
#FEFCFC	48123.5	2	1503
#FEFCFC	48124	2.5	1503
#FEFCFC	48124.5	2	1503
#FEFCFC	48124	1.5	1503
#F4F2F9	48124	2.5	1504
#F4F2F9	48124.5	3	1504
#F4F2F9	48125	2.5	1504
#F4F2F9	48124.5	2	1504
#D9D4EA	48124.5	3	1505
#D9D4EA	48125	3.5	1505
#D9D4EA	48125.5	3	1505
#D9D4EA	48125	2.5	1505
#DDD8ED	48125	3.5	1506
#DDD8ED	48125.5	4	1506
#DDD8ED	48126	3.5	1506
#DDD8ED	48125.5	3	1506
#EEECF6	48125.5	4	1507
#EEECF6	48126	4.5	1507
#EEECF6	48126.5	4	1507
#EEECF6	48126	3.5	1507
#E0DCEE	48126	4.5	1508
#E0DCEE	48126.5	5	1508
#E0DCEE	48127	4.5	1508
#E0DCEE	48126.5	4	1508
#DFDBEE	48126.5	5	1509
#DFDBEE	48127	5.5	1509
#DFDBEE	48127.5	5	1509
#DFDBEE	48127	4.5	1509
#FDFDFE	48127	5.5	1510
#FDFDFE	48127.5	6	1510
#FDFDFE	48128	5.5	1510
#FDFDFE	48127.5	5	1510
#FDFDFE	48127.5	6	1511
#FDFDFE	48128	6.5	1511
#FDFDFE	48128.5	6	1511
#FDFDFE	48128	5.5	1511
#F1EFF7	48128	6.5	1512
#F1EFF7	48128.5	7	1512
#F1EFF7	48129	6.5	1512
#F1EFF7	48128.5	6	1512
#FEFEFF	48128.5	7	1513
#FEFEFF	48129	7.5	1513
#FEFEFF	48129.5	7	1513
#FEFEFF	48129	6.5	1513
#FDFCFE	48129	7.5	1514
#FDFCFE	48129.5	8	1514
#FDFCFE	48130	7.5	1514
#FDFCFE	48129.5	7	1514
#DCD7EC	48129.5	8	1515
#DCD7EC	48130	8.5	1515
#DCD7EC	48130.5	8	1515
#DCD7EC	48130	7.5	1515
#F3F1F8	48130	8.5	1516
#F3F1F8	48130.5	9	1516
#F3F1F8	48131	8.5	1516
#F3F1F8	48130.5	8	1516
#F6F5FA	48130.5	9	1517
#F6F5FA	48131	9.5	1517
#F6F5FA	48131.5	9	1517
#F6F5FA	48131	8.5	1517
#FEFEFE	48131	9.5	1518
#FEFEFE	48131.5	10	1518
#FEFEFE	48132	9.5	1518
#FEFEFE	48131.5	9	1518
#FAF9FC	48131.5	10	1519
#FAF9FC	48132	10.5	1519
#FAF9FC	48132.5	10	1519
#FAF9FC	48132	9.5	1519
#F5F4FA	48132	10.5	1520
#F5F4FA	48132.5	11	1520
#F5F4FA	48133	10.5	1520
#F5F4FA	48132.5	10	1520
#FDFAF9	48132.5	11	1521
#FDFAF9	48133	11.5	1521
#FDFAF9	48133.5	11	1521
#FDFAF9	48133	10.5	1521
#FCFBFD	48133	11.5	1522
#FCFBFD	48133.5	12	1522
#FCFBFD	48134	11.5	1522
#FCFBFD	48133.5	11	1522
#F8F7FB	48133.5	12	1523
#F8F7FB	48134	12.5	1523
#F8F7FB	48134.5	12	1523
#F8F7FB	48134	11.5	1523
#EAE8F4	48134	12.5	1524
#EAE8F4	48134.5	13	1524
#EAE8F4	48135	12.5	1524
#EAE8F4	48134.5	12	1524
#FEFDFD	48134.5	13	1525
#FEFDFD	48135	13.5	1525
#FEFDFD	48135.5	13	1525
#FEFDFD	48135	12.5	1525
#FEFEFE	48135	13.5	1526
#FEFEFE	48135.5	14	1526
#FEFEFE	48136	13.5	1526
#FEFEFE	48135.5	13	1526
#EEECF6	48135.5	14	1527
#EEECF6	48136	14.5	1527
#EEECF6	48136.5	14	1527
#EEECF6	48136	13.5	1527
#DCD7EC	48136	14.5	1528
#DCD7EC	48136.5	15	1528
#DCD7EC	48137	14.5	1528
#DCD7EC	48136.5	14	1528
#E3DFF0	48136.5	15	1529
#E3DFF0	48137	15.5	1529
#E3DFF0	48137.5	15	1529
#E3DFF0	48137	14.5	1529
#F5F3F9	48137	15.5	1530
#F5F3F9	48137.5	16	1530
#F5F3F9	48138	15.5	1530
#F5F3F9	48137.5	15	1530
#EFEDF7	48137.5	16	1531
#EFEDF7	48138	16.5	1531
#EFEDF7	48138.5	16	1531
#EFEDF7	48138	15.5	1531
#DCD7EC	48138	16.5	1532
#DCD7EC	48138.5	17	1532
#DCD7EC	48139	16.5	1532
#DCD7EC	48138.5	16	1532
#EFECF6	48138.5	17	1533
#EFECF6	48139	17.5	1533
#EFECF6	48139.5	17	1533
#EFECF6	48139	16.5	1533
#F6F5FA	48139	17.5	1534
#F6F5FA	48139.5	18	1534
#F6F5FA	48140	17.5	1534
#F6F5FA	48139.5	17	1534
#E7E4F2	48139.5	18	1535
#E7E4F2	48140	18.5	1535
#E7E4F2	48140.5	18	1535
#E7E4F2	48140	17.5	1535
#F8F7FB	48140	18.5	1536
#F8F7FB	48140.5	19	1536
#F8F7FB	48141	18.5	1536
#F8F7FB	48140.5	18	1536
#F6F5FA	48140.5	19	1537
#F6F5FA	48141	19.5	1537
#F6F5FA	48141.5	19	1537
#F6F5FA	48141	18.5	1537
#FFFFFF	48141	19.5	1538
#FFFFFF	48141.5	20	1538
#FFFFFF	48142	19.5	1538
#FFFFFF	48141.5	19	1538
#FFFFFF	48141.5	20	1539
#FFFFFF	48142	20.5	1539
#FFFFFF	48142.5	20	1539
#FFFFFF	48142	19.5	1539
#FCFBFD	48142	20.5	1540
#FCFBFD	48142.5	21	1540
#FCFBFD	48143	20.5	1540
#FCFBFD	48142.5	20	1540
#FDFDFE	48142.5	21	1541
#FDFDFE	48143	21.5	1541
#FDFDFE	48143.5	21	1541
#FDFDFE	48143	20.5	1541
#FDFDFE	48143	21.5	1542
#FDFDFE	48143.5	22	1542
#FDFDFE	48144	21.5	1542
#FDFDFE	48143.5	21	1542
#FFFFFF	48143.5	22	1543
#FFFFFF	48144	22.5	1543
#FFFFFF	48144.5	22	1543
#FFFFFF	48144	21.5	1543
#FDFDFE	48144	22.5	1544
#FDFDFE	48144.5	23	1544
#FDFDFE	48145	22.5	1544
#FDFDFE	48144.5	22	1544
#FBFAFD	48144.5	23	1545
#FBFAFD	48145	23.5	1545
#FBFAFD	48145.5	23	1545
#FBFAFD	48145	22.5	1545
#FEFEFD	48145	23.5	1546
#FEFEFD	48145.5	24	1546
#FEFEFD	48146	23.5	1546
#FEFEFD	48145.5	23	1546
#FBFBFD	48145.5	24	1547
#FBFBFD	48146	24.5	1547
#FBFBFD	48146.5	24	1547
#FBFBFD	48146	23.5	1547
#FFFFFF	48146	24.5	1548
#FFFFFF	48146.5	25	1548
#FFFFFF	48147	24.5	1548
#FFFFFF	48146.5	24	1548
#CC9790	48122.5	0	1549
#CC9790	48123	0.5	1549
#CC9790	48123.5	0	1549
#CC9790	48123	-0.5	1549
#F8EFEE	48123	0.5	1550
#F8EFEE	48123.5	1	1550
#F8EFEE	48124	0.5	1550
#F8EFEE	48123.5	0	1550
#F7EDEB	48123.5	1	1551
#F7EDEB	48124	1.5	1551
#F7EDEB	48124.5	1	1551
#F7EDEB	48124	0.5	1551
#FAF3F2	48124	1.5	1552
#FAF3F2	48124.5	2	1552
#FAF3F2	48125	1.5	1552
#FAF3F2	48124.5	1	1552
#FBFAFD	48124.5	2	1553
#FBFAFD	48125	2.5	1553
#FBFAFD	48125.5	2	1553
#FBFAFD	48125	1.5	1553
#E7E3F2	48125	2.5	1554
#E7E3F2	48125.5	3	1554
#E7E3F2	48126	2.5	1554
#E7E3F2	48125.5	2	1554
#E8E5F2	48125.5	3	1555
#E8E5F2	48126	3.5	1555
#E8E5F2	48126.5	3	1555
#E8E5F2	48126	2.5	1555
#EBE8F4	48126	3.5	1556
#EBE8F4	48126.5	4	1556
#EBE8F4	48127	3.5	1556
#EBE8F4	48126.5	3	1556
#EDEBF5	48126.5	4	1557
#EDEBF5	48127	4.5	1557
#EDEBF5	48127.5	4	1557
#EDEBF5	48127	3.5	1557
#F0EEF7	48127	4.5	1558
#F0EEF7	48127.5	5	1558
#F0EEF7	48128	4.5	1558
#F0EEF7	48127.5	4	1558
#FFFEFE	48127.5	5	1559
#FFFEFE	48128	5.5	1559
#FFFEFE	48128.5	5	1559
#FFFEFE	48128	4.5	1559
#FEFCFB	48128	5.5	1560
#FEFCFB	48128.5	6	1560
#FEFCFB	48129	5.5	1560
#FEFCFB	48128.5	5	1560
#F4F3F9	48128.5	6	1561
#F4F3F9	48129	6.5	1561
#F4F3F9	48129.5	6	1561
#F4F3F9	48129	5.5	1561
#F7F6FB	48129	6.5	1562
#F7F6FB	48129.5	7	1562
#F7F6FB	48130	6.5	1562
#F7F6FB	48129.5	6	1562
#F2F0F8	48129.5	7	1563
#F2F0F8	48130	7.5	1563
#F2F0F8	48130.5	7	1563
#F2F0F8	48130	6.5	1563
#E7E4F2	48130	7.5	1564
#E7E4F2	48130.5	8	1564
#E7E4F2	48131	7.5	1564
#E7E4F2	48130.5	7	1564
#EAE7F4	48130.5	8	1565
#EAE7F4	48131	8.5	1565
#EAE7F4	48131.5	8	1565
#EAE7F4	48131	7.5	1565
#EEECF6	48131	8.5	1566
#EEECF6	48131.5	9	1566
#EEECF6	48132	8.5	1566
#EEECF6	48131.5	8	1566
#F7F6FB	48131.5	9	1567
#F7F6FB	48132	9.5	1567
#F7F6FB	48132.5	9	1567
#F7F6FB	48132	8.5	1567
#FCFCFE	48132	9.5	1568
#FCFCFE	48132.5	10	1568
#FCFCFE	48133	9.5	1568
#FCFCFE	48132.5	9	1568
#E4E1F1	48132.5	10	1569
#E4E1F1	48133	10.5	1569
#E4E1F1	48133.5	10	1569
#E4E1F1	48133	9.5	1569
#F4F3F9	48133	10.5	1570
#F4F3F9	48133.5	11	1570
#F4F3F9	48134	10.5	1570
#F4F3F9	48133.5	10	1570
#F7F6FB	48133.5	11	1571
#F7F6FB	48134	11.5	1571
#F7F6FB	48134.5	11	1571
#F7F6FB	48134	10.5	1571
#FCFBFD	48134	11.5	1572
#FCFBFD	48134.5	12	1572
#FCFBFD	48135	11.5	1572
#FCFBFD	48134.5	11	1572
#F9F9FC	48134.5	12	1573
#F9F9FC	48135	12.5	1573
#F9F9FC	48135.5	12	1573
#F9F9FC	48135	11.5	1573
#FCFCFD	48135	12.5	1574
#FCFCFD	48135.5	13	1574
#FCFCFD	48136	12.5	1574
#FCFCFD	48135.5	12	1574
#F2F0F8	48135.5	13	1575
#F2F0F8	48136	13.5	1575
#F2F0F8	48136.5	13	1575
#F2F0F8	48136	12.5	1575
#F2F1F8	48136	13.5	1576
#F2F1F8	48136.5	14	1576
#F2F1F8	48137	13.5	1576
#F2F1F8	48136.5	13	1576
#D4CEE8	48136.5	14	1577
#D4CEE8	48137	14.5	1577
#D4CEE8	48137.5	14	1577
#D4CEE8	48137	13.5	1577
#E3E0F0	48137	14.5	1578
#E3E0F0	48137.5	15	1578
#E3E0F0	48138	14.5	1578
#E3E0F0	48137.5	14	1578
#D3CDE7	48137.5	15	1579
#D3CDE7	48138	15.5	1579
#D3CDE7	48138.5	15	1579
#D3CDE7	48138	14.5	1579
#DCD7EC	48138	15.5	1580
#DCD7EC	48138.5	16	1580
#DCD7EC	48139	15.5	1580
#DCD7EC	48138.5	15	1580
#EAE7F4	48138.5	16	1581
#EAE7F4	48139	16.5	1581
#EAE7F4	48139.5	16	1581
#EAE7F4	48139	15.5	1581
#E8E5F3	48139	16.5	1582
#E8E5F3	48139.5	17	1582
#E8E5F3	48140	16.5	1582
#E8E5F3	48139.5	16	1582
#D6D1E9	48139.5	17	1583
#D6D1E9	48140	17.5	1583
#D6D1E9	48140.5	17	1583
#D6D1E9	48140	16.5	1583
#E4E1F1	48140	17.5	1584
#E4E1F1	48140.5	18	1584
#E4E1F1	48141	17.5	1584
#E4E1F1	48140.5	17	1584
#F5F3F9	48140.5	18	1585
#F5F3F9	48141	18.5	1585
#F5F3F9	48141.5	18	1585
#F5F3F9	48141	17.5	1585
#FDFCFE	48141	18.5	1586
#FDFCFE	48141.5	19	1586
#FDFCFE	48142	18.5	1586
#FDFCFE	48141.5	18	1586
#FEFCFC	48141.5	19	1587
#FEFCFC	48142	19.5	1587
#FEFCFC	48142.5	19	1587
#FEFCFC	48142	18.5	1587
#FFFFFF	48142	19.5	1588
#FFFFFF	48142.5	20	1588
#FFFFFF	48143	19.5	1588
#FFFFFF	48142.5	19	1588
#F4F2F9	48142.5	20	1589
#F4F2F9	48143	20.5	1589
#F4F2F9	48143.5	20	1589
#F4F2F9	48143	19.5	1589
#FAF9FC	48143	20.5	1590
#FAF9FC	48143.5	21	1590
#FAF9FC	48144	20.5	1590
#FAF9FC	48143.5	20	1590
#FBFBFD	48143.5	21	1591
#FBFBFD	48144	21.5	1591
#FBFBFD	48144.5	21	1591
#FBFBFD	48144	20.5	1591
#F9F8FC	48144	21.5	1592
#F9F8FC	48144.5	22	1592
#F9F8FC	48145	21.5	1592
#F9F8FC	48144.5	21	1592
#F9F9FC	48144.5	22	1593
#F9F9FC	48145	22.5	1593
#F9F9FC	48145.5	22	1593
#F9F9FC	48145	21.5	1593
#FAF9FC	48145	22.5	1594
#FAF9FC	48145.5	23	1594
#FAF9FC	48146	22.5	1594
#FAF9FC	48145.5	22	1594
#FDFDFE	48145.5	23	1595
#FDFDFE	48146	23.5	1595
#FDFDFE	48146.5	23	1595
#FDFDFE	48146	22.5	1595
#F8F7FB	48146	23.5	1596
#F8F7FB	48146.5	24	1596
#F8F7FB	48147	23.5	1596
#F8F7FB	48146.5	23	1596
#FDFDFE	48146.5	24	1597
#FDFDFE	48147	24.5	1597
#FDFDFE	48147.5	24	1597
#FDFDFE	48147	23.5	1597
#FEFCFC	48147	24.5	1598
#FEFCFC	48147.5	25	1598
#FEFCFC	48148	24.5	1598
#FEFCFC	48147.5	24	1598
#CD9A94	48123.5	0	1599
#CD9A94	48124	0.5	1599
#CD9A94	48124.5	0	1599
#CD9A94	48124	-0.5	1599
#EFDBD8	48124	0.5	1600
#EFDBD8	48124.5	1	1600
#EFDBD8	48125	0.5	1600
#EFDBD8	48124.5	0	1600
#F1E0DE	48124.5	1	1601
#F1E0DE	48125	1.5	1601
#F1E0DE	48125.5	1	1601
#F1E0DE	48125	0.5	1601
#FFFFFF	48125	1.5	1602
#FFFFFF	48125.5	2	1602
#FFFFFF	48126	1.5	1602
#FFFFFF	48125.5	1	1602
#FAF9FC	48125.5	2	1603
#FAF9FC	48126	2.5	1603
#FAF9FC	48126.5	2	1603
#FAF9FC	48126	1.5	1603
#FDFCFE	48126	2.5	1604
#FDFCFE	48126.5	3	1604
#FDFCFE	48127	2.5	1604
#FDFCFE	48126.5	2	1604
#FFFEFE	48126.5	3	1605
#FFFEFE	48127	3.5	1605
#FFFEFE	48127.5	3	1605
#FFFEFE	48127	2.5	1605
#FDFCFE	48127	3.5	1606
#FDFCFE	48127.5	4	1606
#FDFCFE	48128	3.5	1606
#FDFCFE	48127.5	3	1606
#ECE9F5	48127.5	4	1607
#ECE9F5	48128	4.5	1607
#ECE9F5	48128.5	4	1607
#ECE9F5	48128	3.5	1607
#FFFEFE	48128	4.5	1608
#FFFEFE	48128.5	5	1608
#FFFEFE	48129	4.5	1608
#FFFEFE	48128.5	4	1608
#FCF8F8	48128.5	5	1609
#FCF8F8	48129	5.5	1609
#FCF8F8	48129.5	5	1609
#FCF8F8	48129	4.5	1609
#FCFCFE	48129	5.5	1610
#FCFCFE	48129.5	6	1610
#FCFCFE	48130	5.5	1610
#FCFCFE	48129.5	5	1610
#FDFCFE	48129.5	6	1611
#FDFCFE	48130	6.5	1611
#FDFCFE	48130.5	6	1611
#FDFCFE	48130	5.5	1611
#F7F5FA	48130	6.5	1612
#F7F5FA	48130.5	7	1612
#F7F5FA	48131	6.5	1612
#F7F5FA	48130.5	6	1612
#FAF9FC	48130.5	7	1613
#FAF9FC	48131	7.5	1613
#FAF9FC	48131.5	7	1613
#FAF9FC	48131	6.5	1613
#FAFAFD	48131	7.5	1614
#FAFAFD	48131.5	8	1614
#FAFAFD	48132	7.5	1614
#FAFAFD	48131.5	7	1614
#F9F8FC	48131.5	8	1615
#F9F8FC	48132	8.5	1615
#F9F8FC	48132.5	8	1615
#F9F8FC	48132	7.5	1615
#FFFFFF	48132	8.5	1616
#FFFFFF	48132.5	9	1616
#FFFFFF	48133	8.5	1616
#FFFFFF	48132.5	8	1616
#FAF9FC	48132.5	9	1617
#FAF9FC	48133	9.5	1617
#FAF9FC	48133.5	9	1617
#FAF9FC	48133	8.5	1617
#F8F7FB	48133	9.5	1618
#F8F7FB	48133.5	10	1618
#F8F7FB	48134	9.5	1618
#F8F7FB	48133.5	9	1618
#FBFAFD	48133.5	10	1619
#FBFAFD	48134	10.5	1619
#FBFAFD	48134.5	10	1619
#FBFAFD	48134	9.5	1619
#EFEDF7	48134	10.5	1620
#EFEDF7	48134.5	11	1620
#EFEDF7	48135	10.5	1620
#EFEDF7	48134.5	10	1620
#FCFBFD	48134.5	11	1621
#FCFBFD	48135	11.5	1621
#FCFBFD	48135.5	11	1621
#FCFBFD	48135	10.5	1621
#FAF9FC	48135	11.5	1622
#FAF9FC	48135.5	12	1622
#FAF9FC	48136	11.5	1622
#FAF9FC	48135.5	11	1622
#F9F8FC	48135.5	12	1623
#F9F8FC	48136	12.5	1623
#F9F8FC	48136.5	12	1623
#F9F8FC	48136	11.5	1623
#F6F5FA	48136	12.5	1624
#F6F5FA	48136.5	13	1624
#F6F5FA	48137	12.5	1624
#F6F5FA	48136.5	12	1624
#F4F3F9	48136.5	13	1625
#F4F3F9	48137	13.5	1625
#F4F3F9	48137.5	13	1625
#F4F3F9	48137	12.5	1625
#EDEAF5	48137	13.5	1626
#EDEAF5	48137.5	14	1626
#EDEAF5	48138	13.5	1626
#EDEAF5	48137.5	13	1626
#E5E1F1	48137.5	14	1627
#E5E1F1	48138	14.5	1627
#E5E1F1	48138.5	14	1627
#E5E1F1	48138	13.5	1627
#F2F1F8	48138	14.5	1628
#F2F1F8	48138.5	15	1628
#F2F1F8	48139	14.5	1628
#F2F1F8	48138.5	14	1628
#E2DEEF	48138.5	15	1629
#E2DEEF	48139	15.5	1629
#E2DEEF	48139.5	15	1629
#E2DEEF	48139	14.5	1629
#EBE9F4	48139	15.5	1630
#EBE9F4	48139.5	16	1630
#EBE9F4	48140	15.5	1630
#EBE9F4	48139.5	15	1630
#EBE8F4	48139.5	16	1631
#EBE8F4	48140	16.5	1631
#EBE8F4	48140.5	16	1631
#EBE8F4	48140	15.5	1631
#E7E4F2	48140	16.5	1632
#E7E4F2	48140.5	17	1632
#E7E4F2	48141	16.5	1632
#E7E4F2	48140.5	16	1632
#EFECF6	48140.5	17	1633
#EFECF6	48141	17.5	1633
#EFECF6	48141.5	17	1633
#EFECF6	48141	16.5	1633
#FDFCFE	48141	17.5	1634
#FDFCFE	48141.5	18	1634
#FDFCFE	48142	17.5	1634
#FDFCFE	48141.5	17	1634
#FCF9F8	48141.5	18	1635
#FCF9F8	48142	18.5	1635
#FCF9F8	48142.5	18	1635
#FCF9F8	48142	17.5	1635
#FEFEFE	48142	18.5	1636
#FEFEFE	48142.5	19	1636
#FEFEFE	48143	18.5	1636
#FEFEFE	48142.5	18	1636
#FDFAF9	48142.5	19	1637
#FDFAF9	48143	19.5	1637
#FDFAF9	48143.5	19	1637
#FDFAF9	48143	18.5	1637
#FCF8F8	48143	19.5	1638
#FCF8F8	48143.5	20	1638
#FCF8F8	48144	19.5	1638
#FCF8F8	48143.5	19	1638
#FEFCFC	48143.5	20	1639
#FEFCFC	48144	20.5	1639
#FEFCFC	48144.5	20	1639
#FEFCFC	48144	19.5	1639
#FFFFFF	48144	20.5	1640
#FFFFFF	48144.5	21	1640
#FFFFFF	48145	20.5	1640
#FFFFFF	48144.5	20	1640
#FDFCFE	48144.5	21	1641
#FDFCFE	48145	21.5	1641
#FDFCFE	48145.5	21	1641
#FDFCFE	48145	20.5	1641
#FAF9FC	48145	21.5	1642
#FAF9FC	48145.5	22	1642
#FAF9FC	48146	21.5	1642
#FAF9FC	48145.5	21	1642
#FDFBFB	48145.5	22	1643
#FDFBFB	48146	22.5	1643
#FDFBFB	48146.5	22	1643
#FDFBFB	48146	21.5	1643
#F6F5FA	48146	22.5	1644
#F6F5FA	48146.5	23	1644
#F6F5FA	48147	22.5	1644
#F6F5FA	48146.5	22	1644
#FCFCFD	48146.5	23	1645
#FCFCFD	48147	23.5	1645
#FCFCFD	48147.5	23	1645
#FCFCFD	48147	22.5	1645
#FDFBFB	48147	23.5	1646
#FDFBFB	48147.5	24	1646
#FDFBFB	48148	23.5	1646
#FDFBFB	48147.5	23	1646
#FDF9F9	48147.5	24	1647
#FDF9F9	48148	24.5	1647
#FDF9F9	48148.5	24	1647
#FDF9F9	48148	23.5	1647
#FFFFFF	48148	24.5	1648
#FFFFFF	48148.5	25	1648
#FFFFFF	48149	24.5	1648
#FFFFFF	48148.5	24	1648
#CE9B95	48124.5	0	1649
#CE9B95	48125	0.5	1649
#CE9B95	48125.5	0	1649
#CE9B95	48125	-0.5	1649
#EFDAD8	48125	0.5	1650
#EFDAD8	48125.5	1	1650
#EFDAD8	48126	0.5	1650
#EFDAD8	48125.5	0	1650
#FCF7F7	48125.5	1	1651
#FCF7F7	48126	1.5	1651
#FCF7F7	48126.5	1	1651
#FCF7F7	48126	0.5	1651
#FEFDFD	48126	1.5	1652
#FEFDFD	48126.5	2	1652
#FEFDFD	48127	1.5	1652
#FEFDFD	48126.5	1	1652
#FCF7F6	48126.5	2	1653
#FCF7F6	48127	2.5	1653
#FCF7F6	48127.5	2	1653
#FCF7F6	48127	1.5	1653
#F1DFDD	48127	2.5	1654
#F1DFDD	48127.5	3	1654
#F1DFDD	48128	2.5	1654
#F1DFDD	48127.5	2	1654
#EBD3D0	48127.5	3	1655
#EBD3D0	48128	3.5	1655
#EBD3D0	48128.5	3	1655
#EBD3D0	48128	2.5	1655
#FFFFFF	48128	3.5	1656
#FFFFFF	48128.5	4	1656
#FFFFFF	48129	3.5	1656
#FFFFFF	48128.5	3	1656
#FAF4F3	48128.5	4	1657
#FAF4F3	48129	4.5	1657
#FAF4F3	48129.5	4	1657
#FAF4F3	48129	3.5	1657
#F8EFED	48129	4.5	1658
#F8EFED	48129.5	5	1658
#F8EFED	48130	4.5	1658
#F8EFED	48129.5	4	1658
#FEFEFE	48129.5	5	1659
#FEFEFE	48130	5.5	1659
#FEFEFE	48130.5	5	1659
#FEFEFE	48130	4.5	1659
#FDFDFE	48130	5.5	1660
#FDFDFE	48130.5	6	1660
#FDFDFE	48131	5.5	1660
#FDFDFE	48130.5	5	1660
#FDFCFE	48130.5	6	1661
#FDFCFE	48131	6.5	1661
#FDFCFE	48131.5	6	1661
#FDFCFE	48131	5.5	1661
#F4F2F9	48131	6.5	1662
#F4F2F9	48131.5	7	1662
#F4F2F9	48132	6.5	1662
#F4F2F9	48131.5	6	1662
#F8F7FB	48131.5	7	1663
#F8F7FB	48132	7.5	1663
#F8F7FB	48132.5	7	1663
#F8F7FB	48132	6.5	1663
#F1EFF8	48132	7.5	1664
#F1EFF8	48132.5	8	1664
#F1EFF8	48133	7.5	1664
#F1EFF8	48132.5	7	1664
#FEFCFC	48132.5	8	1665
#FEFCFC	48133	8.5	1665
#FEFCFC	48133.5	8	1665
#FEFCFC	48133	7.5	1665
#F8F7FB	48133	8.5	1666
#F8F7FB	48133.5	9	1666
#F8F7FB	48134	8.5	1666
#F8F7FB	48133.5	8	1666
#F6F5FA	48133.5	9	1667
#F6F5FA	48134	9.5	1667
#F6F5FA	48134.5	9	1667
#F6F5FA	48134	8.5	1667
#F3F1F8	48134	9.5	1668
#F3F1F8	48134.5	10	1668
#F3F1F8	48135	9.5	1668
#F3F1F8	48134.5	9	1668
#ECE9F5	48134.5	10	1669
#ECE9F5	48135	10.5	1669
#ECE9F5	48135.5	10	1669
#ECE9F5	48135	9.5	1669
#FFFEFE	48135	10.5	1670
#FFFEFE	48135.5	11	1670
#FFFEFE	48136	10.5	1670
#FFFEFE	48135.5	10	1670
#FEFEFF	48135.5	11	1671
#FEFEFF	48136	11.5	1671
#FEFEFF	48136.5	11	1671
#FEFEFF	48136	10.5	1671
#FFFFFF	48136	11.5	1672
#FFFFFF	48136.5	12	1672
#FFFFFF	48137	11.5	1672
#FFFFFF	48136.5	11	1672
#F6F5FA	48136.5	12	1673
#F6F5FA	48137	12.5	1673
#F6F5FA	48137.5	12	1673
#F6F5FA	48137	11.5	1673
#F4F3F9	48137	12.5	1674
#F4F3F9	48137.5	13	1674
#F4F3F9	48138	12.5	1674
#F4F3F9	48137.5	12	1674
#E5E1F1	48137.5	13	1675
#E5E1F1	48138	13.5	1675
#E5E1F1	48138.5	13	1675
#E5E1F1	48138	12.5	1675
#E9E6F3	48138	13.5	1676
#E9E6F3	48138.5	14	1676
#E9E6F3	48139	13.5	1676
#E9E6F3	48138.5	13	1676
#E7E4F2	48138.5	14	1677
#E7E4F2	48139	14.5	1677
#E7E4F2	48139.5	14	1677
#E7E4F2	48139	13.5	1677
#F2F0F8	48139	14.5	1678
#F2F0F8	48139.5	15	1678
#F2F0F8	48140	14.5	1678
#F2F0F8	48139.5	14	1678
#DDD9ED	48139.5	15	1679
#DDD9ED	48140	15.5	1679
#DDD9ED	48140.5	15	1679
#DDD9ED	48140	14.5	1679
#F8F8FB	48140	15.5	1680
#F8F8FB	48140.5	16	1680
#F8F8FB	48141	15.5	1680
#F8F8FB	48140.5	15	1680
#D7D2EA	48140.5	16	1681
#D7D2EA	48141	16.5	1681
#D7D2EA	48141.5	16	1681
#D7D2EA	48141	15.5	1681
#E3E0F0	48141	16.5	1682
#E3E0F0	48141.5	17	1682
#E3E0F0	48142	16.5	1682
#E3E0F0	48141.5	16	1682
#F1EFF8	48141.5	17	1683
#F1EFF8	48142	17.5	1683
#F1EFF8	48142.5	17	1683
#F1EFF8	48142	16.5	1683
#F7F6FB	48142	17.5	1684
#F7F6FB	48142.5	18	1684
#F7F6FB	48143	17.5	1684
#F7F6FB	48142.5	17	1684
#FDFDFE	48142.5	18	1685
#FDFDFE	48143	18.5	1685
#FDFDFE	48143.5	18	1685
#FDFDFE	48143	17.5	1685
#FFFFFF	48143	18.5	1686
#FFFFFF	48143.5	19	1686
#FFFFFF	48144	18.5	1686
#FFFFFF	48143.5	18	1686
#F7F6FB	48143.5	19	1687
#F7F6FB	48144	19.5	1687
#F7F6FB	48144.5	19	1687
#F7F6FB	48144	18.5	1687
#FBFBFD	48144	19.5	1688
#FBFBFD	48144.5	20	1688
#FBFBFD	48145	19.5	1688
#FBFBFD	48144.5	19	1688
#FEFEFF	48144.5	20	1689
#FEFEFF	48145	20.5	1689
#FEFEFF	48145.5	20	1689
#FEFEFF	48145	19.5	1689
#F5F4FA	48145	20.5	1690
#F5F4FA	48145.5	21	1690
#F5F4FA	48146	20.5	1690
#F5F4FA	48145.5	20	1690
#FFFEFF	48145.5	21	1691
#FFFEFF	48146	21.5	1691
#FFFEFF	48146.5	21	1691
#FFFEFF	48146	20.5	1691
#FCFCFD	48146	21.5	1692
#FCFCFD	48146.5	22	1692
#FCFCFD	48147	21.5	1692
#FCFCFD	48146.5	21	1692
#FAF9FC	48146.5	22	1693
#FAF9FC	48147	22.5	1693
#FAF9FC	48147.5	22	1693
#FAF9FC	48147	21.5	1693
#F7F6FB	48147	22.5	1694
#F7F6FB	48147.5	23	1694
#F7F6FB	48148	22.5	1694
#F7F6FB	48147.5	22	1694
#FEFEFF	48147.5	23	1695
#FEFEFF	48148	23.5	1695
#FEFEFF	48148.5	23	1695
#FEFEFF	48148	22.5	1695
#FBF7F6	48148	23.5	1696
#FBF7F6	48148.5	24	1696
#FBF7F6	48149	23.5	1696
#FBF7F6	48148.5	23	1696
#FEFEFF	48148.5	24	1697
#FEFEFF	48149	24.5	1697
#FEFEFF	48149.5	24	1697
#FEFEFF	48149	23.5	1697
#F7F6FB	48149	24.5	1698
#F7F6FB	48149.5	25	1698
#F7F6FB	48150	24.5	1698
#F7F6FB	48149.5	24	1698
#CD9992	48125.5	0	1699
#CD9992	48126	0.5	1699
#CD9992	48126.5	0	1699
#CD9992	48126	-0.5	1699
#FEFEFE	48126	0.5	1700
#FEFEFE	48126.5	1	1700
#FEFEFE	48127	0.5	1700
#FEFEFE	48126.5	0	1700
#FAF3F2	48126.5	1	1701
#FAF3F2	48127	1.5	1701
#FAF3F2	48127.5	1	1701
#FAF3F2	48127	0.5	1701
#F0DDDA	48127	1.5	1702
#F0DDDA	48127.5	2	1702
#F0DDDA	48128	1.5	1702
#F0DDDA	48127.5	1	1702
#EBD3D0	48127.5	2	1703
#EBD3D0	48128	2.5	1703
#EBD3D0	48128.5	2	1703
#EBD3D0	48128	1.5	1703
#E2C1BD	48128	2.5	1704
#E2C1BD	48128.5	3	1704
#E2C1BD	48129	2.5	1704
#E2C1BD	48128.5	2	1704
#FFFEFE	48128.5	3	1705
#FFFEFE	48129	3.5	1705
#FFFEFE	48129.5	3	1705
#FFFEFE	48129	2.5	1705
#F4E6E5	48129	3.5	1706
#F4E6E5	48129.5	4	1706
#F4E6E5	48130	3.5	1706
#F4E6E5	48129.5	3	1706
#F7EDEB	48129.5	4	1707
#F7EDEB	48130	4.5	1707
#F7EDEB	48130.5	4	1707
#F7EDEB	48130	3.5	1707
#FEFDFD	48130	4.5	1708
#FEFDFD	48130.5	5	1708
#FEFDFD	48131	4.5	1708
#FEFDFD	48130.5	4	1708
#FFFFFF	48130.5	5	1709
#FFFFFF	48131	5.5	1709
#FFFFFF	48131.5	5	1709
#FFFFFF	48131	4.5	1709
#FFFEFE	48131	5.5	1710
#FFFEFE	48131.5	6	1710
#FFFEFE	48132	5.5	1710
#FFFEFE	48131.5	5	1710
#F4F2F9	48131.5	6	1711
#F4F2F9	48132	6.5	1711
#F4F2F9	48132.5	6	1711
#F4F2F9	48132	5.5	1711
#F9F8FC	48132	6.5	1712
#F9F8FC	48132.5	7	1712
#F9F8FC	48133	6.5	1712
#F9F8FC	48132.5	6	1712
#FEFCFC	48132.5	7	1713
#FEFCFC	48133	7.5	1713
#FEFCFC	48133.5	7	1713
#FEFCFC	48133	6.5	1713
#FFFFFF	48133	7.5	1714
#FFFFFF	48133.5	8	1714
#FFFFFF	48134	7.5	1714
#FFFFFF	48133.5	7	1714
#FAF9FC	48133.5	8	1715
#FAF9FC	48134	8.5	1715
#FAF9FC	48134.5	8	1715
#FAF9FC	48134	7.5	1715
#FCFBFD	48134	8.5	1716
#FCFBFD	48134.5	9	1716
#FCFBFD	48135	8.5	1716
#FCFBFD	48134.5	8	1716
#FFFFFF	48134.5	9	1717
#FFFFFF	48135	9.5	1717
#FFFFFF	48135.5	9	1717
#FFFFFF	48135	8.5	1717
#FFFFFF	48135	9.5	1718
#FFFFFF	48135.5	10	1718
#FFFFFF	48136	9.5	1718
#FFFFFF	48135.5	9	1718
#F9F8FC	48135.5	10	1719
#F9F8FC	48136	10.5	1719
#F9F8FC	48136.5	10	1719
#F9F8FC	48136	9.5	1719
#F6F5FA	48136	10.5	1720
#F6F5FA	48136.5	11	1720
#F6F5FA	48137	10.5	1720
#F6F5FA	48136.5	10	1720
#FDFDFE	48136.5	11	1721
#FDFDFE	48137	11.5	1721
#FDFDFE	48137.5	11	1721
#FDFDFE	48137	10.5	1721
#F5F4FA	48137	11.5	1722
#F5F4FA	48137.5	12	1722
#F5F4FA	48138	11.5	1722
#F5F4FA	48137.5	11	1722
#F7F5FA	48137.5	12	1723
#F7F5FA	48138	12.5	1723
#F7F5FA	48138.5	12	1723
#F7F5FA	48138	11.5	1723
#F4F2F9	48138	12.5	1724
#F4F2F9	48138.5	13	1724
#F4F2F9	48139	12.5	1724
#F4F2F9	48138.5	12	1724
#FFFEFE	48138.5	13	1725
#FFFEFE	48139	13.5	1725
#FFFEFE	48139.5	13	1725
#FFFEFE	48139	12.5	1725
#F3F1F8	48139	13.5	1726
#F3F1F8	48139.5	14	1726
#F3F1F8	48140	13.5	1726
#F3F1F8	48139.5	13	1726
#EEECF6	48139.5	14	1727
#EEECF6	48140	14.5	1727
#EEECF6	48140.5	14	1727
#EEECF6	48140	13.5	1727
#FAFAFC	48140	14.5	1728
#FAFAFC	48140.5	15	1728
#FAFAFC	48141	14.5	1728
#FAFAFC	48140.5	14	1728
#EEECF6	48140.5	15	1729
#EEECF6	48141	15.5	1729
#EEECF6	48141.5	15	1729
#EEECF6	48141	14.5	1729
#E2DEEF	48141	15.5	1730
#E2DEEF	48141.5	16	1730
#E2DEEF	48142	15.5	1730
#E2DEEF	48141.5	15	1730
#F5F3F9	48141.5	16	1731
#F5F3F9	48142	16.5	1731
#F5F3F9	48142.5	16	1731
#F5F3F9	48142	15.5	1731
#F5F4FA	48142	16.5	1732
#F5F4FA	48142.5	17	1732
#F5F4FA	48143	16.5	1732
#F5F4FA	48142.5	16	1732
#FEFEFF	48142.5	17	1733
#FEFEFF	48143	17.5	1733
#FEFEFF	48143.5	17	1733
#FEFEFF	48143	16.5	1733
#FDFBFB	48143	17.5	1734
#FDFBFB	48143.5	18	1734
#FDFBFB	48144	17.5	1734
#FDFBFB	48143.5	17	1734
#FCF9F8	48143.5	18	1735
#FCF9F8	48144	18.5	1735
#FCF9F8	48144.5	18	1735
#FCF9F8	48144	17.5	1735
#FFFEFE	48144	18.5	1736
#FFFEFE	48144.5	19	1736
#FFFEFE	48145	18.5	1736
#FFFEFE	48144.5	18	1736
#FFFFFF	48144.5	19	1737
#FFFFFF	48145	19.5	1737
#FFFFFF	48145.5	19	1737
#FFFFFF	48145	18.5	1737
#FAF4F4	48145	19.5	1738
#FAF4F4	48145.5	20	1738
#FAF4F4	48146	19.5	1738
#FAF4F4	48145.5	19	1738
#FCFBFD	48145.5	20	1739
#FCFBFD	48146	20.5	1739
#FCFBFD	48146.5	20	1739
#FCFBFD	48146	19.5	1739
#FDFBFA	48146	20.5	1740
#FDFBFA	48146.5	21	1740
#FDFBFA	48147	20.5	1740
#FDFBFA	48146.5	20	1740
#FEFDFD	48146.5	21	1741
#FEFDFD	48147	21.5	1741
#FEFDFD	48147.5	21	1741
#FEFDFD	48147	20.5	1741
#FDFBFA	48147	21.5	1742
#FDFBFA	48147.5	22	1742
#FDFBFA	48148	21.5	1742
#FDFBFA	48147.5	21	1742
#FBFBFD	48147.5	22	1743
#FBFBFD	48148	22.5	1743
#FBFBFD	48148.5	22	1743
#FBFBFD	48148	21.5	1743
#FBF5F5	48148	22.5	1744
#FBF5F5	48148.5	23	1744
#FBF5F5	48149	22.5	1744
#FBF5F5	48148.5	22	1744
#FDFAF9	48148.5	23	1745
#FDFAF9	48149	23.5	1745
#FDFAF9	48149.5	23	1745
#FDFAF9	48149	22.5	1745
#FDFDFE	48149	23.5	1746
#FDFDFE	48149.5	24	1746
#FDFDFE	48150	23.5	1746
#FDFDFE	48149.5	23	1746
#FEFEFD	48149.5	24	1747
#FEFEFD	48150	24.5	1747
#FEFEFD	48150.5	24	1747
#FEFEFD	48150	23.5	1747
#FFFFFF	48150	24.5	1748
#FFFFFF	48150.5	25	1748
#FFFFFF	48151	24.5	1748
#FFFFFF	48150.5	24	1748
#C0837C	48126.5	0	1749
#C0837C	48127	0.5	1749
#C0837C	48127.5	0	1749
#C0837C	48127	-0.5	1749
#F5E8E6	48127	0.5	1750
#F5E8E6	48127.5	1	1750
#F5E8E6	48128	0.5	1750
#F5E8E6	48127.5	0	1750
#FCF9F9	48127.5	1	1751
#FCF9F9	48128	1.5	1751
#FCF9F9	48128.5	1	1751
#FCF9F9	48128	0.5	1751
#FDFAF9	48128	1.5	1752
#FDFAF9	48128.5	2	1752
#FDFAF9	48129	1.5	1752
#FDFAF9	48128.5	1	1752
#FBF5F5	48128.5	2	1753
#FBF5F5	48129	2.5	1753
#FBF5F5	48129.5	2	1753
#FBF5F5	48129	1.5	1753
#FFFFFF	48129	2.5	1754
#FFFFFF	48129.5	3	1754
#FFFFFF	48130	2.5	1754
#FFFFFF	48129.5	2	1754
#FAF4F3	48129.5	3	1755
#FAF4F3	48130	3.5	1755
#FAF4F3	48130.5	3	1755
#FAF4F3	48130	2.5	1755
#F5E8E6	48130	3.5	1756
#F5E8E6	48130.5	4	1756
#F5E8E6	48131	3.5	1756
#F5E8E6	48130.5	3	1756
#FEFEFE	48130.5	4	1757
#FEFEFE	48131	4.5	1757
#FEFEFE	48131.5	4	1757
#FEFEFE	48131	3.5	1757
#FBF5F5	48131	4.5	1758
#FBF5F5	48131.5	5	1758
#FBF5F5	48132	4.5	1758
#FBF5F5	48131.5	4	1758
#FDFDFE	48131.5	5	1759
#FDFDFE	48132	5.5	1759
#FDFDFE	48132.5	5	1759
#FDFDFE	48132	4.5	1759
#FEFEFF	48132	5.5	1760
#FEFEFF	48132.5	6	1760
#FEFEFF	48133	5.5	1760
#FEFEFF	48132.5	5	1760
#FBFAFD	48132.5	6	1761
#FBFAFD	48133	6.5	1761
#FBFAFD	48133.5	6	1761
#FBFAFD	48133	5.5	1761
#FDFBFB	48133	6.5	1762
#FDFBFB	48133.5	7	1762
#FDFBFB	48134	6.5	1762
#FDFBFB	48133.5	6	1762
#F9F1F0	48133.5	7	1763
#F9F1F0	48134	7.5	1763
#F9F1F0	48134.5	7	1763
#F9F1F0	48134	6.5	1763
#FFFEFE	48134	7.5	1764
#FFFEFE	48134.5	8	1764
#FFFEFE	48135	7.5	1764
#FFFEFE	48134.5	7	1764
#FCF8F8	48134.5	8	1765
#FCF8F8	48135	8.5	1765
#FCF8F8	48135.5	8	1765
#FCF8F8	48135	7.5	1765
#FEFDFE	48135	8.5	1766
#FEFDFE	48135.5	9	1766
#FEFDFE	48136	8.5	1766
#FEFDFE	48135.5	8	1766
#F9F8FC	48135.5	9	1767
#F9F8FC	48136	9.5	1767
#F9F8FC	48136.5	9	1767
#F9F8FC	48136	8.5	1767
#FDFBFB	48136	9.5	1768
#FDFBFB	48136.5	10	1768
#FDFBFB	48137	9.5	1768
#FDFBFB	48136.5	9	1768
#FEFEFF	48136.5	10	1769
#FEFEFF	48137	10.5	1769
#FEFEFF	48137.5	10	1769
#FEFEFF	48137	9.5	1769
#FBF6F6	48137	10.5	1770
#FBF6F6	48137.5	11	1770
#FBF6F6	48138	10.5	1770
#FBF6F6	48137.5	10	1770
#FFFEFE	48137.5	11	1771
#FFFEFE	48138	11.5	1771
#FFFEFE	48138.5	11	1771
#FFFEFE	48138	10.5	1771
#F8F7FB	48138	11.5	1772
#F8F7FB	48138.5	12	1772
#F8F7FB	48139	11.5	1772
#F8F7FB	48138.5	11	1772
#F3F1F8	48138.5	12	1773
#F3F1F8	48139	12.5	1773
#F3F1F8	48139.5	12	1773
#F3F1F8	48139	11.5	1773
#FBFAFD	48139	12.5	1774
#FBFAFD	48139.5	13	1774
#FBFAFD	48140	12.5	1774
#FBFAFD	48139.5	12	1774
#FAFAFD	48139.5	13	1775
#FAFAFD	48140	13.5	1775
#FAFAFD	48140.5	13	1775
#FAFAFD	48140	12.5	1775
#EAE7F4	48140	13.5	1776
#EAE7F4	48140.5	14	1776
#EAE7F4	48141	13.5	1776
#EAE7F4	48140.5	13	1776
#F0EEF7	48140.5	14	1777
#F0EEF7	48141	14.5	1777
#F0EEF7	48141.5	14	1777
#F0EEF7	48141	13.5	1777
#FAF9FC	48141	14.5	1778
#FAF9FC	48141.5	15	1778
#FAF9FC	48142	14.5	1778
#FAF9FC	48141.5	14	1778
#FBFBFD	48141.5	15	1779
#FBFBFD	48142	15.5	1779
#FBFBFD	48142.5	15	1779
#FBFBFD	48142	14.5	1779
#F6F5FA	48142	15.5	1780
#F6F5FA	48142.5	16	1780
#F6F5FA	48143	15.5	1780
#F6F5FA	48142.5	15	1780
#FEFEFF	48142.5	16	1781
#FEFEFF	48143	16.5	1781
#FEFEFF	48143.5	16	1781
#FEFEFF	48143	15.5	1781
#FEFEFD	48143	16.5	1782
#FEFEFD	48143.5	17	1782
#FEFEFD	48144	16.5	1782
#FEFEFD	48143.5	16	1782
#FEFDFD	48143.5	17	1783
#FEFDFD	48144	17.5	1783
#FEFDFD	48144.5	17	1783
#FEFDFD	48144	16.5	1783
#FBF6F5	48144	17.5	1784
#FBF6F5	48144.5	18	1784
#FBF6F5	48145	17.5	1784
#FBF6F5	48144.5	17	1784
#FEFDFD	48144.5	18	1785
#FEFDFD	48145	18.5	1785
#FEFDFD	48145.5	18	1785
#FEFDFD	48145	17.5	1785
#FDFBFA	48145	18.5	1786
#FDFBFA	48145.5	19	1786
#FDFBFA	48146	18.5	1786
#FDFBFA	48145.5	18	1786
#FDFAF9	48145.5	19	1787
#FDFAF9	48146	19.5	1787
#FDFAF9	48146.5	19	1787
#FDFAF9	48146	18.5	1787
#FEFDFE	48146	19.5	1788
#FEFDFE	48146.5	20	1788
#FEFDFE	48147	19.5	1788
#FEFDFE	48146.5	19	1788
#FCF8F8	48146.5	20	1789
#FCF8F8	48147	20.5	1789
#FCF8F8	48147.5	20	1789
#FCF8F8	48147	19.5	1789
#FCF7F6	48147	20.5	1790
#FCF7F6	48147.5	21	1790
#FCF7F6	48148	20.5	1790
#FCF7F6	48147.5	20	1790
#FEFCFC	48147.5	21	1791
#FEFCFC	48148	21.5	1791
#FEFCFC	48148.5	21	1791
#FEFCFC	48148	20.5	1791
#FEFDFD	48148	21.5	1792
#FEFDFD	48148.5	22	1792
#FEFDFD	48149	21.5	1792
#FEFDFD	48148.5	21	1792
#FBF5F4	48148.5	22	1793
#FBF5F4	48149	22.5	1793
#FBF5F4	48149.5	22	1793
#FBF5F4	48149	21.5	1793
#F9F1F0	48149	22.5	1794
#F9F1F0	48149.5	23	1794
#F9F1F0	48150	22.5	1794
#F9F1F0	48149.5	22	1794
#FCF9F8	48149.5	23	1795
#FCF9F8	48150	23.5	1795
#FCF9F8	48150.5	23	1795
#FCF9F8	48150	22.5	1795
#F5E9E7	48150	23.5	1796
#F5E9E7	48150.5	24	1796
#F5E9E7	48151	23.5	1796
#F5E9E7	48150.5	23	1796
#F7EDEC	48150.5	24	1797
#F7EDEC	48151	24.5	1797
#F7EDEC	48151.5	24	1797
#F7EDEC	48151	23.5	1797
#FDFBFB	48151	24.5	1798
#FDFBFB	48151.5	25	1798
#FDFBFB	48152	24.5	1798
#FDFBFB	48151.5	24	1798
#AE665F	48127.5	0	1799
#AE665F	48128	0.5	1799
#AE665F	48128.5	0	1799
#AE665F	48128	-0.5	1799
#E8CDC9	48128	0.5	1800
#E8CDC9	48128.5	1	1800
#E8CDC9	48129	0.5	1800
#E8CDC9	48128.5	0	1800
#E0BDB9	48128.5	1	1801
#E0BDB9	48129	1.5	1801
#E0BDB9	48129.5	1	1801
#E0BDB9	48129	0.5	1801
#DBB4AF	48129	1.5	1802
#DBB4AF	48129.5	2	1802
#DBB4AF	48130	1.5	1802
#DBB4AF	48129.5	1	1802
#E2C1BD	48129.5	2	1803
#E2C1BD	48130	2.5	1803
#E2C1BD	48130.5	2	1803
#E2C1BD	48130	1.5	1803
#DEB8B3	48130	2.5	1804
#DEB8B3	48130.5	3	1804
#DEB8B3	48131	2.5	1804
#DEB8B3	48130.5	2	1804
#F4E5E3	48130.5	3	1805
#F4E5E3	48131	3.5	1805
#F4E5E3	48131.5	3	1805
#F4E5E3	48131	2.5	1805
#FCF8F8	48131	3.5	1806
#FCF8F8	48131.5	4	1806
#FCF8F8	48132	3.5	1806
#FCF8F8	48131.5	3	1806
#FBF5F4	48131.5	4	1807
#FBF5F4	48132	4.5	1807
#FBF5F4	48132.5	4	1807
#FBF5F4	48132	3.5	1807
#FDFBFB	48132	4.5	1808
#FDFBFB	48132.5	5	1808
#FDFBFB	48133	4.5	1808
#FDFBFB	48132.5	4	1808
#FDFBFA	48132.5	5	1809
#FDFBFA	48133	5.5	1809
#FDFBFA	48133.5	5	1809
#FDFBFA	48133	4.5	1809
#FCF8F7	48133	5.5	1810
#FCF8F7	48133.5	6	1810
#FCF8F7	48134	5.5	1810
#FCF8F7	48133.5	5	1810
#F0DCDA	48133.5	6	1811
#F0DCDA	48134	6.5	1811
#F0DCDA	48134.5	6	1811
#F0DCDA	48134	5.5	1811
#EFDAD8	48134	6.5	1812
#EFDAD8	48134.5	7	1812
#EFDAD8	48135	6.5	1812
#EFDAD8	48134.5	6	1812
#F3E5E3	48134.5	7	1813
#F3E5E3	48135	7.5	1813
#F3E5E3	48135.5	7	1813
#F3E5E3	48135	6.5	1813
#FCF8F8	48135	7.5	1814
#FCF8F8	48135.5	8	1814
#FCF8F8	48136	7.5	1814
#FCF8F8	48135.5	7	1814
#FDFBFB	48135.5	8	1815
#FDFBFB	48136	8.5	1815
#FDFBFB	48136.5	8	1815
#FDFBFB	48136	7.5	1815
#FEFDFD	48136	8.5	1816
#FEFDFD	48136.5	9	1816
#FEFDFD	48137	8.5	1816
#FEFDFD	48136.5	8	1816
#FEFDFD	48136.5	9	1817
#FEFDFD	48137	9.5	1817
#FEFDFD	48137.5	9	1817
#FEFDFD	48137	8.5	1817
#FBF5F4	48137	9.5	1818
#FBF5F4	48137.5	10	1818
#FBF5F4	48138	9.5	1818
#FBF5F4	48137.5	9	1818
#FCF7F7	48137.5	10	1819
#FCF7F7	48138	10.5	1819
#FCF7F7	48138.5	10	1819
#FCF7F7	48138	9.5	1819
#FDFAFA	48138	10.5	1820
#FDFAFA	48138.5	11	1820
#FDFAFA	48139	10.5	1820
#FDFAFA	48138.5	10	1820
#FDFBFB	48138.5	11	1821
#FDFBFB	48139	11.5	1821
#FDFBFB	48139.5	11	1821
#FDFBFB	48139	10.5	1821
#FDFDFE	48139	11.5	1822
#FDFDFE	48139.5	12	1822
#FDFDFE	48140	11.5	1822
#FDFDFE	48139.5	11	1822
#FCF9F8	48139.5	12	1823
#FCF9F8	48140	12.5	1823
#FCF9F8	48140.5	12	1823
#FCF9F8	48140	11.5	1823
#FFFEFE	48140	12.5	1824
#FFFEFE	48140.5	13	1824
#FFFEFE	48141	12.5	1824
#FFFEFE	48140.5	12	1824
#F9F8FC	48140.5	13	1825
#F9F8FC	48141	13.5	1825
#F9F8FC	48141.5	13	1825
#F9F8FC	48141	12.5	1825
#F3F1F8	48141	13.5	1826
#F3F1F8	48141.5	14	1826
#F3F1F8	48142	13.5	1826
#F3F1F8	48141.5	13	1826
#FBFAFD	48141.5	14	1827
#FBFAFD	48142	14.5	1827
#FBFAFD	48142.5	14	1827
#FBFAFD	48142	13.5	1827
#FBFAFD	48142	14.5	1828
#FBFAFD	48142.5	15	1828
#FBFAFD	48143	14.5	1828
#FBFAFD	48142.5	14	1828
#FDFDFE	48142.5	15	1829
#FDFDFE	48143	15.5	1829
#FDFDFE	48143.5	15	1829
#FDFDFE	48143	14.5	1829
#FAF4F3	48143	15.5	1830
#FAF4F3	48143.5	16	1830
#FAF4F3	48144	15.5	1830
#FAF4F3	48143.5	15	1830
#FCF8F8	48143.5	16	1831
#FCF8F8	48144	16.5	1831
#FCF8F8	48144.5	16	1831
#FCF8F8	48144	15.5	1831
#FBF5F4	48144	16.5	1832
#FBF5F4	48144.5	17	1832
#FBF5F4	48145	16.5	1832
#FBF5F4	48144.5	16	1832
#FEFEFF	48144.5	17	1833
#FEFEFF	48145	17.5	1833
#FEFEFF	48145.5	17	1833
#FEFEFF	48145	16.5	1833
#FDFAFA	48145	17.5	1834
#FDFAFA	48145.5	18	1834
#FDFAFA	48146	17.5	1834
#FDFAFA	48145.5	17	1834
#FEFDFD	48145.5	18	1835
#FEFDFD	48146	18.5	1835
#FEFDFD	48146.5	18	1835
#FEFDFD	48146	17.5	1835
#FBF6F5	48146	18.5	1836
#FBF6F5	48146.5	19	1836
#FBF6F5	48147	18.5	1836
#FBF6F5	48146.5	18	1836
#FAF9FC	48146.5	19	1837
#FAF9FC	48147	19.5	1837
#FAF9FC	48147.5	19	1837
#FAF9FC	48147	18.5	1837
#F9F1F0	48147	19.5	1838
#F9F1F0	48147.5	20	1838
#F9F1F0	48148	19.5	1838
#F9F1F0	48147.5	19	1838
#FEFCFC	48147.5	20	1839
#FEFCFC	48148	20.5	1839
#FEFCFC	48148.5	20	1839
#FEFCFC	48148	19.5	1839
#FCF8F8	48148	20.5	1840
#FCF8F8	48148.5	21	1840
#FCF8F8	48149	20.5	1840
#FCF8F8	48148.5	20	1840
#FCF8F7	48148.5	21	1841
#FCF8F7	48149	21.5	1841
#FCF8F7	48149.5	21	1841
#FCF8F7	48149	20.5	1841
#FCF8F8	48149	21.5	1842
#FCF8F8	48149.5	22	1842
#FCF8F8	48150	21.5	1842
#FCF8F8	48149.5	21	1842
#FBF6F5	48149.5	22	1843
#FBF6F5	48150	22.5	1843
#FBF6F5	48150.5	22	1843
#FBF6F5	48150	21.5	1843
#FEFCFC	48150	22.5	1844
#FEFCFC	48150.5	23	1844
#FEFCFC	48151	22.5	1844
#FEFCFC	48150.5	22	1844
#F7ECEB	48150.5	23	1845
#F7ECEB	48151	23.5	1845
#F7ECEB	48151.5	23	1845
#F7ECEB	48151	22.5	1845
#F4E5E3	48151	23.5	1846
#F4E5E3	48151.5	24	1846
#F4E5E3	48152	23.5	1846
#F4E5E3	48151.5	23	1846
#FDFBFB	48151.5	24	1847
#FDFBFB	48152	24.5	1847
#FDFBFB	48152.5	24	1847
#FDFBFB	48152	23.5	1847
#FCF9F9	48152	24.5	1848
#FCF9F9	48152.5	25	1848
#FCF9F9	48153	24.5	1848
#FCF9F9	48152.5	24	1848
#A85D56	48128.5	0	1849
#A85D56	48129	0.5	1849
#A85D56	48129.5	0	1849
#A85D56	48129	-0.5	1849
#D3A49E	48129	0.5	1850
#D3A49E	48129.5	1	1850
#D3A49E	48130	0.5	1850
#D3A49E	48129.5	0	1850
#C1847D	48129.5	1	1851
#C1847D	48130	1.5	1851
#C1847D	48130.5	1	1851
#C1847D	48130	0.5	1851
#DDB7B3	48130	1.5	1852
#DDB7B3	48130.5	2	1852
#DDB7B3	48131	1.5	1852
#DDB7B3	48130.5	1	1852
#CB968F	48130.5	2	1853
#CB968F	48131	2.5	1853
#CB968F	48131.5	2	1853
#CB968F	48131	1.5	1853
#EAD2CE	48131	2.5	1854
#EAD2CE	48131.5	3	1854
#EAD2CE	48132	2.5	1854
#EAD2CE	48131.5	2	1854
#F4E7E5	48131.5	3	1855
#F4E7E5	48132	3.5	1855
#F4E7E5	48132.5	3	1855
#F4E7E5	48132	2.5	1855
#FBF6F5	48132	3.5	1856
#FBF6F5	48132.5	4	1856
#FBF6F5	48133	3.5	1856
#FBF6F5	48132.5	3	1856
#FBF6F5	48132.5	4	1857
#FBF6F5	48133	4.5	1857
#FBF6F5	48133.5	4	1857
#FBF6F5	48133	3.5	1857
#F6EBEA	48133	4.5	1858
#F6EBEA	48133.5	5	1858
#F6EBEA	48134	4.5	1858
#F6EBEA	48133.5	4	1858
#FDF9F9	48133.5	5	1859
#FDF9F9	48134	5.5	1859
#FDF9F9	48134.5	5	1859
#FDF9F9	48134	4.5	1859
#F7ECEB	48134	5.5	1860
#F7ECEB	48134.5	6	1860
#F7ECEB	48135	5.5	1860
#F7ECEB	48134.5	5	1860
#EBD3D0	48134.5	6	1861
#EBD3D0	48135	6.5	1861
#EBD3D0	48135.5	6	1861
#EBD3D0	48135	5.5	1861
#FAF4F3	48135	6.5	1862
#FAF4F3	48135.5	7	1862
#FAF4F3	48136	6.5	1862
#FAF4F3	48135.5	6	1862
#FDFBFB	48135.5	7	1863
#FDFBFB	48136	7.5	1863
#FDFBFB	48136.5	7	1863
#FDFBFB	48136	6.5	1863
#FAF3F2	48136	7.5	1864
#FAF3F2	48136.5	8	1864
#FAF3F2	48137	7.5	1864
#FAF3F2	48136.5	7	1864
#FCF8F8	48136.5	8	1865
#FCF8F8	48137	8.5	1865
#FCF8F8	48137.5	8	1865
#FCF8F8	48137	7.5	1865
#FDFAF9	48137	8.5	1866
#FDFAF9	48137.5	9	1866
#FDFAF9	48138	8.5	1866
#FDFAF9	48137.5	8	1866
#FEFCFC	48137.5	9	1867
#FEFCFC	48138	9.5	1867
#FEFCFC	48138.5	9	1867
#FEFCFC	48138	8.5	1867
#F7ECEB	48138	9.5	1868
#F7ECEB	48138.5	10	1868
#F7ECEB	48139	9.5	1868
#F7ECEB	48138.5	9	1868
#FEFEFE	48138.5	10	1869
#FEFEFE	48139	10.5	1869
#FEFEFE	48139.5	10	1869
#FEFEFE	48139	9.5	1869
#F4F3F9	48139	10.5	1870
#F4F3F9	48139.5	11	1870
#F4F3F9	48140	10.5	1870
#F4F3F9	48139.5	10	1870
#FFFFFF	48139.5	11	1871
#FFFFFF	48140	11.5	1871
#FFFFFF	48140.5	11	1871
#FFFFFF	48140	10.5	1871
#FDFCFE	48140	11.5	1872
#FDFCFE	48140.5	12	1872
#FDFCFE	48141	11.5	1872
#FDFCFE	48140.5	11	1872
#FEFEFE	48140.5	12	1873
#FEFEFE	48141	12.5	1873
#FEFEFE	48141.5	12	1873
#FEFEFE	48141	11.5	1873
#F9F8FC	48141	12.5	1874
#F9F8FC	48141.5	13	1874
#F9F8FC	48142	12.5	1874
#F9F8FC	48141.5	12	1874
#FAF9FC	48141.5	13	1875
#FAF9FC	48142	13.5	1875
#FAF9FC	48142.5	13	1875
#FAF9FC	48142	12.5	1875
#FBFBFD	48142	13.5	1876
#FBFBFD	48142.5	14	1876
#FBFBFD	48143	13.5	1876
#FBFBFD	48142.5	13	1876
#FFFFFE	48142.5	14	1877
#FFFFFE	48143	14.5	1877
#FFFFFE	48143.5	14	1877
#FFFFFE	48143	13.5	1877
#FEFEFF	48143	14.5	1878
#FEFEFF	48143.5	15	1878
#FEFEFF	48144	14.5	1878
#FEFEFF	48143.5	14	1878
#F7EDEB	48143.5	15	1879
#F7EDEB	48144	15.5	1879
#F7EDEB	48144.5	15	1879
#F7EDEB	48144	14.5	1879
#FBF5F4	48144	15.5	1880
#FBF5F4	48144.5	16	1880
#FBF5F4	48145	15.5	1880
#FBF5F4	48144.5	15	1880
#FCF9F9	48144.5	16	1881
#FCF9F9	48145	16.5	1881
#FCF9F9	48145.5	16	1881
#FCF9F9	48145	15.5	1881
#F4E6E4	48145	16.5	1882
#F4E6E4	48145.5	17	1882
#F4E6E4	48146	16.5	1882
#F4E6E4	48145.5	16	1882
#FEFDFD	48145.5	17	1883
#FEFDFD	48146	17.5	1883
#FEFDFD	48146.5	17	1883
#FEFDFD	48146	16.5	1883
#F9F2F1	48146	17.5	1884
#F9F2F1	48146.5	18	1884
#F9F2F1	48147	17.5	1884
#F9F2F1	48146.5	17	1884
#FFFEFE	48146.5	18	1885
#FFFEFE	48147	18.5	1885
#FFFEFE	48147.5	18	1885
#FFFEFE	48147	17.5	1885
#FBFAFD	48147	18.5	1886
#FBFAFD	48147.5	19	1886
#FBFAFD	48148	18.5	1886
#FBFAFD	48147.5	18	1886
#F8EFEE	48147.5	19	1887
#F8EFEE	48148	19.5	1887
#F8EFEE	48148.5	19	1887
#F8EFEE	48148	18.5	1887
#FBF5F4	48148	19.5	1888
#FBF5F4	48148.5	20	1888
#FBF5F4	48149	19.5	1888
#FBF5F4	48148.5	19	1888
#FFFEFE	48148.5	20	1889
#FFFEFE	48149	20.5	1889
#FFFEFE	48149.5	20	1889
#FFFEFE	48149	19.5	1889
#F9F1F0	48149	20.5	1890
#F9F1F0	48149.5	21	1890
#F9F1F0	48150	20.5	1890
#F9F1F0	48149.5	20	1890
#F5E9E8	48149.5	21	1891
#F5E9E8	48150	21.5	1891
#F5E9E8	48150.5	21	1891
#F5E9E8	48150	20.5	1891
#FEFDFC	48150	21.5	1892
#FEFDFC	48150.5	22	1892
#FEFDFC	48151	21.5	1892
#FEFDFC	48150.5	21	1892
#FDFAF9	48150.5	22	1893
#FDFAF9	48151	22.5	1893
#FDFAF9	48151.5	22	1893
#FDFAF9	48151	21.5	1893
#FAF4F4	48151	22.5	1894
#FAF4F4	48151.5	23	1894
#FAF4F4	48152	22.5	1894
#FAF4F4	48151.5	22	1894
#E8CDC9	48151.5	23	1895
#E8CDC9	48152	23.5	1895
#E8CDC9	48152.5	23	1895
#E8CDC9	48152	22.5	1895
#FAF4F3	48152	23.5	1896
#FAF4F3	48152.5	24	1896
#FAF4F3	48153	23.5	1896
#FAF4F3	48152.5	23	1896
#FDF9F9	48152.5	24	1897
#FDF9F9	48153	24.5	1897
#FDF9F9	48153.5	24	1897
#FDF9F9	48153	23.5	1897
#F9F2F1	48153	24.5	1898
#F9F2F1	48153.5	25	1898
#F9F2F1	48154	24.5	1898
#F9F2F1	48153.5	24	1898
#C48A83	48129.5	0	1899
#C48A83	48130	0.5	1899
#C48A83	48130.5	0	1899
#C48A83	48130	-0.5	1899
#E3C2BD	48130	0.5	1900
#E3C2BD	48130.5	1	1900
#E3C2BD	48131	0.5	1900
#E3C2BD	48130.5	0	1900
#F4E6E5	48130.5	1	1901
#F4E6E5	48131	1.5	1901
#F4E6E5	48131.5	1	1901
#F4E6E5	48131	0.5	1901
#E3C4BF	48131	1.5	1902
#E3C4BF	48131.5	2	1902
#E3C4BF	48132	1.5	1902
#E3C4BF	48131.5	1	1902
#EBD3D0	48131.5	2	1903
#EBD3D0	48132	2.5	1903
#EBD3D0	48132.5	2	1903
#EBD3D0	48132	1.5	1903
#FAF4F3	48132	2.5	1904
#FAF4F3	48132.5	3	1904
#FAF4F3	48133	2.5	1904
#FAF4F3	48132.5	2	1904
#FDFAFA	48132.5	3	1905
#FDFAFA	48133	3.5	1905
#FDFAFA	48133.5	3	1905
#FDFAFA	48133	2.5	1905
#FBF7F6	48133	3.5	1906
#FBF7F6	48133.5	4	1906
#FBF7F6	48134	3.5	1906
#FBF7F6	48133.5	3	1906
#FDFBFA	48133.5	4	1907
#FDFBFA	48134	4.5	1907
#FDFBFA	48134.5	4	1907
#FDFBFA	48134	3.5	1907
#FFFEFE	48134	4.5	1908
#FFFEFE	48134.5	5	1908
#FFFEFE	48135	4.5	1908
#FFFEFE	48134.5	4	1908
#FAF4F3	48134.5	5	1909
#FAF4F3	48135	5.5	1909
#FAF4F3	48135.5	5	1909
#FAF4F3	48135	4.5	1909
#F5E8E7	48135	5.5	1910
#F5E8E7	48135.5	6	1910
#F5E8E7	48136	5.5	1910
#F5E8E7	48135.5	5	1910
#FFFEFE	48135.5	6	1911
#FFFEFE	48136	6.5	1911
#FFFEFE	48136.5	6	1911
#FFFEFE	48136	5.5	1911
#FCF8F7	48136	6.5	1912
#FCF8F7	48136.5	7	1912
#FCF8F7	48137	6.5	1912
#FCF8F7	48136.5	6	1912
#FEFCFC	48136.5	7	1913
#FEFCFC	48137	7.5	1913
#FEFCFC	48137.5	7	1913
#FEFCFC	48137	6.5	1913
#FFFFFF	48137	7.5	1914
#FFFFFF	48137.5	8	1914
#FFFFFF	48138	7.5	1914
#FFFFFF	48137.5	7	1914
#FFFFFF	48137.5	8	1915
#FFFFFF	48138	8.5	1915
#FFFFFF	48138.5	8	1915
#FFFFFF	48138	7.5	1915
#FDFAFA	48138	8.5	1916
#FDFAFA	48138.5	9	1916
#FDFAFA	48139	8.5	1916
#FDFAFA	48138.5	8	1916
#F8EFED	48138.5	9	1917
#F8EFED	48139	9.5	1917
#F8EFED	48139.5	9	1917
#F8EFED	48139	8.5	1917
#FFFFFF	48139	9.5	1918
#FFFFFF	48139.5	10	1918
#FFFFFF	48140	9.5	1918
#FFFFFF	48139.5	9	1918
#FFFFFF	48139.5	10	1919
#FFFFFF	48140	10.5	1919
#FFFFFF	48140.5	10	1919
#FFFFFF	48140	9.5	1919
#FBFBFD	48140	10.5	1920
#FBFBFD	48140.5	11	1920
#FBFBFD	48141	10.5	1920
#FBFBFD	48140.5	10	1920
#FFFEFE	48140.5	11	1921
#FFFEFE	48141	11.5	1921
#FFFEFE	48141.5	11	1921
#FFFEFE	48141	10.5	1921
#F8F7FB	48141	11.5	1922
#F8F7FB	48141.5	12	1922
#F8F7FB	48142	11.5	1922
#F8F7FB	48141.5	11	1922
#F9F8FC	48141.5	12	1923
#F9F8FC	48142	12.5	1923
#F9F8FC	48142.5	12	1923
#F9F8FC	48142	11.5	1923
#FEFEFF	48142	12.5	1924
#FEFEFF	48142.5	13	1924
#FEFEFF	48143	12.5	1924
#FEFEFF	48142.5	12	1924
#F5F4FA	48142.5	13	1925
#F5F4FA	48143	13.5	1925
#F5F4FA	48143.5	13	1925
#F5F4FA	48143	12.5	1925
#FFFEFE	48143	13.5	1926
#FFFEFE	48143.5	14	1926
#FFFEFE	48144	13.5	1926
#FFFEFE	48143.5	13	1926
#FCFCFE	48143.5	14	1927
#FCFCFE	48144	14.5	1927
#FCFCFE	48144.5	14	1927
#FCFCFE	48144	13.5	1927
#FDFAFA	48144	14.5	1928
#FDFAFA	48144.5	15	1928
#FDFAFA	48145	14.5	1928
#FDFAFA	48144.5	14	1928
#FAF4F3	48144.5	15	1929
#FAF4F3	48145	15.5	1929
#FAF4F3	48145.5	15	1929
#FAF4F3	48145	14.5	1929
#FEFDFD	48145	15.5	1930
#FEFDFD	48145.5	16	1930
#FEFDFD	48146	15.5	1930
#FEFDFD	48145.5	15	1930
#FBF6F6	48145.5	16	1931
#FBF6F6	48146	16.5	1931
#FBF6F6	48146.5	16	1931
#FBF6F6	48146	15.5	1931
#F9F8FC	48146	16.5	1932
#F9F8FC	48146.5	17	1932
#F9F8FC	48147	16.5	1932
#F9F8FC	48146.5	16	1932
#FEFCFB	48146.5	17	1933
#FEFCFB	48147	17.5	1933
#FEFCFB	48147.5	17	1933
#FEFCFB	48147	16.5	1933
#F7EDEC	48147	17.5	1934
#F7EDEC	48147.5	18	1934
#F7EDEC	48148	17.5	1934
#F7EDEC	48147.5	17	1934
#FDFDFE	48147.5	18	1935
#FDFDFE	48148	18.5	1935
#FDFDFE	48148.5	18	1935
#FDFDFE	48148	17.5	1935
#FEFDFD	48148	18.5	1936
#FEFDFD	48148.5	19	1936
#FEFDFD	48149	18.5	1936
#FEFDFD	48148.5	18	1936
#FDFCFE	48148.5	19	1937
#FDFCFE	48149	19.5	1937
#FDFCFE	48149.5	19	1937
#FDFCFE	48149	18.5	1937
#F8EEED	48149	19.5	1938
#F8EEED	48149.5	20	1938
#F8EEED	48150	19.5	1938
#F8EEED	48149.5	19	1938
#FDFAFA	48149.5	20	1939
#FDFAFA	48150	20.5	1939
#FDFAFA	48150.5	20	1939
#FDFAFA	48150	19.5	1939
#FCF8F7	48150	20.5	1940
#FCF8F7	48150.5	21	1940
#FCF8F7	48151	20.5	1940
#FCF8F7	48150.5	20	1940
#F9F1F0	48150.5	21	1941
#F9F1F0	48151	21.5	1941
#F9F1F0	48151.5	21	1941
#F9F1F0	48151	20.5	1941
#F8EFEE	48151	21.5	1942
#F8EFEE	48151.5	22	1942
#F8EFEE	48152	21.5	1942
#F8EFEE	48151.5	21	1942
#F6EBEA	48151.5	22	1943
#F6EBEA	48152	22.5	1943
#F6EBEA	48152.5	22	1943
#F6EBEA	48152	21.5	1943
#FBF6F5	48152	22.5	1944
#FBF6F5	48152.5	23	1944
#FBF6F5	48153	22.5	1944
#FBF6F5	48152.5	22	1944
#F3E5E3	48152.5	23	1945
#F3E5E3	48153	23.5	1945
#F3E5E3	48153.5	23	1945
#F3E5E3	48153	22.5	1945
#FDFAFA	48153	23.5	1946
#FDFAFA	48153.5	24	1946
#FDFAFA	48154	23.5	1946
#FDFAFA	48153.5	23	1946
#F6E9E8	48153.5	24	1947
#F6E9E8	48154	24.5	1947
#F6E9E8	48154.5	24	1947
#F6E9E8	48154	23.5	1947
#FCF7F7	48154	24.5	1948
#FCF7F7	48154.5	25	1948
#FCF7F7	48155	24.5	1948
#FCF7F7	48154.5	24	1948
#C38881	48130.5	0	1949
#C38881	48131	0.5	1949
#C38881	48131.5	0	1949
#C38881	48131	-0.5	1949
#EEDAD7	48131	0.5	1950
#EEDAD7	48131.5	1	1950
#EEDAD7	48132	0.5	1950
#EEDAD7	48131.5	0	1950
#D9AFAA	48131.5	1	1951
#D9AFAA	48132	1.5	1951
#D9AFAA	48132.5	1	1951
#D9AFAA	48132	0.5	1951
#CB968F	48132	1.5	1952
#CB968F	48132.5	2	1952
#CB968F	48133	1.5	1952
#CB968F	48132.5	1	1952
#DDB6B1	48132.5	2	1953
#DDB6B1	48133	2.5	1953
#DDB6B1	48133.5	2	1953
#DDB6B1	48133	1.5	1953
#EFDCD9	48133	2.5	1954
#EFDCD9	48133.5	3	1954
#EFDCD9	48134	2.5	1954
#EFDCD9	48133.5	2	1954
#F1DFDD	48133.5	3	1955
#F1DFDD	48134	3.5	1955
#F1DFDD	48134.5	3	1955
#F1DFDD	48134	2.5	1955
#F7EDEC	48134	3.5	1956
#F7EDEC	48134.5	4	1956
#F7EDEC	48135	3.5	1956
#F7EDEC	48134.5	3	1956
#F6EBEA	48134.5	4	1957
#F6EBEA	48135	4.5	1957
#F6EBEA	48135.5	4	1957
#F6EBEA	48135	3.5	1957
#F3E4E2	48135	4.5	1958
#F3E4E2	48135.5	5	1958
#F3E4E2	48136	4.5	1958
#F3E4E2	48135.5	4	1958
#F4E5E3	48135.5	5	1959
#F4E5E3	48136	5.5	1959
#F4E5E3	48136.5	5	1959
#F4E5E3	48136	4.5	1959
#F9F2F1	48136	5.5	1960
#F9F2F1	48136.5	6	1960
#F9F2F1	48137	5.5	1960
#F9F2F1	48136.5	5	1960
#FCF8F7	48136.5	6	1961
#FCF8F7	48137	6.5	1961
#FCF8F7	48137.5	6	1961
#FCF8F7	48137	5.5	1961
#FAF2F1	48137	6.5	1962
#FAF2F1	48137.5	7	1962
#FAF2F1	48138	6.5	1962
#FAF2F1	48137.5	6	1962
#FCF8F8	48137.5	7	1963
#FCF8F8	48138	7.5	1963
#FCF8F8	48138.5	7	1963
#FCF8F8	48138	6.5	1963
#FAF3F2	48138	7.5	1964
#FAF3F2	48138.5	8	1964
#FAF3F2	48139	7.5	1964
#FAF3F2	48138.5	7	1964
#FDF9F9	48138.5	8	1965
#FDF9F9	48139	8.5	1965
#FDF9F9	48139.5	8	1965
#FDF9F9	48139	7.5	1965
#FBF5F4	48139	8.5	1966
#FBF5F4	48139.5	9	1966
#FBF5F4	48140	8.5	1966
#FBF5F4	48139.5	8	1966
#FDFDFE	48139.5	9	1967
#FDFDFE	48140	9.5	1967
#FDFDFE	48140.5	9	1967
#FDFDFE	48140	8.5	1967
#FFFFFF	48140	9.5	1968
#FFFFFF	48140.5	10	1968
#FFFFFF	48141	9.5	1968
#FFFFFF	48140.5	9	1968
#FFFFFF	48140.5	10	1969
#FFFFFF	48141	10.5	1969
#FFFFFF	48141.5	10	1969
#FFFFFF	48141	9.5	1969
#FDFCFE	48141	10.5	1970
#FDFCFE	48141.5	11	1970
#FDFCFE	48142	10.5	1970
#FDFCFE	48141.5	10	1970
#FBFAFD	48141.5	11	1971
#FBFAFD	48142	11.5	1971
#FBFAFD	48142.5	11	1971
#FBFAFD	48142	10.5	1971
#F2F0F8	48142	11.5	1972
#F2F0F8	48142.5	12	1972
#F2F0F8	48143	11.5	1972
#F2F0F8	48142.5	11	1972
#F7F6FB	48142.5	12	1973
#F7F6FB	48143	12.5	1973
#F7F6FB	48143.5	12	1973
#F7F6FB	48143	11.5	1973
#F7F6FB	48143	12.5	1974
#F7F6FB	48143.5	13	1974
#F7F6FB	48144	12.5	1974
#F7F6FB	48143.5	12	1974
#FAF9FC	48143.5	13	1975
#FAF9FC	48144	13.5	1975
#FAF9FC	48144.5	13	1975
#FAF9FC	48144	12.5	1975
#FCFCFE	48144	13.5	1976
#FCFCFE	48144.5	14	1976
#FCFCFE	48145	13.5	1976
#FCFCFE	48144.5	13	1976
#FDFCFE	48144.5	14	1977
#FDFCFE	48145	14.5	1977
#FDFCFE	48145.5	14	1977
#FDFCFE	48145	13.5	1977
#FEFDFD	48145	14.5	1978
#FEFDFD	48145.5	15	1978
#FEFDFD	48146	14.5	1978
#FEFDFD	48145.5	14	1978
#FEFEFF	48145.5	15	1979
#FEFEFF	48146	15.5	1979
#FEFEFF	48146.5	15	1979
#FEFEFF	48146	14.5	1979
#F8F0EE	48146	15.5	1980
#F8F0EE	48146.5	16	1980
#F8F0EE	48147	15.5	1980
#F8F0EE	48146.5	15	1980
#FDFAFA	48146.5	16	1981
#FDFAFA	48147	16.5	1981
#FDFAFA	48147.5	16	1981
#FDFAFA	48147	15.5	1981
#FDFBFB	48147	16.5	1982
#FDFBFB	48147.5	17	1982
#FDFBFB	48148	16.5	1982
#FDFBFB	48147.5	16	1982
#FDFAF9	48147.5	17	1983
#FDFAF9	48148	17.5	1983
#FDFAF9	48148.5	17	1983
#FDFAF9	48148	16.5	1983
#F8F7FB	48148	17.5	1984
#F8F7FB	48148.5	18	1984
#F8F7FB	48149	17.5	1984
#F8F7FB	48148.5	17	1984
#FEFCFC	48148.5	18	1985
#FEFCFC	48149	18.5	1985
#FEFCFC	48149.5	18	1985
#FEFCFC	48149	17.5	1985
#F6EBE9	48149	18.5	1986
#F6EBE9	48149.5	19	1986
#F6EBE9	48150	18.5	1986
#F6EBE9	48149.5	18	1986
#FCF7F6	48149.5	19	1987
#FCF7F6	48150	19.5	1987
#FCF7F6	48150.5	19	1987
#FCF7F6	48150	18.5	1987
#F7EEEC	48150	19.5	1988
#F7EEEC	48150.5	20	1988
#F7EEEC	48151	19.5	1988
#F7EEEC	48150.5	19	1988
#FAF2F1	48150.5	20	1989
#FAF2F1	48151	20.5	1989
#FAF2F1	48151.5	20	1989
#FAF2F1	48151	19.5	1989
#F5E8E7	48151	20.5	1990
#F5E8E7	48151.5	21	1990
#F5E8E7	48152	20.5	1990
#F5E8E7	48151.5	20	1990
#FAF3F2	48151.5	21	1991
#FAF3F2	48152	21.5	1991
#FAF3F2	48152.5	21	1991
#FAF3F2	48152	20.5	1991
#F4E7E5	48152	21.5	1992
#F4E7E5	48152.5	22	1992
#F4E7E5	48153	21.5	1992
#F4E7E5	48152.5	21	1992
#F4E7E5	48152.5	22	1993
#F4E7E5	48153	22.5	1993
#F4E7E5	48153.5	22	1993
#F4E7E5	48153	21.5	1993
#F9F1F0	48153	22.5	1994
#F9F1F0	48153.5	23	1994
#F9F1F0	48154	22.5	1994
#F9F1F0	48153.5	22	1994
#FBF7F6	48153.5	23	1995
#FBF7F6	48154	23.5	1995
#FBF7F6	48154.5	23	1995
#FBF7F6	48154	22.5	1995
#F9F1EF	48154	23.5	1996
#F9F1EF	48154.5	24	1996
#F9F1EF	48155	23.5	1996
#F9F1EF	48154.5	23	1996
#F7EDEC	48154.5	24	1997
#F7EDEC	48155	24.5	1997
#F7EDEC	48155.5	24	1997
#F7EDEC	48155	23.5	1997
#F6EAE9	48155	24.5	1998
#F6EAE9	48155.5	25	1998
#F6EAE9	48156	24.5	1998
#F6EAE9	48155.5	24	1998
#B46F68	48131.5	0	1999
#B46F68	48132	0.5	1999
#B46F68	48132.5	0	1999
#B46F68	48132	-0.5	1999
#CC9892	48132	0.5	2000
#CC9892	48132.5	1	2000
#CC9892	48133	0.5	2000
#CC9892	48132.5	0	2000
#D8AEA9	48132.5	1	2001
#D8AEA9	48133	1.5	2001
#D8AEA9	48133.5	1	2001
#D8AEA9	48133	0.5	2001
#DBB3AE	48133	1.5	2002
#DBB3AE	48133.5	2	2002
#DBB3AE	48134	1.5	2002
#DBB3AE	48133.5	1	2002
#EAD0CD	48133.5	2	2003
#EAD0CD	48134	2.5	2003
#EAD0CD	48134.5	2	2003
#EAD0CD	48134	1.5	2003
#ECD4D1	48134	2.5	2004
#ECD4D1	48134.5	3	2004
#ECD4D1	48135	2.5	2004
#ECD4D1	48134.5	2	2004
#F2E2E0	48134.5	3	2005
#F2E2E0	48135	3.5	2005
#F2E2E0	48135.5	3	2005
#F2E2E0	48135	2.5	2005
#EDD7D4	48135	3.5	2006
#EDD7D4	48135.5	4	2006
#EDD7D4	48136	3.5	2006
#EDD7D4	48135.5	3	2006
#EED9D6	48135.5	4	2007
#EED9D6	48136	4.5	2007
#EED9D6	48136.5	4	2007
#EED9D6	48136	3.5	2007
#EEDAD7	48136	4.5	2008
#EEDAD7	48136.5	5	2008
#EEDAD7	48137	4.5	2008
#EEDAD7	48136.5	4	2008
#ECD5D2	48136.5	5	2009
#ECD5D2	48137	5.5	2009
#ECD5D2	48137.5	5	2009
#ECD5D2	48137	4.5	2009
#F0DEDB	48137	5.5	2010
#F0DEDB	48137.5	6	2010
#F0DEDB	48138	5.5	2010
#F0DEDB	48137.5	5	2010
#FAF4F3	48137.5	6	2011
#FAF4F3	48138	6.5	2011
#FAF4F3	48138.5	6	2011
#FAF4F3	48138	5.5	2011
#FAF3F2	48138	6.5	2012
#FAF3F2	48138.5	7	2012
#FAF3F2	48139	6.5	2012
#FAF3F2	48138.5	6	2012
#F8F0EF	48138.5	7	2013
#F8F0EF	48139	7.5	2013
#F8F0EF	48139.5	7	2013
#F8F0EF	48139	6.5	2013
#F9F1F0	48139	7.5	2014
#F9F1F0	48139.5	8	2014
#F9F1F0	48140	7.5	2014
#F9F1F0	48139.5	7	2014
#FAF4F3	48139.5	8	2015
#FAF4F3	48140	8.5	2015
#FAF4F3	48140.5	8	2015
#FAF4F3	48140	7.5	2015
#FEFCFC	48140	8.5	2016
#FEFCFC	48140.5	9	2016
#FEFCFC	48141	8.5	2016
#FEFCFC	48140.5	8	2016
#FEFEFE	48140.5	9	2017
#FEFEFE	48141	9.5	2017
#FEFEFE	48141.5	9	2017
#FEFEFE	48141	8.5	2017
#FFFFFF	48141	9.5	2018
#FFFFFF	48141.5	10	2018
#FFFFFF	48142	9.5	2018
#FFFFFF	48141.5	9	2018
#FFFEFE	48141.5	10	2019
#FFFEFE	48142	10.5	2019
#FFFEFE	48142.5	10	2019
#FFFEFE	48142	9.5	2019
#FFFEFE	48142	10.5	2020
#FFFEFE	48142.5	11	2020
#FFFEFE	48143	10.5	2020
#FFFEFE	48142.5	10	2020
#FDFBFB	48142.5	11	2021
#FDFBFB	48143	11.5	2021
#FDFBFB	48143.5	11	2021
#FDFBFB	48143	10.5	2021
#FEFCFC	48143	11.5	2022
#FEFCFC	48143.5	12	2022
#FEFCFC	48144	11.5	2022
#FEFCFC	48143.5	11	2022
#FEFEFE	48143.5	12	2023
#FEFEFE	48144	12.5	2023
#FEFEFE	48144.5	12	2023
#FEFEFE	48144	11.5	2023
#FBF7F6	48144	12.5	2024
#FBF7F6	48144.5	13	2024
#FBF7F6	48145	12.5	2024
#FBF7F6	48144.5	12	2024
#F9F2F1	48144.5	13	2025
#F9F2F1	48145	13.5	2025
#F9F2F1	48145.5	13	2025
#F9F2F1	48145	12.5	2025
#FBF6F6	48145	13.5	2026
#FBF6F6	48145.5	14	2026
#FBF6F6	48146	13.5	2026
#FBF6F6	48145.5	13	2026
#F7ECEB	48145.5	14	2027
#F7ECEB	48146	14.5	2027
#F7ECEB	48146.5	14	2027
#F7ECEB	48146	13.5	2027
#FDFAF9	48146	14.5	2028
#FDFAF9	48146.5	15	2028
#FDFAF9	48147	14.5	2028
#FDFAF9	48146.5	14	2028
#FAF3F2	48146.5	15	2029
#FAF3F2	48147	15.5	2029
#FAF3F2	48147.5	15	2029
#FAF3F2	48147	14.5	2029
#F8F0EE	48147	15.5	2030
#F8F0EE	48147.5	16	2030
#F8F0EE	48148	15.5	2030
#F8F0EE	48147.5	15	2030
#F3E4E2	48147.5	16	2031
#F3E4E2	48148	16.5	2031
#F3E4E2	48148.5	16	2031
#F3E4E2	48148	15.5	2031
#FDFAFA	48148	16.5	2032
#FDFAFA	48148.5	17	2032
#FDFAFA	48149	16.5	2032
#FDFAFA	48148.5	16	2032
#F7EEEC	48148.5	17	2033
#F7EEEC	48149	17.5	2033
#F7EEEC	48149.5	17	2033
#F7EEEC	48149	16.5	2033
#F9F2F1	48149	17.5	2034
#F9F2F1	48149.5	18	2034
#F9F2F1	48150	17.5	2034
#F9F2F1	48149.5	17	2034
#F5E9E7	48149.5	18	2035
#F5E9E7	48150	18.5	2035
#F5E9E7	48150.5	18	2035
#F5E9E7	48150	17.5	2035
#EDD8D5	48150	18.5	2036
#EDD8D5	48150.5	19	2036
#EDD8D5	48151	18.5	2036
#EDD8D5	48150.5	18	2036
#F5E8E7	48150.5	19	2037
#F5E8E7	48151	19.5	2037
#F5E8E7	48151.5	19	2037
#F5E8E7	48151	18.5	2037
#EFDBD8	48151	19.5	2038
#EFDBD8	48151.5	20	2038
#EFDBD8	48152	19.5	2038
#EFDBD8	48151.5	19	2038
#F7ECEA	48151.5	20	2039
#F7ECEA	48152	20.5	2039
#F7ECEA	48152.5	20	2039
#F7ECEA	48152	19.5	2039
#F2E2E0	48152	20.5	2040
#F2E2E0	48152.5	21	2040
#F2E2E0	48153	20.5	2040
#F2E2E0	48152.5	20	2040
#F4E6E4	48152.5	21	2041
#F4E6E4	48153	21.5	2041
#F4E6E4	48153.5	21	2041
#F4E6E4	48153	20.5	2041
#EFDCD9	48153	21.5	2042
#EFDCD9	48153.5	22	2042
#EFDCD9	48154	21.5	2042
#EFDCD9	48153.5	21	2042
#FAF3F3	48153.5	22	2043
#FAF3F3	48154	22.5	2043
#FAF3F3	48154.5	22	2043
#FAF3F3	48154	21.5	2043
#F6EBEA	48154	22.5	2044
#F6EBEA	48154.5	23	2044
#F6EBEA	48155	22.5	2044
#F6EBEA	48154.5	22	2044
#E8CECA	48154.5	23	2045
#E8CECA	48155	23.5	2045
#E8CECA	48155.5	23	2045
#E8CECA	48155	22.5	2045
#E9CFCC	48155	23.5	2046
#E9CFCC	48155.5	24	2046
#E9CFCC	48156	23.5	2046
#E9CFCC	48155.5	23	2046
#F6EAE8	48155.5	24	2047
#F6EAE8	48156	24.5	2047
#F6EAE8	48156.5	24	2047
#F6EAE8	48156	23.5	2047
#F7ECEB	48156	24.5	2048
#F7ECEB	48156.5	25	2048
#F7ECEB	48157	24.5	2048
#F7ECEB	48156.5	24	2048
#C38780	48132.5	0	2049
#C38780	48133	0.5	2049
#C38780	48133.5	0	2049
#C38780	48133	-0.5	2049
#D5A8A2	48133	0.5	2050
#D5A8A2	48133.5	1	2050
#D5A8A2	48134	0.5	2050
#D5A8A2	48133.5	0	2050
#D3A49E	48133.5	1	2051
#D3A49E	48134	1.5	2051
#D3A49E	48134.5	1	2051
#D3A49E	48134	0.5	2051
#D9AFAA	48134	1.5	2052
#D9AFAA	48134.5	2	2052
#D9AFAA	48135	1.5	2052
#D9AFAA	48134.5	1	2052
#E2C1BD	48134.5	2	2053
#E2C1BD	48135	2.5	2053
#E2C1BD	48135.5	2	2053
#E2C1BD	48135	1.5	2053
#F1E0DD	48135	2.5	2054
#F1E0DD	48135.5	3	2054
#F1E0DD	48136	2.5	2054
#F1E0DD	48135.5	2	2054
#F9F1F0	48135.5	3	2055
#F9F1F0	48136	3.5	2055
#F9F1F0	48136.5	3	2055
#F9F1F0	48136	2.5	2055
#F5E7E5	48136	3.5	2056
#F5E7E5	48136.5	4	2056
#F5E7E5	48137	3.5	2056
#F5E7E5	48136.5	3	2056
#F8F0EF	48136.5	4	2057
#F8F0EF	48137	4.5	2057
#F8F0EF	48137.5	4	2057
#F8F0EF	48137	3.5	2057
#F0DEDB	48137	4.5	2058
#F0DEDB	48137.5	5	2058
#F0DEDB	48138	4.5	2058
#F0DEDB	48137.5	4	2058
#FCF9F8	48137.5	5	2059
#FCF9F8	48138	5.5	2059
#FCF9F8	48138.5	5	2059
#FCF9F8	48138	4.5	2059
#FDFBFB	48138	5.5	2060
#FDFBFB	48138.5	6	2060
#FDFBFB	48139	5.5	2060
#FDFBFB	48138.5	5	2060
#F5E8E7	48138.5	6	2061
#F5E8E7	48139	6.5	2061
#F5E8E7	48139.5	6	2061
#F5E8E7	48139	5.5	2061
#FBF6F5	48139	6.5	2062
#FBF6F5	48139.5	7	2062
#FBF6F5	48140	6.5	2062
#FBF6F5	48139.5	6	2062
#F8EFED	48139.5	7	2063
#F8EFED	48140	7.5	2063
#F8EFED	48140.5	7	2063
#F8EFED	48140	6.5	2063
#F5E7E5	48140	7.5	2064
#F5E7E5	48140.5	8	2064
#F5E7E5	48141	7.5	2064
#F5E7E5	48140.5	7	2064
#FFFEFF	48140.5	8	2065
#FFFEFF	48141	8.5	2065
#FFFEFF	48141.5	8	2065
#FFFEFF	48141	7.5	2065
#FBF7F6	48141	8.5	2066
#FBF7F6	48141.5	9	2066
#FBF7F6	48142	8.5	2066
#FBF7F6	48141.5	8	2066
#FAF3F2	48141.5	9	2067
#FAF3F2	48142	9.5	2067
#FAF3F2	48142.5	9	2067
#FAF3F2	48142	8.5	2067
#FDFBFB	48142	9.5	2068
#FDFBFB	48142.5	10	2068
#FDFBFB	48143	9.5	2068
#FDFBFB	48142.5	9	2068
#F7EDEC	48142.5	10	2069
#F7EDEC	48143	10.5	2069
#F7EDEC	48143.5	10	2069
#F7EDEC	48143	9.5	2069
#FEFEFF	48143	10.5	2070
#FEFEFF	48143.5	11	2070
#FEFEFF	48144	10.5	2070
#FEFEFF	48143.5	10	2070
#F9F0EF	48143.5	11	2071
#F9F0EF	48144	11.5	2071
#F9F0EF	48144.5	11	2071
#F9F0EF	48144	10.5	2071
#FEFDFE	48144	11.5	2072
#FEFDFE	48144.5	12	2072
#FEFDFE	48145	11.5	2072
#FEFDFE	48144.5	11	2072
#FCF8F8	48144.5	12	2073
#FCF8F8	48145	12.5	2073
#FCF8F8	48145.5	12	2073
#FCF8F8	48145	11.5	2073
#FCF8F8	48145	12.5	2074
#FCF8F8	48145.5	13	2074
#FCF8F8	48146	12.5	2074
#FCF8F8	48145.5	12	2074
#F3E4E2	48145.5	13	2075
#F3E4E2	48146	13.5	2075
#F3E4E2	48146.5	13	2075
#F3E4E2	48146	12.5	2075
#F3E4E3	48146	13.5	2076
#F3E4E3	48146.5	14	2076
#F3E4E3	48147	13.5	2076
#F3E4E3	48146.5	13	2076
#F8EEED	48146.5	14	2077
#F8EEED	48147	14.5	2077
#F8EEED	48147.5	14	2077
#F8EEED	48147	13.5	2077
#E8CDC9	48147	14.5	2078
#E8CDC9	48147.5	15	2078
#E8CDC9	48148	14.5	2078
#E8CDC9	48147.5	14	2078
#FFFEFE	48147.5	15	2079
#FFFEFE	48148	15.5	2079
#FFFEFE	48148.5	15	2079
#FFFEFE	48148	14.5	2079
#FDFBFB	48148	15.5	2080
#FDFBFB	48148.5	16	2080
#FDFBFB	48149	15.5	2080
#FDFBFB	48148.5	15	2080
#F5E7E5	48148.5	16	2081
#F5E7E5	48149	16.5	2081
#F5E7E5	48149.5	16	2081
#F5E7E5	48149	15.5	2081
#FEFCFB	48149	16.5	2082
#FEFCFB	48149.5	17	2082
#FEFCFB	48150	16.5	2082
#FEFCFB	48149.5	16	2082
#EFDCD9	48149.5	17	2083
#EFDCD9	48150	17.5	2083
#EFDCD9	48150.5	17	2083
#EFDCD9	48150	16.5	2083
#F8F0EE	48150	17.5	2084
#F8F0EE	48150.5	18	2084
#F8F0EE	48151	17.5	2084
#F8F0EE	48150.5	17	2084
#ECD4D1	48150.5	18	2085
#ECD4D1	48151	18.5	2085
#ECD4D1	48151.5	18	2085
#ECD4D1	48151	17.5	2085
#EFDCDA	48151	18.5	2086
#EFDCDA	48151.5	19	2086
#EFDCDA	48152	18.5	2086
#EFDCDA	48151.5	18	2086
#E2C0BB	48151.5	19	2087
#E2C0BB	48152	19.5	2087
#E2C0BB	48152.5	19	2087
#E2C0BB	48152	18.5	2087
#FCF8F7	48152	19.5	2088
#FCF8F7	48152.5	20	2088
#FCF8F7	48153	19.5	2088
#FCF8F7	48152.5	19	2088
#F4E5E3	48152.5	20	2089
#F4E5E3	48153	20.5	2089
#F4E5E3	48153.5	20	2089
#F4E5E3	48153	19.5	2089
#EED9D6	48153	20.5	2090
#EED9D6	48153.5	21	2090
#EED9D6	48154	20.5	2090
#EED9D6	48153.5	20	2090
#F2E2E0	48153.5	21	2091
#F2E2E0	48154	21.5	2091
#F2E2E0	48154.5	21	2091
#F2E2E0	48154	20.5	2091
#F7EDEC	48154	21.5	2092
#F7EDEC	48154.5	22	2092
#F7EDEC	48155	21.5	2092
#F7EDEC	48154.5	21	2092
#F7ECEB	48154.5	22	2093
#F7ECEB	48155	22.5	2093
#F7ECEB	48155.5	22	2093
#F7ECEB	48155	21.5	2093
#E6C9C5	48155	22.5	2094
#E6C9C5	48155.5	23	2094
#E6C9C5	48156	22.5	2094
#E6C9C5	48155.5	22	2094
#EED9D7	48155.5	23	2095
#EED9D7	48156	23.5	2095
#EED9D7	48156.5	23	2095
#EED9D7	48156	22.5	2095
#F5E8E6	48156	23.5	2096
#F5E8E6	48156.5	24	2096
#F5E8E6	48157	23.5	2096
#F5E8E6	48156.5	23	2096
#ECD4D1	48156.5	24	2097
#ECD4D1	48157	24.5	2097
#ECD4D1	48157.5	24	2097
#ECD4D1	48157	23.5	2097
#E4C5C1	48157	24.5	2098
#E4C5C1	48157.5	25	2098
#E4C5C1	48158	24.5	2098
#E4C5C1	48157.5	24	2098
#B8766E	48133.5	0	2099
#B8766E	48134	0.5	2099
#B8766E	48134.5	0	2099
#B8766E	48134	-0.5	2099
#E4C4C0	48134	0.5	2100
#E4C4C0	48134.5	1	2100
#E4C4C0	48135	0.5	2100
#E4C4C0	48134.5	0	2100
#EBD2CF	48134.5	1	2101
#EBD2CF	48135	1.5	2101
#EBD2CF	48135.5	1	2101
#EBD2CF	48135	0.5	2101
#EAD0CD	48135	1.5	2102
#EAD0CD	48135.5	2	2102
#EAD0CD	48136	1.5	2102
#EAD0CD	48135.5	1	2102
#FBF6F5	48135.5	2	2103
#FBF6F5	48136	2.5	2103
#FBF6F5	48136.5	2	2103
#FBF6F5	48136	1.5	2103
#FEFEFE	48136	2.5	2104
#FEFEFE	48136.5	3	2104
#FEFEFE	48137	2.5	2104
#FEFEFE	48136.5	2	2104
#F9F2F1	48136.5	3	2105
#F9F2F1	48137	3.5	2105
#F9F2F1	48137.5	3	2105
#F9F2F1	48137	2.5	2105
#FEFCFC	48137	3.5	2106
#FEFCFC	48137.5	4	2106
#FEFCFC	48138	3.5	2106
#FEFCFC	48137.5	3	2106
#FDFAFA	48137.5	4	2107
#FDFAFA	48138	4.5	2107
#FDFAFA	48138.5	4	2107
#FDFAFA	48138	3.5	2107
#FEFEFF	48138	4.5	2108
#FEFEFF	48138.5	5	2108
#FEFEFF	48139	4.5	2108
#FEFEFF	48138.5	4	2108
#FEFCFB	48138.5	5	2109
#FEFCFB	48139	5.5	2109
#FEFCFB	48139.5	5	2109
#FEFCFB	48139	4.5	2109
#FFFFFF	48139	5.5	2110
#FFFFFF	48139.5	6	2110
#FFFFFF	48140	5.5	2110
#FFFFFF	48139.5	5	2110
#FBF6F6	48139.5	6	2111
#FBF6F6	48140	6.5	2111
#FBF6F6	48140.5	6	2111
#FBF6F6	48140	5.5	2111
#FEFDFD	48140	6.5	2112
#FEFDFD	48140.5	7	2112
#FEFDFD	48141	6.5	2112
#FEFDFD	48140.5	6	2112
#FCF7F6	48140.5	7	2113
#FCF7F6	48141	7.5	2113
#FCF7F6	48141.5	7	2113
#FCF7F6	48141	6.5	2113
#FAF9FC	48141	7.5	2114
#FAF9FC	48141.5	8	2114
#FAF9FC	48142	7.5	2114
#FAF9FC	48141.5	7	2114
#FDF9F9	48141.5	8	2115
#FDF9F9	48142	8.5	2115
#FDF9F9	48142.5	8	2115
#FDF9F9	48142	7.5	2115
#FCF9F8	48142	8.5	2116
#FCF9F8	48142.5	9	2116
#FCF9F8	48143	8.5	2116
#FCF9F8	48142.5	8	2116
#FEFEFE	48142.5	9	2117
#FEFEFE	48143	9.5	2117
#FEFEFE	48143.5	9	2117
#FEFEFE	48143	8.5	2117
#FEFDFE	48143	9.5	2118
#FEFDFE	48143.5	10	2118
#FEFDFE	48144	9.5	2118
#FEFDFE	48143.5	9	2118
#FBFAFD	48143.5	10	2119
#FBFAFD	48144	10.5	2119
#FBFAFD	48144.5	10	2119
#FBFAFD	48144	9.5	2119
#FFFEFE	48144	10.5	2120
#FFFEFE	48144.5	11	2120
#FFFEFE	48145	10.5	2120
#FFFEFE	48144.5	10	2120
#FFFFFF	48144.5	11	2121
#FFFFFF	48145	11.5	2121
#FFFFFF	48145.5	11	2121
#FFFFFF	48145	10.5	2121
#FCFBFD	48145	11.5	2122
#FCFBFD	48145.5	12	2122
#FCFBFD	48146	11.5	2122
#FCFBFD	48145.5	11	2122
#FFFFFF	48145.5	12	2123
#FFFFFF	48146	12.5	2123
#FFFFFF	48146.5	12	2123
#FFFFFF	48146	11.5	2123
#FEFEFF	48146	12.5	2124
#FEFEFF	48146.5	13	2124
#FEFEFF	48147	12.5	2124
#FEFEFF	48146.5	12	2124
#FAF4F3	48146.5	13	2125
#FAF4F3	48147	13.5	2125
#FAF4F3	48147.5	13	2125
#FAF4F3	48147	12.5	2125
#F9F2F1	48147	13.5	2126
#F9F2F1	48147.5	14	2126
#F9F2F1	48148	13.5	2126
#F9F2F1	48147.5	13	2126
#EED9D6	48147.5	14	2127
#EED9D6	48148	14.5	2127
#EED9D6	48148.5	14	2127
#EED9D6	48148	13.5	2127
#FAF3F2	48148	14.5	2128
#FAF3F2	48148.5	15	2128
#FAF3F2	48149	14.5	2128
#FAF3F2	48148.5	14	2128
#FEFEFE	48148.5	15	2129
#FEFEFE	48149	15.5	2129
#FEFEFE	48149.5	15	2129
#FEFEFE	48149	14.5	2129
#F3E4E2	48149	15.5	2130
#F3E4E2	48149.5	16	2130
#F3E4E2	48150	15.5	2130
#F3E4E2	48149.5	15	2130
#FBFAFD	48149.5	16	2131
#FBFAFD	48150	16.5	2131
#FBFAFD	48150.5	16	2131
#FBFAFD	48150	15.5	2131
#F8F0EF	48150	16.5	2132
#F8F0EF	48150.5	17	2132
#F8F0EF	48151	16.5	2132
#F8F0EF	48150.5	16	2132
#FBF6F5	48150.5	17	2133
#FBF6F5	48151	17.5	2133
#FBF6F5	48151.5	17	2133
#FBF6F5	48151	16.5	2133
#F4E6E4	48151	17.5	2134
#F4E6E4	48151.5	18	2134
#F4E6E4	48152	17.5	2134
#F4E6E4	48151.5	17	2134
#F7EDEB	48151.5	18	2135
#F7EDEB	48152	18.5	2135
#F7EDEB	48152.5	18	2135
#F7EDEB	48152	17.5	2135
#F4E6E4	48152	18.5	2136
#F4E6E4	48152.5	19	2136
#F4E6E4	48153	18.5	2136
#F4E6E4	48152.5	18	2136
#F4E6E4	48152.5	19	2137
#F4E6E4	48153	19.5	2137
#F4E6E4	48153.5	19	2137
#F4E6E4	48153	18.5	2137
#F8F0EF	48153	19.5	2138
#F8F0EF	48153.5	20	2138
#F8F0EF	48154	19.5	2138
#F8F0EF	48153.5	19	2138
#F4E7E5	48153.5	20	2139
#F4E7E5	48154	20.5	2139
#F4E7E5	48154.5	20	2139
#F4E7E5	48154	19.5	2139
#FAF3F2	48154	20.5	2140
#FAF3F2	48154.5	21	2140
#FAF3F2	48155	20.5	2140
#FAF3F2	48154.5	20	2140
#FEFCFB	48154.5	21	2141
#FEFCFB	48155	21.5	2141
#FEFCFB	48155.5	21	2141
#FEFCFB	48155	20.5	2141
#FBF5F4	48155	21.5	2142
#FBF5F4	48155.5	22	2142
#FBF5F4	48156	21.5	2142
#FBF5F4	48155.5	21	2142
#F3E5E3	48155.5	22	2143
#F3E5E3	48156	22.5	2143
#F3E5E3	48156.5	22	2143
#F3E5E3	48156	21.5	2143
#F5E9E7	48156	22.5	2144
#F5E9E7	48156.5	23	2144
#F5E9E7	48157	22.5	2144
#F5E9E7	48156.5	22	2144
#F6EAE8	48156.5	23	2145
#F6EAE8	48157	23.5	2145
#F6EAE8	48157.5	23	2145
#F6EAE8	48157	22.5	2145
#F0DDDB	48157	23.5	2146
#F0DDDB	48157.5	24	2146
#F0DDDB	48158	23.5	2146
#F0DDDB	48157.5	23	2146
#F6EBE9	48157.5	24	2147
#F6EBE9	48158	24.5	2147
#F6EBE9	48158.5	24	2147
#F6EBE9	48158	23.5	2147
#F5E9E7	48158	24.5	2148
#F5E9E7	48158.5	25	2148
#F5E9E7	48159	24.5	2148
#F5E9E7	48158.5	24	2148
#C68D86	48134.5	0	2149
#C68D86	48135	0.5	2149
#C68D86	48135.5	0	2149
#C68D86	48135	-0.5	2149
#F1E0DD	48135	0.5	2150
#F1E0DD	48135.5	1	2150
#F1E0DD	48136	0.5	2150
#F1E0DD	48135.5	0	2150
#E1C0BB	48135.5	1	2151
#E1C0BB	48136	1.5	2151
#E1C0BB	48136.5	1	2151
#E1C0BB	48136	0.5	2151
#FDFAF9	48136	1.5	2152
#FDFAF9	48136.5	2	2152
#FDFAF9	48137	1.5	2152
#FDFAF9	48136.5	1	2152
#FBF7F6	48136.5	2	2153
#FBF7F6	48137	2.5	2153
#FBF7F6	48137.5	2	2153
#FBF7F6	48137	1.5	2153
#F6EAE8	48137	2.5	2154
#F6EAE8	48137.5	3	2154
#F6EAE8	48138	2.5	2154
#F6EAE8	48137.5	2	2154
#FAF3F2	48137.5	3	2155
#FAF3F2	48138	3.5	2155
#FAF3F2	48138.5	3	2155
#FAF3F2	48138	2.5	2155
#FEFEFF	48138	3.5	2156
#FEFEFF	48138.5	4	2156
#FEFEFF	48139	3.5	2156
#FEFEFF	48138.5	3	2156
#FAFAFC	48138.5	4	2157
#FAFAFC	48139	4.5	2157
#FAFAFC	48139.5	4	2157
#FAFAFC	48139	3.5	2157
#F9F8FC	48139	4.5	2158
#F9F8FC	48139.5	5	2158
#F9F8FC	48140	4.5	2158
#F9F8FC	48139.5	4	2158
#FFFEFE	48139.5	5	2159
#FFFEFE	48140	5.5	2159
#FFFEFE	48140.5	5	2159
#FFFEFE	48140	4.5	2159
#FEFDFC	48140	5.5	2160
#FEFDFC	48140.5	6	2160
#FEFDFC	48141	5.5	2160
#FEFDFC	48140.5	5	2160
#FCF8F8	48140.5	6	2161
#FCF8F8	48141	6.5	2161
#FCF8F8	48141.5	6	2161
#FCF8F8	48141	5.5	2161
#FFFFFF	48141	6.5	2162
#FFFFFF	48141.5	7	2162
#FFFFFF	48142	6.5	2162
#FFFFFF	48141.5	6	2162
#F9F9FC	48141.5	7	2163
#F9F9FC	48142	7.5	2163
#F9F9FC	48142.5	7	2163
#F9F9FC	48142	6.5	2163
#F8F7FB	48142	7.5	2164
#F8F7FB	48142.5	8	2164
#F8F7FB	48143	7.5	2164
#F8F7FB	48142.5	7	2164
#F3F1F8	48142.5	8	2165
#F3F1F8	48143	8.5	2165
#F3F1F8	48143.5	8	2165
#F3F1F8	48143	7.5	2165
#FDFCFE	48143	8.5	2166
#FDFCFE	48143.5	9	2166
#FDFCFE	48144	8.5	2166
#FDFCFE	48143.5	8	2166
#EDEBF5	48143.5	9	2167
#EDEBF5	48144	9.5	2167
#EDEBF5	48144.5	9	2167
#EDEBF5	48144	8.5	2167
#FBFBFD	48144	9.5	2168
#FBFBFD	48144.5	10	2168
#FBFBFD	48145	9.5	2168
#FBFBFD	48144.5	9	2168
#F7F6FB	48144.5	10	2169
#F7F6FB	48145	10.5	2169
#F7F6FB	48145.5	10	2169
#F7F6FB	48145	9.5	2169
#F7F5FA	48145	10.5	2170
#F7F5FA	48145.5	11	2170
#F7F5FA	48146	10.5	2170
#F7F5FA	48145.5	10	2170
#F4F3F9	48145.5	11	2171
#F4F3F9	48146	11.5	2171
#F4F3F9	48146.5	11	2171
#F4F3F9	48146	10.5	2171
#F9F8FC	48146	11.5	2172
#F9F8FC	48146.5	12	2172
#F9F8FC	48147	11.5	2172
#F9F8FC	48146.5	11	2172
#FDFBFB	48146.5	12	2173
#FDFBFB	48147	12.5	2173
#FDFBFB	48147.5	12	2173
#FDFBFB	48147	11.5	2173
#FEFDFC	48147	12.5	2174
#FEFDFC	48147.5	13	2174
#FEFDFC	48148	12.5	2174
#FEFDFC	48147.5	12	2174
#F9F1F0	48147.5	13	2175
#F9F1F0	48148	13.5	2175
#F9F1F0	48148.5	13	2175
#F9F1F0	48148	12.5	2175
#FDFBFB	48148	13.5	2176
#FDFBFB	48148.5	14	2176
#FDFBFB	48149	13.5	2176
#FDFBFB	48148.5	13	2176
#F8EFED	48148.5	14	2177
#F8EFED	48149	14.5	2177
#F8EFED	48149.5	14	2177
#F8EFED	48149	13.5	2177
#FDFBFA	48149	14.5	2178
#FDFBFA	48149.5	15	2178
#FDFBFA	48150	14.5	2178
#FDFBFA	48149.5	14	2178
#FDF9F9	48149.5	15	2179
#FDF9F9	48150	15.5	2179
#FDF9F9	48150.5	15	2179
#FDF9F9	48150	14.5	2179
#FDFCFE	48150	15.5	2180
#FDFCFE	48150.5	16	2180
#FDFCFE	48151	15.5	2180
#FDFCFE	48150.5	15	2180
#FFFFFF	48150.5	16	2181
#FFFFFF	48151	16.5	2181
#FFFFFF	48151.5	16	2181
#FFFFFF	48151	15.5	2181
#FFFFFF	48151	16.5	2182
#FFFFFF	48151.5	17	2182
#FFFFFF	48152	16.5	2182
#FFFFFF	48151.5	16	2182
#FCF9F8	48151.5	17	2183
#FCF9F8	48152	17.5	2183
#FCF9F8	48152.5	17	2183
#FCF9F8	48152	16.5	2183
#FDFAF9	48152	17.5	2184
#FDFAF9	48152.5	18	2184
#FDFAF9	48153	17.5	2184
#FDFAF9	48152.5	17	2184
#F1DFDD	48152.5	18	2185
#F1DFDD	48153	18.5	2185
#F1DFDD	48153.5	18	2185
#F1DFDD	48153	17.5	2185
#F2E1DF	48153	18.5	2186
#F2E1DF	48153.5	19	2186
#F2E1DF	48154	18.5	2186
#F2E1DF	48153.5	18	2186
#F1DFDD	48153.5	19	2187
#F1DFDD	48154	19.5	2187
#F1DFDD	48154.5	19	2187
#F1DFDD	48154	18.5	2187
#F5E7E5	48154	19.5	2188
#F5E7E5	48154.5	20	2188
#F5E7E5	48155	19.5	2188
#F5E7E5	48154.5	19	2188
#FCF9F8	48154.5	20	2189
#FCF9F8	48155	20.5	2189
#FCF9F8	48155.5	20	2189
#FCF9F8	48155	19.5	2189
#F5E8E6	48155	20.5	2190
#F5E8E6	48155.5	21	2190
#F5E8E6	48156	20.5	2190
#F5E8E6	48155.5	20	2190
#FDF9F9	48155.5	21	2191
#FDF9F9	48156	21.5	2191
#FDF9F9	48156.5	21	2191
#FDF9F9	48156	20.5	2191
#FCF9F9	48156	21.5	2192
#FCF9F9	48156.5	22	2192
#FCF9F9	48157	21.5	2192
#FCF9F9	48156.5	21	2192
#F9F2F1	48156.5	22	2193
#F9F2F1	48157	22.5	2193
#F9F2F1	48157.5	22	2193
#F9F2F1	48157	21.5	2193
#F9F0EF	48157	22.5	2194
#F9F0EF	48157.5	23	2194
#F9F0EF	48158	22.5	2194
#F9F0EF	48157.5	22	2194
#F6EAE8	48157.5	23	2195
#F6EAE8	48158	23.5	2195
#F6EAE8	48158.5	23	2195
#F6EAE8	48158	22.5	2195
#F7EDEC	48158	23.5	2196
#F7EDEC	48158.5	24	2196
#F7EDEC	48159	23.5	2196
#F7EDEC	48158.5	23	2196
#F5E7E6	48158.5	24	2197
#F5E7E6	48159	24.5	2197
#F5E7E6	48159.5	24	2197
#F5E7E6	48159	23.5	2197
#FAF4F3	48159	24.5	2198
#FAF4F3	48159.5	25	2198
#FAF4F3	48160	24.5	2198
#FAF4F3	48159.5	24	2198
#C1847D	48135.5	0	2199
#C1847D	48136	0.5	2199
#C1847D	48136.5	0	2199
#C1847D	48136	-0.5	2199
#E6C9C5	48136	0.5	2200
#E6C9C5	48136.5	1	2200
#E6C9C5	48137	0.5	2200
#E6C9C5	48136.5	0	2200
#FFFFFF	48136.5	1	2201
#FFFFFF	48137	1.5	2201
#FFFFFF	48137.5	1	2201
#FFFFFF	48137	0.5	2201
#FCF8F7	48137	1.5	2202
#FCF8F7	48137.5	2	2202
#FCF8F7	48138	1.5	2202
#FCF8F7	48137.5	1	2202
#F4E6E4	48137.5	2	2203
#F4E6E4	48138	2.5	2203
#F4E6E4	48138.5	2	2203
#F4E6E4	48138	1.5	2203
#FBF5F5	48138	2.5	2204
#FBF5F5	48138.5	3	2204
#FBF5F5	48139	2.5	2204
#FBF5F5	48138.5	2	2204
#FFFEFE	48138.5	3	2205
#FFFEFE	48139	3.5	2205
#FFFEFE	48139.5	3	2205
#FFFEFE	48139	2.5	2205
#F5F4FA	48139	3.5	2206
#F5F4FA	48139.5	4	2206
#F5F4FA	48140	3.5	2206
#F5F4FA	48139.5	3	2206
#FDFDFE	48139.5	4	2207
#FDFDFE	48140	4.5	2207
#FDFDFE	48140.5	4	2207
#FDFDFE	48140	3.5	2207
#FFFEFE	48140	4.5	2208
#FFFEFE	48140.5	5	2208
#FFFEFE	48141	4.5	2208
#FFFEFE	48140.5	4	2208
#FEFCFC	48140.5	5	2209
#FEFCFC	48141	5.5	2209
#FEFCFC	48141.5	5	2209
#FEFCFC	48141	4.5	2209
#FEFEFE	48141	5.5	2210
#FEFEFE	48141.5	6	2210
#FEFEFE	48142	5.5	2210
#FEFEFE	48141.5	5	2210
#F8F0EF	48141.5	6	2211
#F8F0EF	48142	6.5	2211
#F8F0EF	48142.5	6	2211
#F8F0EF	48142	5.5	2211
#FAFAFC	48142	6.5	2212
#FAFAFC	48142.5	7	2212
#FAFAFC	48143	6.5	2212
#FAFAFC	48142.5	6	2212
#E8E5F3	48142.5	7	2213
#E8E5F3	48143	7.5	2213
#E8E5F3	48143.5	7	2213
#E8E5F3	48143	6.5	2213
#D9D4EA	48143	7.5	2214
#D9D4EA	48143.5	8	2214
#D9D4EA	48144	7.5	2214
#D9D4EA	48143.5	7	2214
#EDEAF5	48143.5	8	2215
#EDEAF5	48144	8.5	2215
#EDEAF5	48144.5	8	2215
#EDEAF5	48144	7.5	2215
#FBFBFD	48144	8.5	2216
#FBFBFD	48144.5	9	2216
#FBFBFD	48145	8.5	2216
#FBFBFD	48144.5	8	2216
#EDEAF5	48144.5	9	2217
#EDEAF5	48145	9.5	2217
#EDEAF5	48145.5	9	2217
#EDEAF5	48145	8.5	2217
#F4F3F9	48145	9.5	2218
#F4F3F9	48145.5	10	2218
#F4F3F9	48146	9.5	2218
#F4F3F9	48145.5	9	2218
#FDFCFE	48145.5	10	2219
#FDFCFE	48146	10.5	2219
#FDFCFE	48146.5	10	2219
#FDFCFE	48146	9.5	2219
#EFEDF6	48146	10.5	2220
#EFEDF6	48146.5	11	2220
#EFEDF6	48147	10.5	2220
#EFEDF6	48146.5	10	2220
#FDFDFE	48146.5	11	2221
#FDFDFE	48147	11.5	2221
#FDFDFE	48147.5	11	2221
#FDFDFE	48147	10.5	2221
#FEFCFC	48147	11.5	2222
#FEFCFC	48147.5	12	2222
#FEFCFC	48148	11.5	2222
#FEFCFC	48147.5	11	2222
#FBF6F5	48147.5	12	2223
#FBF6F5	48148	12.5	2223
#FBF6F5	48148.5	12	2223
#FBF6F5	48148	11.5	2223
#F7EEEC	48148	12.5	2224
#F7EEEC	48148.5	13	2224
#F7EEEC	48149	12.5	2224
#F7EEEC	48148.5	12	2224
#FBF6F5	48148.5	13	2225
#FBF6F5	48149	13.5	2225
#FBF6F5	48149.5	13	2225
#FBF6F5	48149	12.5	2225
#FBF7F6	48149	13.5	2226
#FBF7F6	48149.5	14	2226
#FBF7F6	48150	13.5	2226
#FBF7F6	48149.5	13	2226
#FEFCFC	48149.5	14	2227
#FEFCFC	48150	14.5	2227
#FEFCFC	48150.5	14	2227
#FEFCFC	48150	13.5	2227
#FEFCFC	48150	14.5	2228
#FEFCFC	48150.5	15	2228
#FEFCFC	48151	14.5	2228
#FEFCFC	48150.5	14	2228
#FFFFFF	48150.5	15	2229
#FFFFFF	48151	15.5	2229
#FFFFFF	48151.5	15	2229
#FFFFFF	48151	14.5	2229
#FDFBFA	48151	15.5	2230
#FDFBFA	48151.5	16	2230
#FDFBFA	48152	15.5	2230
#FDFBFA	48151.5	15	2230
#FEFCFB	48151.5	16	2231
#FEFCFB	48152	16.5	2231
#FEFCFB	48152.5	16	2231
#FEFCFB	48152	15.5	2231
#FCF7F7	48152	16.5	2232
#FCF7F7	48152.5	17	2232
#FCF7F7	48153	16.5	2232
#FCF7F7	48152.5	16	2232
#F4E7E5	48152.5	17	2233
#F4E7E5	48153	17.5	2233
#F4E7E5	48153.5	17	2233
#F4E7E5	48153	16.5	2233
#F7EDEC	48153	17.5	2234
#F7EDEC	48153.5	18	2234
#F7EDEC	48154	17.5	2234
#F7EDEC	48153.5	17	2234
#FAF3F3	48153.5	18	2235
#FAF3F3	48154	18.5	2235
#FAF3F3	48154.5	18	2235
#FAF3F3	48154	17.5	2235
#F0DEDC	48154	18.5	2236
#F0DEDC	48154.5	19	2236
#F0DEDC	48155	18.5	2236
#F0DEDC	48154.5	18	2236
#FFFFFF	48154.5	19	2237
#FFFFFF	48155	19.5	2237
#FFFFFF	48155.5	19	2237
#FFFFFF	48155	18.5	2237
#F9F0EF	48155	19.5	2238
#F9F0EF	48155.5	20	2238
#F9F0EF	48156	19.5	2238
#F9F0EF	48155.5	19	2238
#FBF7F6	48155.5	20	2239
#FBF7F6	48156	20.5	2239
#FBF7F6	48156.5	20	2239
#FBF7F6	48156	19.5	2239
#FDFBFB	48156	20.5	2240
#FDFBFB	48156.5	21	2240
#FDFBFB	48157	20.5	2240
#FDFBFB	48156.5	20	2240
#FCF8F8	48156.5	21	2241
#FCF8F8	48157	21.5	2241
#FCF8F8	48157.5	21	2241
#FCF8F8	48157	20.5	2241
#F5E8E6	48157	21.5	2242
#F5E8E6	48157.5	22	2242
#F5E8E6	48158	21.5	2242
#F5E8E6	48157.5	21	2242
#F6EAE8	48157.5	22	2243
#F6EAE8	48158	22.5	2243
#F6EAE8	48158.5	22	2243
#F6EAE8	48158	21.5	2243
#F0DEDC	48158	22.5	2244
#F0DEDC	48158.5	23	2244
#F0DEDC	48159	22.5	2244
#F0DEDC	48158.5	22	2244
#F8EFEE	48158.5	23	2245
#F8EFEE	48159	23.5	2245
#F8EFEE	48159.5	23	2245
#F8EFEE	48159	22.5	2245
#F8F0EF	48159	23.5	2246
#F8F0EF	48159.5	24	2246
#F8F0EF	48160	23.5	2246
#F8F0EF	48159.5	23	2246
#FBF7F6	48159.5	24	2247
#FBF7F6	48160	24.5	2247
#FBF7F6	48160.5	24	2247
#FBF7F6	48160	23.5	2247
#FDFBFB	48160	24.5	2248
#FDFBFB	48160.5	25	2248
#FDFBFB	48161	24.5	2248
#FDFBFB	48160.5	24	2248
#BA7971	48136.5	0	2249
#BA7971	48137	0.5	2249
#BA7971	48137.5	0	2249
#BA7971	48137	-0.5	2249
#F1E0DE	48137	0.5	2250
#F1E0DE	48137.5	1	2250
#F1E0DE	48138	0.5	2250
#F1E0DE	48137.5	0	2250
#F9F1F0	48137.5	1	2251
#F9F1F0	48138	1.5	2251
#F9F1F0	48138.5	1	2251
#F9F1F0	48138	0.5	2251
#F1DFDD	48138	1.5	2252
#F1DFDD	48138.5	2	2252
#F1DFDD	48139	1.5	2252
#F1DFDD	48138.5	1	2252
#F3E5E3	48138.5	2	2253
#F3E5E3	48139	2.5	2253
#F3E5E3	48139.5	2	2253
#F3E5E3	48139	1.5	2253
#F4E6E4	48139	2.5	2254
#F4E6E4	48139.5	3	2254
#F4E6E4	48140	2.5	2254
#F4E6E4	48139.5	2	2254
#FFFFFE	48139.5	3	2255
#FFFFFE	48140	3.5	2255
#FFFFFE	48140.5	3	2255
#FFFFFE	48140	2.5	2255
#FCFCFD	48140	3.5	2256
#FCFCFD	48140.5	4	2256
#FCFCFD	48141	3.5	2256
#FCFCFD	48140.5	3	2256
#FEFEFE	48140.5	4	2257
#FEFEFE	48141	4.5	2257
#FEFEFE	48141.5	4	2257
#FEFEFE	48141	3.5	2257
#FCF9F8	48141	4.5	2258
#FCF9F8	48141.5	5	2258
#FCF9F8	48142	4.5	2258
#FCF9F8	48141.5	4	2258
#FFFFFE	48141.5	5	2259
#FFFFFE	48142	5.5	2259
#FFFFFE	48142.5	5	2259
#FFFFFE	48142	4.5	2259
#F3E5E3	48142	5.5	2260
#F3E5E3	48142.5	6	2260
#F3E5E3	48143	5.5	2260
#F3E5E3	48142.5	5	2260
#FCFCFE	48142.5	6	2261
#FCFCFE	48143	6.5	2261
#FCFCFE	48143.5	6	2261
#FCFCFE	48143	5.5	2261
#FCFBFD	48143	6.5	2262
#FCFBFD	48143.5	7	2262
#FCFBFD	48144	6.5	2262
#FCFBFD	48143.5	6	2262
#FFFFFF	48143.5	7	2263
#FFFFFF	48144	7.5	2263
#FFFFFF	48144.5	7	2263
#FFFFFF	48144	6.5	2263
#FBFAFD	48144	7.5	2264
#FBFAFD	48144.5	8	2264
#FBFAFD	48145	7.5	2264
#FBFAFD	48144.5	7	2264
#F8F7FB	48144.5	8	2265
#F8F7FB	48145	8.5	2265
#F8F7FB	48145.5	8	2265
#F8F7FB	48145	7.5	2265
#F8F7FB	48145	8.5	2266
#F8F7FB	48145.5	9	2266
#F8F7FB	48146	8.5	2266
#F8F7FB	48145.5	8	2266
#FEFEFF	48145.5	9	2267
#FEFEFF	48146	9.5	2267
#FEFEFF	48146.5	9	2267
#FEFEFF	48146	8.5	2267
#FDFDFE	48146	9.5	2268
#FDFDFE	48146.5	10	2268
#FDFDFE	48147	9.5	2268
#FDFDFE	48146.5	9	2268
#FCFBFD	48146.5	10	2269
#FCFBFD	48147	10.5	2269
#FCFBFD	48147.5	10	2269
#FCFBFD	48147	9.5	2269
#FEFEFE	48147	10.5	2270
#FEFEFE	48147.5	11	2270
#FEFEFE	48148	10.5	2270
#FEFEFE	48147.5	10	2270
#F5E8E6	48147.5	11	2271
#F5E8E6	48148	11.5	2271
#F5E8E6	48148.5	11	2271
#F5E8E6	48148	10.5	2271
#F8EFEE	48148	11.5	2272
#F8EFEE	48148.5	12	2272
#F8EFEE	48149	11.5	2272
#F8EFEE	48148.5	11	2272
#FCF8F7	48148.5	12	2273
#FCF8F7	48149	12.5	2273
#FCF8F7	48149.5	12	2273
#FCF8F7	48149	11.5	2273
#F2E2E0	48149	12.5	2274
#F2E2E0	48149.5	13	2274
#F2E2E0	48150	12.5	2274
#F2E2E0	48149.5	12	2274
#FBF6F5	48149.5	13	2275
#FBF6F5	48150	13.5	2275
#FBF6F5	48150.5	13	2275
#FBF6F5	48150	12.5	2275
#FCF7F7	48150	13.5	2276
#FCF7F7	48150.5	14	2276
#FCF7F7	48151	13.5	2276
#FCF7F7	48150.5	13	2276
#FBF5F4	48150.5	14	2277
#FBF5F4	48151	14.5	2277
#FBF5F4	48151.5	14	2277
#FBF5F4	48151	13.5	2277
#FFFEFF	48151	14.5	2278
#FFFEFF	48151.5	15	2278
#FFFEFF	48152	14.5	2278
#FFFEFF	48151.5	14	2278
#FBF6F6	48151.5	15	2279
#FBF6F6	48152	15.5	2279
#FBF6F6	48152.5	15	2279
#FBF6F6	48152	14.5	2279
#F5E8E7	48152	15.5	2280
#F5E8E7	48152.5	16	2280
#F5E8E7	48153	15.5	2280
#F5E8E7	48152.5	15	2280
#F5E8E6	48152.5	16	2281
#F5E8E6	48153	16.5	2281
#F5E8E6	48153.5	16	2281
#F5E8E6	48153	15.5	2281
#F4E6E4	48153	16.5	2282
#F4E6E4	48153.5	17	2282
#F4E6E4	48154	16.5	2282
#F4E6E4	48153.5	16	2282
#EDD7D4	48153.5	17	2283
#EDD7D4	48154	17.5	2283
#EDD7D4	48154.5	17	2283
#EDD7D4	48154	16.5	2283
#F6E9E8	48154	17.5	2284
#F6E9E8	48154.5	18	2284
#F6E9E8	48155	17.5	2284
#F6E9E8	48154.5	17	2284
#F6EBE9	48154.5	18	2285
#F6EBE9	48155	18.5	2285
#F6EBE9	48155.5	18	2285
#F6EBE9	48155	17.5	2285
#EDD8D5	48155	18.5	2286
#EDD8D5	48155.5	19	2286
#EDD8D5	48156	18.5	2286
#EDD8D5	48155.5	18	2286
#F7EDEC	48155.5	19	2287
#F7EDEC	48156	19.5	2287
#F7EDEC	48156.5	19	2287
#F7EDEC	48156	18.5	2287
#EFDCD9	48156	19.5	2288
#EFDCD9	48156.5	20	2288
#EFDCD9	48157	19.5	2288
#EFDCD9	48156.5	19	2288
#F9F1F0	48156.5	20	2289
#F9F1F0	48157	20.5	2289
#F9F1F0	48157.5	20	2289
#F9F1F0	48157	19.5	2289
#FCF9F8	48157	20.5	2290
#FCF9F8	48157.5	21	2290
#FCF9F8	48158	20.5	2290
#FCF9F8	48157.5	20	2290
#F3E3E1	48157.5	21	2291
#F3E3E1	48158	21.5	2291
#F3E3E1	48158.5	21	2291
#F3E3E1	48158	20.5	2291
#F4E6E4	48158	21.5	2292
#F4E6E4	48158.5	22	2292
#F4E6E4	48159	21.5	2292
#F4E6E4	48158.5	21	2292
#FBF7F6	48158.5	22	2293
#FBF7F6	48159	22.5	2293
#FBF7F6	48159.5	22	2293
#FBF7F6	48159	21.5	2293
#F3E3E1	48159	22.5	2294
#F3E3E1	48159.5	23	2294
#F3E3E1	48160	22.5	2294
#F3E3E1	48159.5	22	2294
#FCF7F6	48159.5	23	2295
#FCF7F6	48160	23.5	2295
#FCF7F6	48160.5	23	2295
#FCF7F6	48160	22.5	2295
#FBF5F4	48160	23.5	2296
#FBF5F4	48160.5	24	2296
#FBF5F4	48161	23.5	2296
#FBF5F4	48160.5	23	2296
#FCF8F7	48160.5	24	2297
#FCF8F7	48161	24.5	2297
#FCF8F7	48161.5	24	2297
#FCF8F7	48161	23.5	2297
#F7ECEB	48161	24.5	2298
#F7ECEB	48161.5	25	2298
#F7ECEB	48162	24.5	2298
#F7ECEB	48161.5	24	2298
#BF817A	48137.5	0	2299
#BF817A	48138	0.5	2299
#BF817A	48138.5	0	2299
#BF817A	48138	-0.5	2299
#D8ADA8	48138	0.5	2300
#D8ADA8	48138.5	1	2300
#D8ADA8	48139	0.5	2300
#D8ADA8	48138.5	0	2300
#D1A19B	48138.5	1	2301
#D1A19B	48139	1.5	2301
#D1A19B	48139.5	1	2301
#D1A19B	48139	0.5	2301
#E1BFBA	48139	1.5	2302
#E1BFBA	48139.5	2	2302
#E1BFBA	48140	1.5	2302
#E1BFBA	48139.5	1	2302
#EED9D7	48139.5	2	2303
#EED9D7	48140	2.5	2303
#EED9D7	48140.5	2	2303
#EED9D7	48140	1.5	2303
#FEFEFE	48140	2.5	2304
#FEFEFE	48140.5	3	2304
#FEFEFE	48141	2.5	2304
#FEFEFE	48140.5	2	2304
#FDFBFB	48140.5	3	2305
#FDFBFB	48141	3.5	2305
#FDFBFB	48141.5	3	2305
#FDFBFB	48141	2.5	2305
#FCF8F7	48141	3.5	2306
#FCF8F7	48141.5	4	2306
#FCF8F7	48142	3.5	2306
#FCF8F7	48141.5	3	2306
#FCF7F7	48141.5	4	2307
#FCF7F7	48142	4.5	2307
#FCF7F7	48142.5	4	2307
#FCF7F7	48142	3.5	2307
#FAF3F2	48142	4.5	2308
#FAF3F2	48142.5	5	2308
#FAF3F2	48143	4.5	2308
#FAF3F2	48142.5	4	2308
#E9CECB	48142.5	5	2309
#E9CECB	48143	5.5	2309
#E9CECB	48143.5	5	2309
#E9CECB	48143	4.5	2309
#FDFBFA	48143	5.5	2310
#FDFBFA	48143.5	6	2310
#FDFBFA	48144	5.5	2310
#FDFBFA	48143.5	5	2310
#FFFEFE	48143.5	6	2311
#FFFEFE	48144	6.5	2311
#FFFEFE	48144.5	6	2311
#FFFEFE	48144	5.5	2311
#FBFAFD	48144	6.5	2312
#FBFAFD	48144.5	7	2312
#FBFAFD	48145	6.5	2312
#FBFAFD	48144.5	6	2312
#FEFEFE	48144.5	7	2313
#FEFEFE	48145	7.5	2313
#FEFEFE	48145.5	7	2313
#FEFEFE	48145	6.5	2313
#F8F7FB	48145	7.5	2314
#F8F7FB	48145.5	8	2314
#F8F7FB	48146	7.5	2314
#F8F7FB	48145.5	7	2314
#F3F1F9	48145.5	8	2315
#F3F1F9	48146	8.5	2315
#F3F1F9	48146.5	8	2315
#F3F1F9	48146	7.5	2315
#F7F6FB	48146	8.5	2316
#F7F6FB	48146.5	9	2316
#F7F6FB	48147	8.5	2316
#F7F6FB	48146.5	8	2316
#FFFFFF	48146.5	9	2317
#FFFFFF	48147	9.5	2317
#FFFFFF	48147.5	9	2317
#FFFFFF	48147	8.5	2317
#FEFEFE	48147	9.5	2318
#FEFEFE	48147.5	10	2318
#FEFEFE	48148	9.5	2318
#FEFEFE	48147.5	9	2318
#FDFCFE	48147.5	10	2319
#FDFCFE	48148	10.5	2319
#FDFCFE	48148.5	10	2319
#FDFCFE	48148	9.5	2319
#EFDBD9	48148	10.5	2320
#EFDBD9	48148.5	11	2320
#EFDBD9	48149	10.5	2320
#EFDBD9	48148.5	10	2320
#F6E9E8	48148.5	11	2321
#F6E9E8	48149	11.5	2321
#F6E9E8	48149.5	11	2321
#F6E9E8	48149	10.5	2321
#F3E4E2	48149	11.5	2322
#F3E4E2	48149.5	12	2322
#F3E4E2	48150	11.5	2322
#F3E4E2	48149.5	11	2322
#F3E4E2	48149.5	12	2323
#F3E4E2	48150	12.5	2323
#F3E4E2	48150.5	12	2323
#F3E4E2	48150	11.5	2323
#FCFCFD	48150	12.5	2324
#FCFCFD	48150.5	13	2324
#FCFCFD	48151	12.5	2324
#FCFCFD	48150.5	12	2324
#F6EBE9	48150.5	13	2325
#F6EBE9	48151	13.5	2325
#F6EBE9	48151.5	13	2325
#F6EBE9	48151	12.5	2325
#FBF6F5	48151	13.5	2326
#FBF6F5	48151.5	14	2326
#FBF6F5	48152	13.5	2326
#FBF6F5	48151.5	13	2326
#FFFFFF	48151.5	14	2327
#FFFFFF	48152	14.5	2327
#FFFFFF	48152.5	14	2327
#FFFFFF	48152	13.5	2327
#F6EAE9	48152	14.5	2328
#F6EAE9	48152.5	15	2328
#F6EAE9	48153	14.5	2328
#F6EAE9	48152.5	14	2328
#F9F0EF	48152.5	15	2329
#F9F0EF	48153	15.5	2329
#F9F0EF	48153.5	15	2329
#F9F0EF	48153	14.5	2329
#F5E9E7	48153	15.5	2330
#F5E9E7	48153.5	16	2330
#F5E9E7	48154	15.5	2330
#F5E9E7	48153.5	15	2330
#F1E0DE	48153.5	16	2331
#F1E0DE	48154	16.5	2331
#F1E0DE	48154.5	16	2331
#F1E0DE	48154	15.5	2331
#F5E8E6	48154	16.5	2332
#F5E8E6	48154.5	17	2332
#F5E8E6	48155	16.5	2332
#F5E8E6	48154.5	16	2332
#F7EDEC	48154.5	17	2333
#F7EDEC	48155	17.5	2333
#F7EDEC	48155.5	17	2333
#F7EDEC	48155	16.5	2333
#F0DEDB	48155	17.5	2334
#F0DEDB	48155.5	18	2334
#F0DEDB	48156	17.5	2334
#F0DEDB	48155.5	17	2334
#FAF3F2	48155.5	18	2335
#FAF3F2	48156	18.5	2335
#FAF3F2	48156.5	18	2335
#FAF3F2	48156	17.5	2335
#EDD7D4	48156	18.5	2336
#EDD7D4	48156.5	19	2336
#EDD7D4	48157	18.5	2336
#EDD7D4	48156.5	18	2336
#FAF5F4	48156.5	19	2337
#FAF5F4	48157	19.5	2337
#FAF5F4	48157.5	19	2337
#FAF5F4	48157	18.5	2337
#EFDBD8	48157	19.5	2338
#EFDBD8	48157.5	20	2338
#EFDBD8	48158	19.5	2338
#EFDBD8	48157.5	19	2338
#F3E3E1	48157.5	20	2339
#F3E3E1	48158	20.5	2339
#F3E3E1	48158.5	20	2339
#F3E3E1	48158	19.5	2339
#F4E5E3	48158	20.5	2340
#F4E5E3	48158.5	21	2340
#F4E5E3	48159	20.5	2340
#F4E5E3	48158.5	20	2340
#EDD7D4	48158.5	21	2341
#EDD7D4	48159	21.5	2341
#EDD7D4	48159.5	21	2341
#EDD7D4	48159	20.5	2341
#F7ECEA	48159	21.5	2342
#F7ECEA	48159.5	22	2342
#F7ECEA	48160	21.5	2342
#F7ECEA	48159.5	21	2342
#EEDAD7	48159.5	22	2343
#EEDAD7	48160	22.5	2343
#EEDAD7	48160.5	22	2343
#EEDAD7	48160	21.5	2343
#F9F2F1	48160	22.5	2344
#F9F2F1	48160.5	23	2344
#F9F2F1	48161	22.5	2344
#F9F2F1	48160.5	22	2344
#FEFEFE	48160.5	23	2345
#FEFEFE	48161	23.5	2345
#FEFEFE	48161.5	23	2345
#FEFEFE	48161	22.5	2345
#FAF4F3	48161	23.5	2346
#FAF4F3	48161.5	24	2346
#FAF4F3	48162	23.5	2346
#FAF4F3	48161.5	23	2346
#FEFCFC	48161.5	24	2347
#FEFCFC	48162	24.5	2347
#FEFCFC	48162.5	24	2347
#FEFCFC	48162	23.5	2347
#FFFFFF	48162	24.5	2348
#FFFFFF	48162.5	25	2348
#FFFFFF	48163	24.5	2348
#FFFFFF	48162.5	24	2348
#B16A63	48138.5	0	2349
#B16A63	48139	0.5	2349
#B16A63	48139.5	0	2349
#B16A63	48139	-0.5	2349
#E0BEB9	48139	0.5	2350
#E0BEB9	48139.5	1	2350
#E0BEB9	48140	0.5	2350
#E0BEB9	48139.5	0	2350
#E9CFCC	48139.5	1	2351
#E9CFCC	48140	1.5	2351
#E9CFCC	48140.5	1	2351
#E9CFCC	48140	0.5	2351
#F7ECEB	48140	1.5	2352
#F7ECEB	48140.5	2	2352
#F7ECEB	48141	1.5	2352
#F7ECEB	48140.5	1	2352
#FDFCFE	48140.5	2	2353
#FDFCFE	48141	2.5	2353
#FDFCFE	48141.5	2	2353
#FDFCFE	48141	1.5	2353
#FDFAF9	48141	2.5	2354
#FDFAF9	48141.5	3	2354
#FDFAF9	48142	2.5	2354
#FDFAF9	48141.5	2	2354
#F9F2F1	48141.5	3	2355
#F9F2F1	48142	3.5	2355
#F9F2F1	48142.5	3	2355
#F9F2F1	48142	2.5	2355
#F6EAE8	48142	3.5	2356
#F6EAE8	48142.5	4	2356
#F6EAE8	48143	3.5	2356
#F6EAE8	48142.5	3	2356
#EDD8D5	48142.5	4	2357
#EDD8D5	48143	4.5	2357
#EDD8D5	48143.5	4	2357
#EDD8D5	48143	3.5	2357
#DFBBB6	48143	4.5	2358
#DFBBB6	48143.5	5	2358
#DFBBB6	48144	4.5	2358
#DFBBB6	48143.5	4	2358
#FEFDFD	48143.5	5	2359
#FEFDFD	48144	5.5	2359
#FEFDFD	48144.5	5	2359
#FEFDFD	48144	4.5	2359
#FBF6F5	48144	5.5	2360
#FBF6F5	48144.5	6	2360
#FBF6F5	48145	5.5	2360
#FBF6F5	48144.5	5	2360
#FCF9F9	48144.5	6	2361
#FCF9F9	48145	6.5	2361
#FCF9F9	48145.5	6	2361
#FCF9F9	48145	5.5	2361
#FDFBFB	48145	6.5	2362
#FDFBFB	48145.5	7	2362
#FDFBFB	48146	6.5	2362
#FDFBFB	48145.5	6	2362
#FBF6F5	48145.5	7	2363
#FBF6F5	48146	7.5	2363
#FBF6F5	48146.5	7	2363
#FBF6F5	48146	6.5	2363
#FCF7F6	48146	7.5	2364
#FCF7F6	48146.5	8	2364
#FCF7F6	48147	7.5	2364
#FCF7F6	48146.5	7	2364
#FFFFFF	48146.5	8	2365
#FFFFFF	48147	8.5	2365
#FFFFFF	48147.5	8	2365
#FFFFFF	48147	7.5	2365
#FEFCFC	48147	8.5	2366
#FEFCFC	48147.5	9	2366
#FEFCFC	48148	8.5	2366
#FEFCFC	48147.5	8	2366
#FBF7F6	48147.5	9	2367
#FBF7F6	48148	9.5	2367
#FBF7F6	48148.5	9	2367
#FBF7F6	48148	8.5	2367
#FCF7F7	48148	9.5	2368
#FCF7F7	48148.5	10	2368
#FCF7F7	48149	9.5	2368
#FCF7F7	48148.5	9	2368
#F8EFEE	48148.5	10	2369
#F8EFEE	48149	10.5	2369
#F8EFEE	48149.5	10	2369
#F8EFEE	48149	9.5	2369
#EFDCDA	48149	10.5	2370
#EFDCDA	48149.5	11	2370
#EFDCDA	48150	10.5	2370
#EFDCDA	48149.5	10	2370
#FBF7F6	48149.5	11	2371
#FBF7F6	48150	11.5	2371
#FBF7F6	48150.5	11	2371
#FBF7F6	48150	10.5	2371
#EDD8D5	48150	11.5	2372
#EDD8D5	48150.5	12	2372
#EDD8D5	48151	11.5	2372
#EDD8D5	48150.5	11	2372
#FDFAF9	48150.5	12	2373
#FDFAF9	48151	12.5	2373
#FDFAF9	48151.5	12	2373
#FDFAF9	48151	11.5	2373
#FBF6F5	48151	12.5	2374
#FBF6F5	48151.5	13	2374
#FBF6F5	48152	12.5	2374
#FBF6F5	48151.5	12	2374
#F5E9E7	48151.5	13	2375
#F5E9E7	48152	13.5	2375
#F5E9E7	48152.5	13	2375
#F5E9E7	48152	12.5	2375
#FBFAFD	48152	13.5	2376
#FBFAFD	48152.5	14	2376
#FBFAFD	48153	13.5	2376
#FBFAFD	48152.5	13	2376
#F6EBEA	48152.5	14	2377
#F6EBEA	48153	14.5	2377
#F6EBEA	48153.5	14	2377
#F6EBEA	48153	13.5	2377
#F4E5E3	48153	14.5	2378
#F4E5E3	48153.5	15	2378
#F4E5E3	48154	14.5	2378
#F4E5E3	48153.5	14	2378
#EED9D6	48153.5	15	2379
#EED9D6	48154	15.5	2379
#EED9D6	48154.5	15	2379
#EED9D6	48154	14.5	2379
#DEB9B4	48154	15.5	2380
#DEB9B4	48154.5	16	2380
#DEB9B4	48155	15.5	2380
#DEB9B4	48154.5	15	2380
#E5C6C2	48154.5	16	2381
#E5C6C2	48155	16.5	2381
#E5C6C2	48155.5	16	2381
#E5C6C2	48155	15.5	2381
#FBF6F5	48155	16.5	2382
#FBF6F5	48155.5	17	2382
#FBF6F5	48156	16.5	2382
#FBF6F5	48155.5	16	2382
#F1E0DD	48155.5	17	2383
#F1E0DD	48156	17.5	2383
#F1E0DD	48156.5	17	2383
#F1E0DD	48156	16.5	2383
#F0DDDB	48156	17.5	2384
#F0DDDB	48156.5	18	2384
#F0DDDB	48157	17.5	2384
#F0DDDB	48156.5	17	2384
#ECD5D2	48156.5	18	2385
#ECD5D2	48157	18.5	2385
#ECD5D2	48157.5	18	2385
#ECD5D2	48157	17.5	2385
#EBD3D0	48157	18.5	2386
#EBD3D0	48157.5	19	2386
#EBD3D0	48158	18.5	2386
#EBD3D0	48157.5	18	2386
#F6E9E8	48157.5	19	2387
#F6E9E8	48158	19.5	2387
#F6E9E8	48158.5	19	2387
#F6E9E8	48158	18.5	2387
#FBF5F5	48158	19.5	2388
#FBF5F5	48158.5	20	2388
#FBF5F5	48159	19.5	2388
#FBF5F5	48158.5	19	2388
#F0DEDC	48158.5	20	2389
#F0DEDC	48159	20.5	2389
#F0DEDC	48159.5	20	2389
#F0DEDC	48159	19.5	2389
#FAF4F3	48159	20.5	2390
#FAF4F3	48159.5	21	2390
#FAF4F3	48160	20.5	2390
#FAF4F3	48159.5	20	2390
#F0DDDA	48159.5	21	2391
#F0DDDA	48160	21.5	2391
#F0DDDA	48160.5	21	2391
#F0DDDA	48160	20.5	2391
#F5E8E6	48160	21.5	2392
#F5E8E6	48160.5	22	2392
#F5E8E6	48161	21.5	2392
#F5E8E6	48160.5	21	2392
#FCF7F7	48160.5	22	2393
#FCF7F7	48161	22.5	2393
#FCF7F7	48161.5	22	2393
#FCF7F7	48161	21.5	2393
#FFFEFF	48161	22.5	2394
#FFFEFF	48161.5	23	2394
#FFFEFF	48162	22.5	2394
#FFFEFF	48161.5	22	2394
#FCF8F8	48161.5	23	2395
#FCF8F8	48162	23.5	2395
#FCF8F8	48162.5	23	2395
#FCF8F8	48162	22.5	2395
#FBF5F4	48162	23.5	2396
#FBF5F4	48162.5	24	2396
#FBF5F4	48163	23.5	2396
#FBF5F4	48162.5	23	2396
#FBFBFD	48162.5	24	2397
#FBFBFD	48163	24.5	2397
#FBFBFD	48163.5	24	2397
#FBFBFD	48163	23.5	2397
#FCF9F9	48163	24.5	2398
#FCF9F9	48163.5	25	2398
#FCF9F9	48164	24.5	2398
#FCF9F9	48163.5	24	2398
#B57069	48139.5	0	2399
#B57069	48140	0.5	2399
#B57069	48140.5	0	2399
#B57069	48140	-0.5	2399
#E8CDCA	48140	0.5	2400
#E8CDCA	48140.5	1	2400
#E8CDCA	48141	0.5	2400
#E8CDCA	48140.5	0	2400
#DFBBB7	48140.5	1	2401
#DFBBB7	48141	1.5	2401
#DFBBB7	48141.5	1	2401
#DFBBB7	48141	0.5	2401
#FCF7F7	48141	1.5	2402
#FCF7F7	48141.5	2	2402
#FCF7F7	48142	1.5	2402
#FCF7F7	48141.5	1	2402
#EDD8D5	48141.5	2	2403
#EDD8D5	48142	2.5	2403
#EDD8D5	48142.5	2	2403
#EDD8D5	48142	1.5	2403
#F0DDDA	48142	2.5	2404
#F0DDDA	48142.5	3	2404
#F0DDDA	48143	2.5	2404
#F0DDDA	48142.5	2	2404
#E9CFCC	48142.5	3	2405
#E9CFCC	48143	3.5	2405
#E9CFCC	48143.5	3	2405
#E9CFCC	48143	2.5	2405
#ECD4D1	48143	3.5	2406
#ECD4D1	48143.5	4	2406
#ECD4D1	48144	3.5	2406
#ECD4D1	48143.5	3	2406
#E4C4C0	48143.5	4	2407
#E4C4C0	48144	4.5	2407
#E4C4C0	48144.5	4	2407
#E4C4C0	48144	3.5	2407
#F6EBEA	48144	4.5	2408
#F6EBEA	48144.5	5	2408
#F6EBEA	48145	4.5	2408
#F6EBEA	48144.5	4	2408
#F4E6E4	48144.5	5	2409
#F4E6E4	48145	5.5	2409
#F4E6E4	48145.5	5	2409
#F4E6E4	48145	4.5	2409
#F7ECEB	48145	5.5	2410
#F7ECEB	48145.5	6	2410
#F7ECEB	48146	5.5	2410
#F7ECEB	48145.5	5	2410
#FDF9F9	48145.5	6	2411
#FDF9F9	48146	6.5	2411
#FDF9F9	48146.5	6	2411
#FDF9F9	48146	5.5	2411
#FBF5F4	48146	6.5	2412
#FBF5F4	48146.5	7	2412
#FBF5F4	48147	6.5	2412
#FBF5F4	48146.5	6	2412
#FEFCFC	48146.5	7	2413
#FEFCFC	48147	7.5	2413
#FEFCFC	48147.5	7	2413
#FEFCFC	48147	6.5	2413
#FBF6F5	48147	7.5	2414
#FBF6F5	48147.5	8	2414
#FBF6F5	48148	7.5	2414
#FBF6F5	48147.5	7	2414
#FDFBFB	48147.5	8	2415
#FDFBFB	48148	8.5	2415
#FDFBFB	48148.5	8	2415
#FDFBFB	48148	7.5	2415
#FAF2F2	48148	8.5	2416
#FAF2F2	48148.5	9	2416
#FAF2F2	48149	8.5	2416
#FAF2F2	48148.5	8	2416
#F5E7E6	48148.5	9	2417
#F5E7E6	48149	9.5	2417
#F5E7E6	48149.5	9	2417
#F5E7E6	48149	8.5	2417
#E9CECB	48149	9.5	2418
#E9CECB	48149.5	10	2418
#E9CECB	48150	9.5	2418
#E9CECB	48149.5	9	2418
#EEDAD7	48149.5	10	2419
#EEDAD7	48150	10.5	2419
#EEDAD7	48150.5	10	2419
#EEDAD7	48150	9.5	2419
#FEFCFC	48150	10.5	2420
#FEFCFC	48150.5	11	2420
#FEFCFC	48151	10.5	2420
#FEFCFC	48150.5	10	2420
#F4E6E4	48150.5	11	2421
#F4E6E4	48151	11.5	2421
#F4E6E4	48151.5	11	2421
#F4E6E4	48151	10.5	2421
#F3E4E2	48151	11.5	2422
#F3E4E2	48151.5	12	2422
#F3E4E2	48152	11.5	2422
#F3E4E2	48151.5	11	2422
#F7EDEC	48151.5	12	2423
#F7EDEC	48152	12.5	2423
#F7EDEC	48152.5	12	2423
#F7EDEC	48152	11.5	2423
#F0DEDB	48152	12.5	2424
#F0DEDB	48152.5	13	2424
#F0DEDB	48153	12.5	2424
#F0DEDB	48152.5	12	2424
#FFFEFE	48152.5	13	2425
#FFFEFE	48153	13.5	2425
#FFFEFE	48153.5	13	2425
#FFFEFE	48153	12.5	2425
#F8F0EF	48153	13.5	2426
#F8F0EF	48153.5	14	2426
#F8F0EF	48154	13.5	2426
#F8F0EF	48153.5	13	2426
#E7CBC7	48153.5	14	2427
#E7CBC7	48154	14.5	2427
#E7CBC7	48154.5	14	2427
#E7CBC7	48154	13.5	2427
#F0DDDA	48154	14.5	2428
#F0DDDA	48154.5	15	2428
#F0DDDA	48155	14.5	2428
#F0DDDA	48154.5	14	2428
#E7CBC7	48154.5	15	2429
#E7CBC7	48155	15.5	2429
#E7CBC7	48155.5	15	2429
#E7CBC7	48155	14.5	2429
#E0BDB8	48155	15.5	2430
#E0BDB8	48155.5	16	2430
#E0BDB8	48156	15.5	2430
#E0BDB8	48155.5	15	2430
#E4C4C0	48155.5	16	2431
#E4C4C0	48156	16.5	2431
#E4C4C0	48156.5	16	2431
#E4C4C0	48156	15.5	2431
#F1DFDC	48156	16.5	2432
#F1DFDC	48156.5	17	2432
#F1DFDC	48157	16.5	2432
#F1DFDC	48156.5	16	2432
#E7CBC7	48156.5	17	2433
#E7CBC7	48157	17.5	2433
#E7CBC7	48157.5	17	2433
#E7CBC7	48157	16.5	2433
#ECD6D3	48157	17.5	2434
#ECD6D3	48157.5	18	2434
#ECD6D3	48158	17.5	2434
#ECD6D3	48157.5	17	2434
#EDD7D4	48157.5	18	2435
#EDD7D4	48158	18.5	2435
#EDD7D4	48158.5	18	2435
#EDD7D4	48158	17.5	2435
#F1E0DE	48158	18.5	2436
#F1E0DE	48158.5	19	2436
#F1E0DE	48159	18.5	2436
#F1E0DE	48158.5	18	2436
#F7ECEB	48158.5	19	2437
#F7ECEB	48159	19.5	2437
#F7ECEB	48159.5	19	2437
#F7ECEB	48159	18.5	2437
#F2E1DF	48159	19.5	2438
#F2E1DF	48159.5	20	2438
#F2E1DF	48160	19.5	2438
#F2E1DF	48159.5	19	2438
#D8ADA8	48159.5	20	2439
#D8ADA8	48160	20.5	2439
#D8ADA8	48160.5	20	2439
#D8ADA8	48160	19.5	2439
#EFDBD9	48160	20.5	2440
#EFDBD9	48160.5	21	2440
#EFDBD9	48161	20.5	2440
#EFDBD9	48160.5	20	2440
#F1E1DE	48160.5	21	2441
#F1E1DE	48161	21.5	2441
#F1E1DE	48161.5	21	2441
#F1E1DE	48161	20.5	2441
#FAF3F3	48161	21.5	2442
#FAF3F3	48161.5	22	2442
#FAF3F3	48162	21.5	2442
#FAF3F3	48161.5	21	2442
#FFFFFF	48161.5	22	2443
#FFFFFF	48162	22.5	2443
#FFFFFF	48162.5	22	2443
#FFFFFF	48162	21.5	2443
#FFFEFE	48162	22.5	2444
#FFFEFE	48162.5	23	2444
#FFFEFE	48163	22.5	2444
#FFFEFE	48162.5	22	2444
#FCF8F8	48162.5	23	2445
#FCF8F8	48163	23.5	2445
#FCF8F8	48163.5	23	2445
#FCF8F8	48163	22.5	2445
#FFFFFF	48163	23.5	2446
#FFFFFF	48163.5	24	2446
#FFFFFF	48164	23.5	2446
#FFFFFF	48163.5	23	2446
#FBF5F4	48163.5	24	2447
#FBF5F4	48164	24.5	2447
#FBF5F4	48164.5	24	2447
#FBF5F4	48164	23.5	2447
#FDFAF9	48164	24.5	2448
#FDFAF9	48164.5	25	2448
#FDFAF9	48165	24.5	2448
#FDFAF9	48164.5	24	2448
#C48982	48140.5	0	2449
#C48982	48141	0.5	2449
#C48982	48141.5	0	2449
#C48982	48141	-0.5	2449
#CC9892	48141	0.5	2450
#CC9892	48141.5	1	2450
#CC9892	48142	0.5	2450
#CC9892	48141.5	0	2450
#F5E8E6	48141.5	1	2451
#F5E8E6	48142	1.5	2451
#F5E8E6	48142.5	1	2451
#F5E8E6	48142	0.5	2451
#ECD5D2	48142	1.5	2452
#ECD5D2	48142.5	2	2452
#ECD5D2	48143	1.5	2452
#ECD5D2	48142.5	1	2452
#E6C8C5	48142.5	2	2453
#E6C8C5	48143	2.5	2453
#E6C8C5	48143.5	2	2453
#E6C8C5	48143	1.5	2453
#D3A39D	48143	2.5	2454
#D3A39D	48143.5	3	2454
#D3A39D	48144	2.5	2454
#D3A39D	48143.5	2	2454
#DAB0AB	48143.5	3	2455
#DAB0AB	48144	3.5	2455
#DAB0AB	48144.5	3	2455
#DAB0AB	48144	2.5	2455
#DFBAB5	48144	3.5	2456
#DFBAB5	48144.5	4	2456
#DFBAB5	48145	3.5	2456
#DFBAB5	48144.5	3	2456
#EFDCD9	48144.5	4	2457
#EFDCD9	48145	4.5	2457
#EFDCD9	48145.5	4	2457
#EFDCD9	48145	3.5	2457
#EAD1CE	48145	4.5	2458
#EAD1CE	48145.5	5	2458
#EAD1CE	48146	4.5	2458
#EAD1CE	48145.5	4	2458
#E6C9C5	48145.5	5	2459
#E6C9C5	48146	5.5	2459
#E6C9C5	48146.5	5	2459
#E6C9C5	48146	4.5	2459
#ECD4D1	48146	5.5	2460
#ECD4D1	48146.5	6	2460
#ECD4D1	48147	5.5	2460
#ECD4D1	48146.5	5	2460
#FAF4F3	48146.5	6	2461
#FAF4F3	48147	6.5	2461
#FAF4F3	48147.5	6	2461
#FAF4F3	48147	5.5	2461
#F5E8E7	48147	6.5	2462
#F5E8E7	48147.5	7	2462
#F5E8E7	48148	6.5	2462
#F5E8E7	48147.5	6	2462
#ECD5D2	48147.5	7	2463
#ECD5D2	48148	7.5	2463
#ECD5D2	48148.5	7	2463
#ECD5D2	48148	6.5	2463
#F3E3E1	48148	7.5	2464
#F3E3E1	48148.5	8	2464
#F3E3E1	48149	7.5	2464
#F3E3E1	48148.5	7	2464
#F6EAE9	48148.5	8	2465
#F6EAE9	48149	8.5	2465
#F6EAE9	48149.5	8	2465
#F6EAE9	48149	7.5	2465
#F6EBE9	48149	8.5	2466
#F6EBE9	48149.5	9	2466
#F6EBE9	48150	8.5	2466
#F6EBE9	48149.5	8	2466
#EBD2CF	48149.5	9	2467
#EBD2CF	48150	9.5	2467
#EBD2CF	48150.5	9	2467
#EBD2CF	48150	8.5	2467
#ECD4D1	48150	9.5	2468
#ECD4D1	48150.5	10	2468
#ECD4D1	48151	9.5	2468
#ECD4D1	48150.5	9	2468
#F3E5E3	48150.5	10	2469
#F3E5E3	48151	10.5	2469
#F3E5E3	48151.5	10	2469
#F3E5E3	48151	9.5	2469
#F5E9E7	48151	10.5	2470
#F5E9E7	48151.5	11	2470
#F5E9E7	48152	10.5	2470
#F5E9E7	48151.5	10	2470
#FAF4F4	48151.5	11	2471
#FAF4F4	48152	11.5	2471
#FAF4F4	48152.5	11	2471
#FAF4F4	48152	10.5	2471
#EAD1CE	48152	11.5	2472
#EAD1CE	48152.5	12	2472
#EAD1CE	48153	11.5	2472
#EAD1CE	48152.5	11	2472
#EFDBD8	48152.5	12	2473
#EFDBD8	48153	12.5	2473
#EFDBD8	48153.5	12	2473
#EFDBD8	48153	11.5	2473
#FFFFFF	48153	12.5	2474
#FFFFFF	48153.5	13	2474
#FFFFFF	48154	12.5	2474
#FFFFFF	48153.5	12	2474
#ECD5D2	48153.5	13	2475
#ECD5D2	48154	13.5	2475
#ECD5D2	48154.5	13	2475
#ECD5D2	48154	12.5	2475
#EFDCD9	48154	13.5	2476
#EFDCD9	48154.5	14	2476
#EFDCD9	48155	13.5	2476
#EFDCD9	48154.5	13	2476
#E5C7C3	48154.5	14	2477
#E5C7C3	48155	14.5	2477
#E5C7C3	48155.5	14	2477
#E5C7C3	48155	13.5	2477
#EBD3D0	48155	14.5	2478
#EBD3D0	48155.5	15	2478
#EBD3D0	48156	14.5	2478
#EBD3D0	48155.5	14	2478
#EBD2CF	48155.5	15	2479
#EBD2CF	48156	15.5	2479
#EBD2CF	48156.5	15	2479
#EBD2CF	48156	14.5	2479
#F1DFDD	48156	15.5	2480
#F1DFDD	48156.5	16	2480
#F1DFDD	48157	15.5	2480
#F1DFDD	48156.5	15	2480
#F2E2E0	48156.5	16	2481
#F2E2E0	48157	16.5	2481
#F2E2E0	48157.5	16	2481
#F2E2E0	48157	15.5	2481
#E1BEBA	48157	16.5	2482
#E1BEBA	48157.5	17	2482
#E1BEBA	48158	16.5	2482
#E1BEBA	48157.5	16	2482
#F1DFDD	48157.5	17	2483
#F1DFDD	48158	17.5	2483
#F1DFDD	48158.5	17	2483
#F1DFDD	48158	16.5	2483
#EED9D6	48158	17.5	2484
#EED9D6	48158.5	18	2484
#EED9D6	48159	17.5	2484
#EED9D6	48158.5	17	2484
#EAD0CD	48158.5	18	2485
#EAD0CD	48159	18.5	2485
#EAD0CD	48159.5	18	2485
#EAD0CD	48159	17.5	2485
#E7CAC6	48159	18.5	2486
#E7CAC6	48159.5	19	2486
#E7CAC6	48160	18.5	2486
#E7CAC6	48159.5	18	2486
#EAD2CF	48159.5	19	2487
#EAD2CF	48160	19.5	2487
#EAD2CF	48160.5	19	2487
#EAD2CF	48160	18.5	2487
#E5C6C2	48160	19.5	2488
#E5C6C2	48160.5	20	2488
#E5C6C2	48161	19.5	2488
#E5C6C2	48160.5	19	2488
#E3C2BE	48160.5	20	2489
#E3C2BE	48161	20.5	2489
#E3C2BE	48161.5	20	2489
#E3C2BE	48161	19.5	2489
#F2E3E0	48161	20.5	2490
#F2E3E0	48161.5	21	2490
#F2E3E0	48162	20.5	2490
#F2E3E0	48161.5	20	2490
#FAF3F2	48161.5	21	2491
#FAF3F2	48162	21.5	2491
#FAF3F2	48162.5	21	2491
#FAF3F2	48162	20.5	2491
#FDFAFA	48162	21.5	2492
#FDFAFA	48162.5	22	2492
#FDFAFA	48163	21.5	2492
#FDFAFA	48162.5	21	2492
#FAF3F3	48162.5	22	2493
#FAF3F3	48163	22.5	2493
#FAF3F3	48163.5	22	2493
#FAF3F3	48163	21.5	2493
#F7EEEC	48163	22.5	2494
#F7EEEC	48163.5	23	2494
#F7EEEC	48164	22.5	2494
#F7EEEC	48163.5	22	2494
#FEFCFC	48163.5	23	2495
#FEFCFC	48164	23.5	2495
#FEFCFC	48164.5	23	2495
#FEFCFC	48164	22.5	2495
#F7EDEC	48164	23.5	2496
#F7EDEC	48164.5	24	2496
#F7EDEC	48165	23.5	2496
#F7EDEC	48164.5	23	2496
#FAF2F1	48164.5	24	2497
#FAF2F1	48165	24.5	2497
#FAF2F1	48165.5	24	2497
#FAF2F1	48165	23.5	2497
#BA7972	48141.5	0	2498
#BA7972	48142	0.5	2498
#BA7972	48142.5	0	2498
#BA7972	48142	-0.5	2498
#E0BEB9	48142	0.5	2499
#E0BEB9	48142.5	1	2499
#E0BEB9	48143	0.5	2499
#E0BEB9	48142.5	0	2499
#D4A7A1	48142.5	1	2500
#D4A7A1	48143	1.5	2500
#D4A7A1	48143.5	1	2500
#D4A7A1	48143	0.5	2500
#DDB7B2	48143	1.5	2501
#DDB7B2	48143.5	2	2501
#DDB7B2	48144	1.5	2501
#DDB7B2	48143.5	1	2501
#C68D87	48143.5	2	2502
#C68D87	48144	2.5	2502
#C68D87	48144.5	2	2502
#C68D87	48144	1.5	2502
#C48A83	48144	2.5	2503
#C48A83	48144.5	3	2503
#C48A83	48145	2.5	2503
#C48A83	48144.5	2	2503
#CB9690	48144.5	3	2504
#CB9690	48145	3.5	2504
#CB9690	48145.5	3	2504
#CB9690	48145	2.5	2504
#EED9D6	48145	3.5	2505
#EED9D6	48145.5	4	2505
#EED9D6	48146	3.5	2505
#EED9D6	48145.5	3	2505
#EDD8D5	48145.5	4	2506
#EDD8D5	48146	4.5	2506
#EDD8D5	48146.5	4	2506
#EDD8D5	48146	3.5	2506
#F7ECEA	48146	4.5	2507
#F7ECEA	48146.5	5	2507
#F7ECEA	48147	4.5	2507
#F7ECEA	48146.5	4	2507
#F3E3E1	48146.5	5	2508
#F3E3E1	48147	5.5	2508
#F3E3E1	48147.5	5	2508
#F3E3E1	48147	4.5	2508
#FCF8F8	48147	5.5	2509
#FCF8F8	48147.5	6	2509
#FCF8F8	48148	5.5	2509
#FCF8F8	48147.5	5	2509
#F8EFED	48147.5	6	2510
#F8EFED	48148	6.5	2510
#F8EFED	48148.5	6	2510
#F8EFED	48148	5.5	2510
#F8EEED	48148	6.5	2511
#F8EEED	48148.5	7	2511
#F8EEED	48149	6.5	2511
#F8EEED	48148.5	6	2511
#F2E2E0	48148.5	7	2512
#F2E2E0	48149	7.5	2512
#F2E2E0	48149.5	7	2512
#F2E2E0	48149	6.5	2512
#FAF3F2	48149	7.5	2513
#FAF3F2	48149.5	8	2513
#FAF3F2	48150	7.5	2513
#FAF3F2	48149.5	7	2513
#FCF8F8	48149.5	8	2514
#FCF8F8	48150	8.5	2514
#FCF8F8	48150.5	8	2514
#FCF8F8	48150	7.5	2514
#E0BEB9	48150	8.5	2515
#E0BEB9	48150.5	9	2515
#E0BEB9	48151	8.5	2515
#E0BEB9	48150.5	8	2515
#E8CDCA	48150.5	9	2516
#E8CDCA	48151	9.5	2516
#E8CDCA	48151.5	9	2516
#E8CDCA	48151	8.5	2516
#F4E6E4	48151	9.5	2517
#F4E6E4	48151.5	10	2517
#F4E6E4	48152	9.5	2517
#F4E6E4	48151.5	9	2517
#F4E6E4	48151.5	10	2518
#F4E6E4	48152	10.5	2518
#F4E6E4	48152.5	10	2518
#F4E6E4	48152	9.5	2518
#F8EFED	48152	10.5	2519
#F8EFED	48152.5	11	2519
#F8EFED	48153	10.5	2519
#F8EFED	48152.5	10	2519
#ECD6D3	48152.5	11	2520
#ECD6D3	48153	11.5	2520
#ECD6D3	48153.5	11	2520
#ECD6D3	48153	10.5	2520
#ECD6D3	48153	11.5	2521
#ECD6D3	48153.5	12	2521
#ECD6D3	48154	11.5	2521
#ECD6D3	48153.5	11	2521
#FFFFFF	48153.5	12	2522
#FFFFFF	48154	12.5	2522
#FFFFFF	48154.5	12	2522
#FFFFFF	48154	11.5	2522
#F7ECEB	48154	12.5	2523
#F7ECEB	48154.5	13	2523
#F7ECEB	48155	12.5	2523
#F7ECEB	48154.5	12	2523
#F2E2E0	48154.5	13	2524
#F2E2E0	48155	13.5	2524
#F2E2E0	48155.5	13	2524
#F2E2E0	48155	12.5	2524
#E7CAC7	48155	13.5	2525
#E7CAC7	48155.5	14	2525
#E7CAC7	48156	13.5	2525
#E7CAC7	48155.5	13	2525
#F6EBE9	48155.5	14	2526
#F6EBE9	48156	14.5	2526
#F6EBE9	48156.5	14	2526
#F6EBE9	48156	13.5	2526
#DDB7B2	48156	14.5	2527
#DDB7B2	48156.5	15	2527
#DDB7B2	48157	14.5	2527
#DDB7B2	48156.5	14	2527
#E8CCC8	48156.5	15	2528
#E8CCC8	48157	15.5	2528
#E8CCC8	48157.5	15	2528
#E8CCC8	48157	14.5	2528
#E9CFCC	48157	15.5	2529
#E9CFCC	48157.5	16	2529
#E9CFCC	48158	15.5	2529
#E9CFCC	48157.5	15	2529
#ECD4D1	48157.5	16	2530
#ECD4D1	48158	16.5	2530
#ECD4D1	48158.5	16	2530
#ECD4D1	48158	15.5	2530
#F1DFDC	48158	16.5	2531
#F1DFDC	48158.5	17	2531
#F1DFDC	48159	16.5	2531
#F1DFDC	48158.5	16	2531
#F9F1EF	48158.5	17	2532
#F9F1EF	48159	17.5	2532
#F9F1EF	48159.5	17	2532
#F9F1EF	48159	16.5	2532
#F1E0DE	48159	17.5	2533
#F1E0DE	48159.5	18	2533
#F1E0DE	48160	17.5	2533
#F1E0DE	48159.5	17	2533
#EEDAD7	48159.5	18	2534
#EEDAD7	48160	18.5	2534
#EEDAD7	48160.5	18	2534
#EEDAD7	48160	17.5	2534
#F8EEED	48160	18.5	2535
#F8EEED	48160.5	19	2535
#F8EEED	48161	18.5	2535
#F8EEED	48160.5	18	2535
#F1DFDD	48160.5	19	2536
#F1DFDD	48161	19.5	2536
#F1DFDD	48161.5	19	2536
#F1DFDD	48161	18.5	2536
#F2E2E0	48161	19.5	2537
#F2E2E0	48161.5	20	2537
#F2E2E0	48162	19.5	2537
#F2E2E0	48161.5	19	2537
#F6EBE9	48161.5	20	2538
#F6EBE9	48162	20.5	2538
#F6EBE9	48162.5	20	2538
#F6EBE9	48162	19.5	2538
#F6EBEA	48162	20.5	2539
#F6EBEA	48162.5	21	2539
#F6EBEA	48163	20.5	2539
#F6EBEA	48162.5	20	2539
#FAF3F2	48162.5	21	2540
#FAF3F2	48163	21.5	2540
#FAF3F2	48163.5	21	2540
#FAF3F2	48163	20.5	2540
#FEFEFE	48163	21.5	2541
#FEFEFE	48163.5	22	2541
#FEFEFE	48164	21.5	2541
#FEFEFE	48163.5	21	2541
#FCF9F8	48163.5	22	2542
#FCF9F8	48164	22.5	2542
#FCF9F8	48164.5	22	2542
#FCF9F8	48164	21.5	2542
#FFFEFE	48164	22.5	2543
#FFFEFE	48164.5	23	2543
#FFFEFE	48165	22.5	2543
#FFFEFE	48164.5	22	2543
#FCF9F8	48164.5	23	2544
#FCF9F8	48165	23.5	2544
#FCF9F8	48165.5	23	2544
#FCF9F8	48165	22.5	2544
#FAF4F4	48165	23.5	2545
#FAF4F4	48165.5	24	2545
#FAF4F4	48166	23.5	2545
#FAF4F4	48165.5	23	2545
#FBFAFD	48165.5	24	2546
#FBFAFD	48166	24.5	2546
#FBFAFD	48166.5	24	2546
#FBFAFD	48166	23.5	2546
#FEFCFB	48166	24.5	2547
#FEFCFB	48166.5	25	2547
#FEFCFB	48167	24.5	2547
#FEFCFB	48166.5	24	2547
#C68D87	48142.5	0	2548
#C68D87	48143	0.5	2548
#C68D87	48143.5	0	2548
#C68D87	48143	-0.5	2548
#E8CCC9	48143	0.5	2549
#E8CCC9	48143.5	1	2549
#E8CCC9	48144	0.5	2549
#E8CCC9	48143.5	0	2549
#EFDBD9	48143.5	1	2550
#EFDBD9	48144	1.5	2550
#EFDBD9	48144.5	1	2550
#EFDBD9	48144	0.5	2550
#BD7D76	48144	1.5	2551
#BD7D76	48144.5	2	2551
#BD7D76	48145	1.5	2551
#BD7D76	48144.5	1	2551
#BF827B	48144.5	2	2552
#BF827B	48145	2.5	2552
#BF827B	48145.5	2	2552
#BF827B	48145	1.5	2552
#D8ADA8	48145	2.5	2553
#D8ADA8	48145.5	3	2553
#D8ADA8	48146	2.5	2553
#D8ADA8	48145.5	2	2553
#DDB6B2	48145.5	3	2554
#DDB6B2	48146	3.5	2554
#DDB6B2	48146.5	3	2554
#DDB6B2	48146	2.5	2554
#EAD2CE	48146	3.5	2555
#EAD2CE	48146.5	4	2555
#EAD2CE	48147	3.5	2555
#EAD2CE	48146.5	3	2555
#F2E2DF	48146.5	4	2556
#F2E2DF	48147	4.5	2556
#F2E2DF	48147.5	4	2556
#F2E2DF	48147	3.5	2556
#F8EFEE	48147	4.5	2557
#F8EFEE	48147.5	5	2557
#F8EFEE	48148	4.5	2557
#F8EFEE	48147.5	4	2557
#F7EDEB	48147.5	5	2558
#F7EDEB	48148	5.5	2558
#F7EDEB	48148.5	5	2558
#F7EDEB	48148	4.5	2558
#F4E7E5	48148	5.5	2559
#F4E7E5	48148.5	6	2559
#F4E7E5	48149	5.5	2559
#F4E7E5	48148.5	5	2559
#FEFCFC	48148.5	6	2560
#FEFCFC	48149	6.5	2560
#FEFCFC	48149.5	6	2560
#FEFCFC	48149	5.5	2560
#F9F2F1	48149	6.5	2561
#F9F2F1	48149.5	7	2561
#F9F2F1	48150	6.5	2561
#F9F2F1	48149.5	6	2561
#F7EDEC	48149.5	7	2562
#F7EDEC	48150	7.5	2562
#F7EDEC	48150.5	7	2562
#F7EDEC	48150	6.5	2562
#FBF6F5	48150	7.5	2563
#FBF6F5	48150.5	8	2563
#FBF6F5	48151	7.5	2563
#FBF6F5	48150.5	7	2563
#EBD2CF	48150.5	8	2564
#EBD2CF	48151	8.5	2564
#EBD2CF	48151.5	8	2564
#EBD2CF	48151	7.5	2564
#E7CBC7	48151	8.5	2565
#E7CBC7	48151.5	9	2565
#E7CBC7	48152	8.5	2565
#E7CBC7	48151.5	8	2565
#F2E1DE	48151.5	9	2566
#F2E1DE	48152	9.5	2566
#F2E1DE	48152.5	9	2566
#F2E1DE	48152	8.5	2566
#EAD1CE	48152	9.5	2567
#EAD1CE	48152.5	10	2567
#EAD1CE	48153	9.5	2567
#EAD1CE	48152.5	9	2567
#EED9D6	48152.5	10	2568
#EED9D6	48153	10.5	2568
#EED9D6	48153.5	10	2568
#EED9D6	48153	9.5	2568
#F0DEDB	48153	10.5	2569
#F0DEDB	48153.5	11	2569
#F0DEDB	48154	10.5	2569
#F0DEDB	48153.5	10	2569
#EDD6D3	48153.5	11	2570
#EDD6D3	48154	11.5	2570
#EDD6D3	48154.5	11	2570
#EDD6D3	48154	10.5	2570
#FDFDFE	48154	11.5	2571
#FDFDFE	48154.5	12	2571
#FDFDFE	48155	11.5	2571
#FDFDFE	48154.5	11	2571
#EDD8D5	48154.5	12	2572
#EDD8D5	48155	12.5	2572
#EDD8D5	48155.5	12	2572
#EDD8D5	48155	11.5	2572
#F4E5E3	48155	12.5	2573
#F4E5E3	48155.5	13	2573
#F4E5E3	48156	12.5	2573
#F4E5E3	48155.5	12	2573
#EDD7D4	48155.5	13	2574
#EDD7D4	48156	13.5	2574
#EDD7D4	48156.5	13	2574
#EDD7D4	48156	12.5	2574
#E6C8C4	48156	13.5	2575
#E6C8C4	48156.5	14	2575
#E6C8C4	48157	13.5	2575
#E6C8C4	48156.5	13	2575
#EAD0CD	48156.5	14	2576
#EAD0CD	48157	14.5	2576
#EAD0CD	48157.5	14	2576
#EAD0CD	48157	13.5	2576
#F5E8E6	48157	14.5	2577
#F5E8E6	48157.5	15	2577
#F5E8E6	48158	14.5	2577
#F5E8E6	48157.5	14	2577
#EED9D6	48157.5	15	2578
#EED9D6	48158	15.5	2578
#EED9D6	48158.5	15	2578
#EED9D6	48158	14.5	2578
#E5C6C2	48158	15.5	2579
#E5C6C2	48158.5	16	2579
#E5C6C2	48159	15.5	2579
#E5C6C2	48158.5	15	2579
#F0DDDB	48158.5	16	2580
#F0DDDB	48159	16.5	2580
#F0DDDB	48159.5	16	2580
#F0DDDB	48159	15.5	2580
#F6EAE9	48159	16.5	2581
#F6EAE9	48159.5	17	2581
#F6EAE9	48160	16.5	2581
#F6EAE9	48159.5	16	2581
#F6EBEA	48159.5	17	2582
#F6EBEA	48160	17.5	2582
#F6EBEA	48160.5	17	2582
#F6EBEA	48160	16.5	2582
#EED9D6	48160	17.5	2583
#EED9D6	48160.5	18	2583
#EED9D6	48161	17.5	2583
#EED9D6	48160.5	17	2583
#F0DDDB	48160.5	18	2584
#F0DDDB	48161	18.5	2584
#F0DDDB	48161.5	18	2584
#F0DDDB	48161	17.5	2584
#EAD1CE	48161	18.5	2585
#EAD1CE	48161.5	19	2585
#EAD1CE	48162	18.5	2585
#EAD1CE	48161.5	18	2585
#F1DFDD	48161.5	19	2586
#F1DFDD	48162	19.5	2586
#F1DFDD	48162.5	19	2586
#F1DFDD	48162	18.5	2586
#F2E2E0	48162	19.5	2587
#F2E2E0	48162.5	20	2587
#F2E2E0	48163	19.5	2587
#F2E2E0	48162.5	19	2587
#FFFEFE	48162.5	20	2588
#FFFEFE	48163	20.5	2588
#FFFEFE	48163.5	20	2588
#FFFEFE	48163	19.5	2588
#FCF9F8	48163	20.5	2589
#FCF9F8	48163.5	21	2589
#FCF9F8	48164	20.5	2589
#FCF9F8	48163.5	20	2589
#FBF7F6	48163.5	21	2590
#FBF7F6	48164	21.5	2590
#FBF7F6	48164.5	21	2590
#FBF7F6	48164	20.5	2590
#FBF5F5	48164	21.5	2591
#FBF5F5	48164.5	22	2591
#FBF5F5	48165	21.5	2591
#FBF5F5	48164.5	21	2591
#FDF9F9	48164.5	22	2592
#FDF9F9	48165	22.5	2592
#FDF9F9	48165.5	22	2592
#FDF9F9	48165	21.5	2592
#FAF3F3	48165	22.5	2593
#FAF3F3	48165.5	23	2593
#FAF3F3	48166	22.5	2593
#FAF3F3	48165.5	22	2593
#FBF5F4	48165.5	23	2594
#FBF5F4	48166	23.5	2594
#FBF5F4	48166.5	23	2594
#FBF5F4	48166	22.5	2594
#FEFEFF	48166	23.5	2595
#FEFEFF	48166.5	24	2595
#FEFEFF	48167	23.5	2595
#FEFEFF	48166.5	23	2595
#FDFBFB	48166.5	24	2596
#FDFBFB	48167	24.5	2596
#FDFBFB	48167.5	24	2596
#FDFBFB	48167	23.5	2596
#FBFBFD	48167	24.5	2597
#FBFBFD	48167.5	25	2597
#FBFBFD	48168	24.5	2597
#FBFBFD	48167.5	24	2597
#BF817A	48143.5	0	2598
#BF817A	48144	0.5	2598
#BF817A	48144.5	0	2598
#BF817A	48144	-0.5	2598
#EDD7D4	48144	0.5	2599
#EDD7D4	48144.5	1	2599
#EDD7D4	48145	0.5	2599
#EDD7D4	48144.5	0	2599
#BE7F78	48144.5	1	2600
#BE7F78	48145	1.5	2600
#BE7F78	48145.5	1	2600
#BE7F78	48145	0.5	2600
#B16B64	48145	1.5	2601
#B16B64	48145.5	2	2601
#B16B64	48146	1.5	2601
#B16B64	48145.5	1	2601
#CA958E	48145.5	2	2602
#CA958E	48146	2.5	2602
#CA958E	48146.5	2	2602
#CA958E	48146	1.5	2602
#DFBAB6	48146	2.5	2603
#DFBAB6	48146.5	3	2603
#DFBAB6	48147	2.5	2603
#DFBAB6	48146.5	2	2603
#E5C7C3	48146.5	3	2604
#E5C7C3	48147	3.5	2604
#E5C7C3	48147.5	3	2604
#E5C7C3	48147	2.5	2604
#EED8D6	48147	3.5	2605
#EED8D6	48147.5	4	2605
#EED8D6	48148	3.5	2605
#EED8D6	48147.5	3	2605
#EFDCD9	48147.5	4	2606
#EFDCD9	48148	4.5	2606
#EFDCD9	48148.5	4	2606
#EFDCD9	48148	3.5	2606
#F9F0EF	48148	4.5	2607
#F9F0EF	48148.5	5	2607
#F9F0EF	48149	4.5	2607
#F9F0EF	48148.5	4	2607
#F5E9E7	48148.5	5	2608
#F5E9E7	48149	5.5	2608
#F5E9E7	48149.5	5	2608
#F5E9E7	48149	4.5	2608
#F2E1DF	48149	5.5	2609
#F2E1DF	48149.5	6	2609
#F2E1DF	48150	5.5	2609
#F2E1DF	48149.5	5	2609
#FEFDFD	48149.5	6	2610
#FEFDFD	48150	6.5	2610
#FEFDFD	48150.5	6	2610
#FEFDFD	48150	5.5	2610
#F2E1DF	48150	6.5	2611
#F2E1DF	48150.5	7	2611
#F2E1DF	48151	6.5	2611
#F2E1DF	48150.5	6	2611
#F8EFEE	48150.5	7	2612
#F8EFEE	48151	7.5	2612
#F8EFEE	48151.5	7	2612
#F8EFEE	48151	6.5	2612
#EDD6D3	48151	7.5	2613
#EDD6D3	48151.5	8	2613
#EDD6D3	48152	7.5	2613
#EDD6D3	48151.5	7	2613
#EAD1CE	48151.5	8	2614
#EAD1CE	48152	8.5	2614
#EAD1CE	48152.5	8	2614
#EAD1CE	48152	7.5	2614
#F1E0DD	48152	8.5	2615
#F1E0DD	48152.5	9	2615
#F1E0DD	48153	8.5	2615
#F1E0DD	48152.5	8	2615
#EDD7D4	48152.5	9	2616
#EDD7D4	48153	9.5	2616
#EDD7D4	48153.5	9	2616
#EDD7D4	48153	8.5	2616
#E8CCC9	48153	9.5	2617
#E8CCC9	48153.5	10	2617
#E8CCC9	48154	9.5	2617
#E8CCC9	48153.5	9	2617
#F1DFDD	48153.5	10	2618
#F1DFDD	48154	10.5	2618
#F1DFDD	48154.5	10	2618
#F1DFDD	48154	9.5	2618
#EDD7D5	48154	10.5	2619
#EDD7D5	48154.5	11	2619
#EDD7D5	48155	10.5	2619
#EDD7D5	48154.5	10	2619
#FDFBFB	48154.5	11	2620
#FDFBFB	48155	11.5	2620
#FDFBFB	48155.5	11	2620
#FDFBFB	48155	10.5	2620
#EFDCD9	48155	11.5	2621
#EFDCD9	48155.5	12	2621
#EFDCD9	48156	11.5	2621
#EFDCD9	48155.5	11	2621
#EBD4D1	48155.5	12	2622
#EBD4D1	48156	12.5	2622
#EBD4D1	48156.5	12	2622
#EBD4D1	48156	11.5	2622
#EFDBD8	48156	12.5	2623
#EFDBD8	48156.5	13	2623
#EFDBD8	48157	12.5	2623
#EFDBD8	48156.5	12	2623
#EAD0CD	48156.5	13	2624
#EAD0CD	48157	13.5	2624
#EAD0CD	48157.5	13	2624
#EAD0CD	48157	12.5	2624
#F3E4E2	48157	13.5	2625
#F3E4E2	48157.5	14	2625
#F3E4E2	48158	13.5	2625
#F3E4E2	48157.5	13	2625
#EDD7D4	48157.5	14	2626
#EDD7D4	48158	14.5	2626
#EDD7D4	48158.5	14	2626
#EDD7D4	48158	13.5	2626
#F2E2E0	48158	14.5	2627
#F2E2E0	48158.5	15	2627
#F2E2E0	48159	14.5	2627
#F2E2E0	48158.5	14	2627
#E3C2BE	48158.5	15	2628
#E3C2BE	48159	15.5	2628
#E3C2BE	48159.5	15	2628
#E3C2BE	48159	14.5	2628
#F2E1DF	48159	15.5	2629
#F2E1DF	48159.5	16	2629
#F2E1DF	48160	15.5	2629
#F2E1DF	48159.5	15	2629
#EFDCD9	48159.5	16	2630
#EFDCD9	48160	16.5	2630
#EFDCD9	48160.5	16	2630
#EFDCD9	48160	15.5	2630
#EDD8D5	48160	16.5	2631
#EDD8D5	48160.5	17	2631
#EDD8D5	48161	16.5	2631
#EDD8D5	48160.5	16	2631
#F6EAE8	48160.5	17	2632
#F6EAE8	48161	17.5	2632
#F6EAE8	48161.5	17	2632
#F6EAE8	48161	16.5	2632
#E8CDC9	48161	17.5	2633
#E8CDC9	48161.5	18	2633
#E8CDC9	48162	17.5	2633
#E8CDC9	48161.5	17	2633
#EBD3D0	48161.5	18	2634
#EBD3D0	48162	18.5	2634
#EBD3D0	48162.5	18	2634
#EBD3D0	48162	17.5	2634
#F0DDDB	48162	18.5	2635
#F0DDDB	48162.5	19	2635
#F0DDDB	48163	18.5	2635
#F0DDDB	48162.5	18	2635
#F2E2E0	48162.5	19	2636
#F2E2E0	48163	19.5	2636
#F2E2E0	48163.5	19	2636
#F2E2E0	48163	18.5	2636
#FAF4F4	48163	19.5	2637
#FAF4F4	48163.5	20	2637
#FAF4F4	48164	19.5	2637
#FAF4F4	48163.5	19	2637
#FCF9F8	48163.5	20	2638
#FCF9F8	48164	20.5	2638
#FCF9F8	48164.5	20	2638
#FCF9F8	48164	19.5	2638
#FBF7F6	48164	20.5	2639
#FBF7F6	48164.5	21	2639
#FBF7F6	48165	20.5	2639
#FBF7F6	48164.5	20	2639
#FEFDFC	48164.5	21	2640
#FEFDFC	48165	21.5	2640
#FEFDFC	48165.5	21	2640
#FEFDFC	48165	20.5	2640
#F9F2F1	48165	21.5	2641
#F9F2F1	48165.5	22	2641
#F9F2F1	48166	21.5	2641
#F9F2F1	48165.5	21	2641
#FDFBFB	48165.5	22	2642
#FDFBFB	48166	22.5	2642
#FDFBFB	48166.5	22	2642
#FDFBFB	48166	21.5	2642
#FEFEFE	48166	22.5	2643
#FEFEFE	48166.5	23	2643
#FEFEFE	48167	22.5	2643
#FEFEFE	48166.5	22	2643
#FDFDFE	48166.5	23	2644
#FDFDFE	48167	23.5	2644
#FDFDFE	48167.5	23	2644
#FDFDFE	48167	22.5	2644
#FDFBFB	48167	23.5	2645
#FDFBFB	48167.5	24	2645
#FDFBFB	48168	23.5	2645
#FDFBFB	48167.5	23	2645
#FDFDFE	48167.5	24	2646
#FDFDFE	48168	24.5	2646
#FDFDFE	48168.5	24	2646
#FDFDFE	48168	23.5	2646
#FEFCFB	48168	24.5	2647
#FEFCFB	48168.5	25	2647
#FEFCFB	48169	24.5	2647
#FEFCFB	48168.5	24	2647
#B36E66	48144.5	0	2648
#B36E66	48145	0.5	2648
#B36E66	48145.5	0	2648
#B36E66	48145	-0.5	2648
#D5A8A3	48145	0.5	2649
#D5A8A3	48145.5	1	2649
#D5A8A3	48146	0.5	2649
#D5A8A3	48145.5	0	2649
#C0827C	48145.5	1	2650
#C0827C	48146	1.5	2650
#C0827C	48146.5	1	2650
#C0827C	48146	0.5	2650
#DCB5B0	48146	1.5	2651
#DCB5B0	48146.5	2	2651
#DCB5B0	48147	1.5	2651
#DCB5B0	48146.5	1	2651
#E5C7C3	48146.5	2	2652
#E5C7C3	48147	2.5	2652
#E5C7C3	48147.5	2	2652
#E5C7C3	48147	1.5	2652
#E3C2BE	48147	2.5	2653
#E3C2BE	48147.5	3	2653
#E3C2BE	48148	2.5	2653
#E3C2BE	48147.5	2	2653
#EFDCDA	48147.5	3	2654
#EFDCDA	48148	3.5	2654
#EFDCDA	48148.5	3	2654
#EFDCDA	48148	2.5	2654
#E9CFCB	48148	3.5	2655
#E9CFCB	48148.5	4	2655
#E9CFCB	48149	3.5	2655
#E9CFCB	48148.5	3	2655
#FBF6F5	48148.5	4	2656
#FBF6F5	48149	4.5	2656
#FBF6F5	48149.5	4	2656
#FBF6F5	48149	3.5	2656
#F4E6E4	48149	4.5	2657
#F4E6E4	48149.5	5	2657
#F4E6E4	48150	4.5	2657
#F4E6E4	48149.5	4	2657
#F2E2DF	48149.5	5	2658
#F2E2DF	48150	5.5	2658
#F2E2DF	48150.5	5	2658
#F2E2DF	48150	4.5	2658
#F5E8E6	48150	5.5	2659
#F5E8E6	48150.5	6	2659
#F5E8E6	48151	5.5	2659
#F5E8E6	48150.5	5	2659
#FAF3F2	48150.5	6	2660
#FAF3F2	48151	6.5	2660
#FAF3F2	48151.5	6	2660
#FAF3F2	48151	5.5	2660
#F8EFEE	48151	6.5	2661
#F8EFEE	48151.5	7	2661
#F8EFEE	48152	6.5	2661
#F8EFEE	48151.5	6	2661
#F5E7E5	48151.5	7	2662
#F5E7E5	48152	7.5	2662
#F5E7E5	48152.5	7	2662
#F5E7E5	48152	6.5	2662
#DDB7B2	48152	7.5	2663
#DDB7B2	48152.5	8	2663
#DDB7B2	48153	7.5	2663
#DDB7B2	48152.5	7	2663
#E7CBC7	48152.5	8	2664
#E7CBC7	48153	8.5	2664
#E7CBC7	48153.5	8	2664
#E7CBC7	48153	7.5	2664
#F3E4E2	48153	8.5	2665
#F3E4E2	48153.5	9	2665
#F3E4E2	48154	8.5	2665
#F3E4E2	48153.5	8	2665
#EFDBD8	48153.5	9	2666
#EFDBD8	48154	9.5	2666
#EFDBD8	48154.5	9	2666
#EFDBD8	48154	8.5	2666
#E3C3BF	48154	9.5	2667
#E3C3BF	48154.5	10	2667
#E3C3BF	48155	9.5	2667
#E3C3BF	48154.5	9	2667
#F2E1DF	48154.5	10	2668
#F2E1DF	48155	10.5	2668
#F2E1DF	48155.5	10	2668
#F2E1DF	48155	9.5	2668
#FFFEFE	48155	10.5	2669
#FFFEFE	48155.5	11	2669
#FFFEFE	48156	10.5	2669
#FFFEFE	48155.5	10	2669
#FAF3F2	48155.5	11	2670
#FAF3F2	48156	11.5	2670
#FAF3F2	48156.5	11	2670
#FAF3F2	48156	10.5	2670
#F5E8E6	48156	11.5	2671
#F5E8E6	48156.5	12	2671
#F5E8E6	48157	11.5	2671
#F5E8E6	48156.5	11	2671
#F1E0DD	48156.5	12	2672
#F1E0DD	48157	12.5	2672
#F1E0DD	48157.5	12	2672
#F1E0DD	48157	11.5	2672
#EDD6D3	48157	12.5	2673
#EDD6D3	48157.5	13	2673
#EDD6D3	48158	12.5	2673
#EDD6D3	48157.5	12	2673
#E4C4C0	48157.5	13	2674
#E4C4C0	48158	13.5	2674
#E4C4C0	48158.5	13	2674
#E4C4C0	48158	12.5	2674
#EAD0CC	48158	13.5	2675
#EAD0CC	48158.5	14	2675
#EAD0CC	48159	13.5	2675
#EAD0CC	48158.5	13	2675
#F2E2E0	48158.5	14	2676
#F2E2E0	48159	14.5	2676
#F2E2E0	48159.5	14	2676
#F2E2E0	48159	13.5	2676
#EAD2CE	48159	14.5	2677
#EAD2CE	48159.5	15	2677
#EAD2CE	48160	14.5	2677
#EAD2CE	48159.5	14	2677
#F4E6E4	48159.5	15	2678
#F4E6E4	48160	15.5	2678
#F4E6E4	48160.5	15	2678
#F4E6E4	48160	14.5	2678
#F6EBEA	48160	15.5	2679
#F6EBEA	48160.5	16	2679
#F6EBEA	48161	15.5	2679
#F6EBEA	48160.5	15	2679
#ECD4D1	48160.5	16	2680
#ECD4D1	48161	16.5	2680
#ECD4D1	48161.5	16	2680
#ECD4D1	48161	15.5	2680
#F0DCDA	48161	16.5	2681
#F0DCDA	48161.5	17	2681
#F0DCDA	48162	16.5	2681
#F0DCDA	48161.5	16	2681
#F9F0EF	48161.5	17	2682
#F9F0EF	48162	17.5	2682
#F9F0EF	48162.5	17	2682
#F9F0EF	48162	16.5	2682
#F4E6E4	48162	17.5	2683
#F4E6E4	48162.5	18	2683
#F4E6E4	48163	17.5	2683
#F4E6E4	48162.5	17	2683
#F8F0EF	48162.5	18	2684
#F8F0EF	48163	18.5	2684
#F8F0EF	48163.5	18	2684
#F8F0EF	48163	17.5	2684
#F8EEED	48163	18.5	2685
#F8EEED	48163.5	19	2685
#F8EEED	48164	18.5	2685
#F8EEED	48163.5	18	2685
#FCF8F7	48163.5	19	2686
#FCF8F7	48164	19.5	2686
#FCF8F7	48164.5	19	2686
#FCF8F7	48164	18.5	2686
#FAF4F3	48164	19.5	2687
#FAF4F3	48164.5	20	2687
#FAF4F3	48165	19.5	2687
#FAF4F3	48164.5	19	2687
#F7EDEC	48164.5	20	2688
#F7EDEC	48165	20.5	2688
#F7EDEC	48165.5	20	2688
#F7EDEC	48165	19.5	2688
#FEFDFD	48165	20.5	2689
#FEFDFD	48165.5	21	2689
#FEFDFD	48166	20.5	2689
#FEFDFD	48165.5	20	2689
#FBF7F6	48165.5	21	2690
#FBF7F6	48166	21.5	2690
#FBF7F6	48166.5	21	2690
#FBF7F6	48166	20.5	2690
#FFFEFE	48166	21.5	2691
#FFFEFE	48166.5	22	2691
#FFFEFE	48167	21.5	2691
#FFFEFE	48166.5	21	2691
#FDFAF9	48166.5	22	2692
#FDFAF9	48167	22.5	2692
#FDFAF9	48167.5	22	2692
#FDFAF9	48167	21.5	2692
#FDFAFA	48167	22.5	2693
#FDFAFA	48167.5	23	2693
#FDFAFA	48168	22.5	2693
#FDFAFA	48167.5	22	2693
#FFFFFF	48167.5	23	2694
#FFFFFF	48168	23.5	2694
#FFFFFF	48168.5	23	2694
#FFFFFF	48168	22.5	2694
#FEFCFB	48168	23.5	2695
#FEFCFB	48168.5	24	2695
#FEFCFB	48169	23.5	2695
#FEFCFB	48168.5	23	2695
#FBF6F6	48168.5	24	2696
#FBF6F6	48169	24.5	2696
#FBF6F6	48169.5	24	2696
#FBF6F6	48169	23.5	2696
#F9F2F1	48169	24.5	2697
#F9F2F1	48169.5	25	2697
#F9F2F1	48170	24.5	2697
#F9F2F1	48169.5	24	2697
#B57069	48145.5	0	2698
#B57069	48146	0.5	2698
#B57069	48146.5	0	2698
#B57069	48146	-0.5	2698
#DCB5B0	48146	0.5	2699
#DCB5B0	48146.5	1	2699
#DCB5B0	48147	0.5	2699
#DCB5B0	48146.5	0	2699
#E3C2BE	48146.5	1	2700
#E3C2BE	48147	1.5	2700
#E3C2BE	48147.5	1	2700
#E3C2BE	48147	0.5	2700
#F2E2E0	48147	1.5	2701
#F2E2E0	48147.5	2	2701
#F2E2E0	48148	1.5	2701
#F2E2E0	48147.5	1	2701
#DFBAB5	48147.5	2	2702
#DFBAB5	48148	2.5	2702
#DFBAB5	48148.5	2	2702
#DFBAB5	48148	1.5	2702
#EAD0CC	48148	2.5	2703
#EAD0CC	48148.5	3	2703
#EAD0CC	48149	2.5	2703
#EAD0CC	48148.5	2	2703
#F2E3E0	48148.5	3	2704
#F2E3E0	48149	3.5	2704
#F2E3E0	48149.5	3	2704
#F2E3E0	48149	2.5	2704
#FAF4F3	48149	3.5	2705
#FAF4F3	48149.5	4	2705
#FAF4F3	48150	3.5	2705
#FAF4F3	48149.5	3	2705
#E3C4BF	48149.5	4	2706
#E3C4BF	48150	4.5	2706
#E3C4BF	48150.5	4	2706
#E3C4BF	48150	3.5	2706
#E7CBC7	48150	4.5	2707
#E7CBC7	48150.5	5	2707
#E7CBC7	48151	4.5	2707
#E7CBC7	48150.5	4	2707
#F6EAE8	48150.5	5	2708
#F6EAE8	48151	5.5	2708
#F6EAE8	48151.5	5	2708
#F6EAE8	48151	4.5	2708
#F8F0EF	48151	5.5	2709
#F8F0EF	48151.5	6	2709
#F8F0EF	48152	5.5	2709
#F8F0EF	48151.5	5	2709
#FDFBFA	48151.5	6	2710
#FDFBFA	48152	6.5	2710
#FDFBFA	48152.5	6	2710
#FDFBFA	48152	5.5	2710
#ECD4D1	48152	6.5	2711
#ECD4D1	48152.5	7	2711
#ECD4D1	48153	6.5	2711
#ECD4D1	48152.5	6	2711
#E3C3BF	48152.5	7	2712
#E3C3BF	48153	7.5	2712
#E3C3BF	48153.5	7	2712
#E3C3BF	48153	6.5	2712
#E7CAC6	48153	7.5	2713
#E7CAC6	48153.5	8	2713
#E7CAC6	48154	7.5	2713
#E7CAC6	48153.5	7	2713
#E4C4C0	48153.5	8	2714
#E4C4C0	48154	8.5	2714
#E4C4C0	48154.5	8	2714
#E4C4C0	48154	7.5	2714
#EFDBD9	48154	8.5	2715
#EFDBD9	48154.5	9	2715
#EFDBD9	48155	8.5	2715
#EFDBD9	48154.5	8	2715
#EDD7D4	48154.5	9	2716
#EDD7D4	48155	9.5	2716
#EDD7D4	48155.5	9	2716
#EDD7D4	48155	8.5	2716
#F0DEDC	48155	9.5	2717
#F0DEDC	48155.5	10	2717
#F0DEDC	48156	9.5	2717
#F0DEDC	48155.5	9	2717
#FDFAF9	48155.5	10	2718
#FDFAF9	48156	10.5	2718
#FDFAF9	48156.5	10	2718
#FDFAF9	48156	9.5	2718
#EAD0CD	48156	10.5	2719
#EAD0CD	48156.5	11	2719
#EAD0CD	48157	10.5	2719
#EAD0CD	48156.5	10	2719
#F3E4E1	48156.5	11	2720
#F3E4E1	48157	11.5	2720
#F3E4E1	48157.5	11	2720
#F3E4E1	48157	10.5	2720
#E8CDCA	48157	11.5	2721
#E8CDCA	48157.5	12	2721
#E8CDCA	48158	11.5	2721
#E8CDCA	48157.5	11	2721
#EDD6D3	48157.5	12	2722
#EDD6D3	48158	12.5	2722
#EDD6D3	48158.5	12	2722
#EDD6D3	48158	11.5	2722
#F0DDDB	48158	12.5	2723
#F0DDDB	48158.5	13	2723
#F0DDDB	48159	12.5	2723
#F0DDDB	48158.5	12	2723
#E2C0BC	48158.5	13	2724
#E2C0BC	48159	13.5	2724
#E2C0BC	48159.5	13	2724
#E2C0BC	48159	12.5	2724
#DBB3AE	48159	13.5	2725
#DBB3AE	48159.5	14	2725
#DBB3AE	48160	13.5	2725
#DBB3AE	48159.5	13	2725
#E7CAC6	48159.5	14	2726
#E7CAC6	48160	14.5	2726
#E7CAC6	48160.5	14	2726
#E7CAC6	48160	13.5	2726
#ECD4D1	48160	14.5	2727
#ECD4D1	48160.5	15	2727
#ECD4D1	48161	14.5	2727
#ECD4D1	48160.5	14	2727
#F2E2DF	48160.5	15	2728
#F2E2DF	48161	15.5	2728
#F2E2DF	48161.5	15	2728
#F2E2DF	48161	14.5	2728
#F3E3E1	48161	15.5	2729
#F3E3E1	48161.5	16	2729
#F3E3E1	48162	15.5	2729
#F3E3E1	48161.5	15	2729
#E3C2BE	48161.5	16	2730
#E3C2BE	48162	16.5	2730
#E3C2BE	48162.5	16	2730
#E3C2BE	48162	15.5	2730
#F1DFDD	48162	16.5	2731
#F1DFDD	48162.5	17	2731
#F1DFDD	48163	16.5	2731
#F1DFDD	48162.5	16	2731
#E9D0CC	48162.5	17	2732
#E9D0CC	48163	17.5	2732
#E9D0CC	48163.5	17	2732
#E9D0CC	48163	16.5	2732
#EFDCDA	48163	17.5	2733
#EFDCDA	48163.5	18	2733
#EFDCDA	48164	17.5	2733
#EFDCDA	48163.5	17	2733
#F3E5E3	48163.5	18	2734
#F3E5E3	48164	18.5	2734
#F3E5E3	48164.5	18	2734
#F3E5E3	48164	17.5	2734
#F5E9E8	48164	18.5	2735
#F5E9E8	48164.5	19	2735
#F5E9E8	48165	18.5	2735
#F5E9E8	48164.5	18	2735
#FBF7F6	48164.5	19	2736
#FBF7F6	48165	19.5	2736
#FBF7F6	48165.5	19	2736
#FBF7F6	48165	18.5	2736
#FAF4F3	48165	19.5	2737
#FAF4F3	48165.5	20	2737
#FAF4F3	48166	19.5	2737
#FAF4F3	48165.5	19	2737
#FFFEFF	48165.5	20	2738
#FFFEFF	48166	20.5	2738
#FFFEFF	48166.5	20	2738
#FFFEFF	48166	19.5	2738
#FCF8F8	48166	20.5	2739
#FCF8F8	48166.5	21	2739
#FCF8F8	48167	20.5	2739
#FCF8F8	48166.5	20	2739
#F9F2F1	48166.5	21	2740
#F9F2F1	48167	21.5	2740
#F9F2F1	48167.5	21	2740
#F9F2F1	48167	20.5	2740
#FDFAF9	48167	21.5	2741
#FDFAF9	48167.5	22	2741
#FDFAF9	48168	21.5	2741
#FDFAF9	48167.5	21	2741
#FFFFFF	48167.5	22	2742
#FFFFFF	48168	22.5	2742
#FFFFFF	48168.5	22	2742
#FFFFFF	48168	21.5	2742
#FBFBFD	48168	22.5	2743
#FBFBFD	48168.5	23	2743
#FBFBFD	48169	22.5	2743
#FBFBFD	48168.5	22	2743
#FCF7F7	48168.5	23	2744
#FCF7F7	48169	23.5	2744
#FCF7F7	48169.5	23	2744
#FCF7F7	48169	22.5	2744
#FEFEFE	48169	23.5	2745
#FEFEFE	48169.5	24	2745
#FEFEFE	48170	23.5	2745
#FEFEFE	48169.5	23	2745
#FDFAFA	48169.5	24	2746
#FDFAFA	48170	24.5	2746
#FDFAFA	48170.5	24	2746
#FDFAFA	48170	23.5	2746
#FFFFFF	48170	24.5	2747
#FFFFFF	48170.5	25	2747
#FFFFFF	48171	24.5	2747
#FFFFFF	48170.5	24	2747
#B8766F	48146.5	0	2748
#B8766F	48147	0.5	2748
#B8766F	48147.5	0	2748
#B8766F	48147	-0.5	2748
#CF9D97	48147	0.5	2749
#CF9D97	48147.5	1	2749
#CF9D97	48148	0.5	2749
#CF9D97	48147.5	0	2749
#E8CDCA	48147.5	1	2750
#E8CDCA	48148	1.5	2750
#E8CDCA	48148.5	1	2750
#E8CDCA	48148	0.5	2750
#DDB7B2	48148	1.5	2751
#DDB7B2	48148.5	2	2751
#DDB7B2	48149	1.5	2751
#DDB7B2	48148.5	1	2751
#E9CECB	48148.5	2	2752
#E9CECB	48149	2.5	2752
#E9CECB	48149.5	2	2752
#E9CECB	48149	1.5	2752
#EFDBD9	48149	2.5	2753
#EFDBD9	48149.5	3	2753
#EFDBD9	48150	2.5	2753
#EFDBD9	48149.5	2	2753
#F8EEED	48149.5	3	2754
#F8EEED	48150	3.5	2754
#F8EEED	48150.5	3	2754
#F8EEED	48150	2.5	2754
#E5C7C3	48150	3.5	2755
#E5C7C3	48150.5	4	2755
#E5C7C3	48151	3.5	2755
#E5C7C3	48150.5	3	2755
#E7CAC7	48150.5	4	2756
#E7CAC7	48151	4.5	2756
#E7CAC7	48151.5	4	2756
#E7CAC7	48151	3.5	2756
#F6EBE9	48151	4.5	2757
#F6EBE9	48151.5	5	2757
#F6EBE9	48152	4.5	2757
#F6EBE9	48151.5	4	2757
#FDFAF9	48151.5	5	2758
#FDFAF9	48152	5.5	2758
#FDFAF9	48152.5	5	2758
#FDFAF9	48152	4.5	2758
#FFFFFF	48152	5.5	2759
#FFFFFF	48152.5	6	2759
#FFFFFF	48153	5.5	2759
#FFFFFF	48152.5	5	2759
#F2E2DF	48152.5	6	2760
#F2E2DF	48153	6.5	2760
#F2E2DF	48153.5	6	2760
#F2E2DF	48153	5.5	2760
#EDD6D3	48153	6.5	2761
#EDD6D3	48153.5	7	2761
#EDD6D3	48154	6.5	2761
#EDD6D3	48153.5	6	2761
#EEDAD7	48153.5	7	2762
#EEDAD7	48154	7.5	2762
#EEDAD7	48154.5	7	2762
#EEDAD7	48154	6.5	2762
#E7CBC7	48154	7.5	2763
#E7CBC7	48154.5	8	2763
#E7CBC7	48155	7.5	2763
#E7CBC7	48154.5	7	2763
#E5C7C3	48154.5	8	2764
#E5C7C3	48155	8.5	2764
#E5C7C3	48155.5	8	2764
#E5C7C3	48155	7.5	2764
#EEDAD7	48155	8.5	2765
#EEDAD7	48155.5	9	2765
#EEDAD7	48156	8.5	2765
#EEDAD7	48155.5	8	2765
#F3E4E2	48155.5	9	2766
#F3E4E2	48156	9.5	2766
#F3E4E2	48156.5	9	2766
#F3E4E2	48156	8.5	2766
#FBF5F4	48156	9.5	2767
#FBF5F4	48156.5	10	2767
#FBF5F4	48157	9.5	2767
#FBF5F4	48156.5	9	2767
#EDD8D5	48156.5	10	2768
#EDD8D5	48157	10.5	2768
#EDD8D5	48157.5	10	2768
#EDD8D5	48157	9.5	2768
#F7ECEA	48157	10.5	2769
#F7ECEA	48157.5	11	2769
#F7ECEA	48158	10.5	2769
#F7ECEA	48157.5	10	2769
#EFDAD8	48157.5	11	2770
#EFDAD8	48158	11.5	2770
#EFDAD8	48158.5	11	2770
#EFDAD8	48158	10.5	2770
#EED9D6	48158	11.5	2771
#EED9D6	48158.5	12	2771
#EED9D6	48159	11.5	2771
#EED9D6	48158.5	11	2771
#E5C6C2	48158.5	12	2772
#E5C6C2	48159	12.5	2772
#E5C6C2	48159.5	12	2772
#E5C6C2	48159	11.5	2772
#EBD2CF	48159	12.5	2773
#EBD2CF	48159.5	13	2773
#EBD2CF	48160	12.5	2773
#EBD2CF	48159.5	12	2773
#F7EEEC	48159.5	13	2774
#F7EEEC	48160	13.5	2774
#F7EEEC	48160.5	13	2774
#F7EEEC	48160	12.5	2774
#EBD3D0	48160	13.5	2775
#EBD3D0	48160.5	14	2775
#EBD3D0	48161	13.5	2775
#EBD3D0	48160.5	13	2775
#EED9D6	48160.5	14	2776
#EED9D6	48161	14.5	2776
#EED9D6	48161.5	14	2776
#EED9D6	48161	13.5	2776
#FCF7F7	48161	14.5	2777
#FCF7F7	48161.5	15	2777
#FCF7F7	48162	14.5	2777
#FCF7F7	48161.5	14	2777
#FAF3F2	48161.5	15	2778
#FAF3F2	48162	15.5	2778
#FAF3F2	48162.5	15	2778
#FAF3F2	48162	14.5	2778
#E8CCC8	48162	15.5	2779
#E8CCC8	48162.5	16	2779
#E8CCC8	48163	15.5	2779
#E8CCC8	48162.5	15	2779
#F4E7E5	48162.5	16	2780
#F4E7E5	48163	16.5	2780
#F4E7E5	48163.5	16	2780
#F4E7E5	48163	15.5	2780
#F4E5E3	48163	16.5	2781
#F4E5E3	48163.5	17	2781
#F4E5E3	48164	16.5	2781
#F4E5E3	48163.5	16	2781
#EBD4D1	48163.5	17	2782
#EBD4D1	48164	17.5	2782
#EBD4D1	48164.5	17	2782
#EBD4D1	48164	16.5	2782
#EAD1CD	48164	17.5	2783
#EAD1CD	48164.5	18	2783
#EAD1CD	48165	17.5	2783
#EAD1CD	48164.5	17	2783
#F7EEEC	48164.5	18	2784
#F7EEEC	48165	18.5	2784
#F7EEEC	48165.5	18	2784
#F7EEEC	48165	17.5	2784
#FAF3F2	48165	18.5	2785
#FAF3F2	48165.5	19	2785
#FAF3F2	48166	18.5	2785
#FAF3F2	48165.5	18	2785
#FEFDFD	48165.5	19	2786
#FEFDFD	48166	19.5	2786
#FEFDFD	48166.5	19	2786
#FEFDFD	48166	18.5	2786
#F9F0EF	48166	19.5	2787
#F9F0EF	48166.5	20	2787
#F9F0EF	48167	19.5	2787
#F9F0EF	48166.5	19	2787
#FFFEFE	48166.5	20	2788
#FFFEFE	48167	20.5	2788
#FFFEFE	48167.5	20	2788
#FFFEFE	48167	19.5	2788
#FAF3F2	48167	20.5	2789
#FAF3F2	48167.5	21	2789
#FAF3F2	48168	20.5	2789
#FAF3F2	48167.5	20	2789
#FBF6F6	48167.5	21	2790
#FBF6F6	48168	21.5	2790
#FBF6F6	48168.5	21	2790
#FBF6F6	48168	20.5	2790
#FDFBFB	48168	21.5	2791
#FDFBFB	48168.5	22	2791
#FDFBFB	48169	21.5	2791
#FDFBFB	48168.5	21	2791
#FFFFFF	48168.5	22	2792
#FFFFFF	48169	22.5	2792
#FFFFFF	48169.5	22	2792
#FFFFFF	48169	21.5	2792
#FEFEFF	48169	22.5	2793
#FEFEFF	48169.5	23	2793
#FEFEFF	48170	22.5	2793
#FEFEFF	48169.5	22	2793
#FCF8F8	48169.5	23	2794
#FCF8F8	48170	23.5	2794
#FCF8F8	48170.5	23	2794
#FCF8F8	48170	22.5	2794
#F9F1F0	48170	23.5	2795
#F9F1F0	48170.5	24	2795
#F9F1F0	48171	23.5	2795
#F9F1F0	48170.5	23	2795
#FBF5F5	48170.5	24	2796
#FBF5F5	48171	24.5	2796
#FBF5F5	48171.5	24	2796
#FBF5F5	48171	23.5	2796
#FEFDFD	48171	24.5	2797
#FEFDFD	48171.5	25	2797
#FEFDFD	48172	24.5	2797
#FEFDFD	48171.5	24	2797
#B5716A	48147.5	0	2798
#B5716A	48148	0.5	2798
#B5716A	48148.5	0	2798
#B5716A	48148	-0.5	2798
#CA938D	48148	0.5	2799
#CA938D	48148.5	1	2799
#CA938D	48149	0.5	2799
#CA938D	48148.5	0	2799
#DCB4AF	48148.5	1	2800
#DCB4AF	48149	1.5	2800
#DCB4AF	48149.5	1	2800
#DCB4AF	48149	0.5	2800
#DFBBB6	48149	1.5	2801
#DFBBB6	48149.5	2	2801
#DFBBB6	48150	1.5	2801
#DFBBB6	48149.5	1	2801
#DEB9B4	48149.5	2	2802
#DEB9B4	48150	2.5	2802
#DEB9B4	48150.5	2	2802
#DEB9B4	48150	1.5	2802
#E9CFCB	48150	2.5	2803
#E9CFCB	48150.5	3	2803
#E9CFCB	48151	2.5	2803
#E9CFCB	48150.5	2	2803
#DFBBB7	48150.5	3	2804
#DFBBB7	48151	3.5	2804
#DFBBB7	48151.5	3	2804
#DFBBB7	48151	2.5	2804
#E2C0BC	48151	3.5	2805
#E2C0BC	48151.5	4	2805
#E2C0BC	48152	3.5	2805
#E2C0BC	48151.5	3	2805
#F3E4E2	48151.5	4	2806
#F3E4E2	48152	4.5	2806
#F3E4E2	48152.5	4	2806
#F3E4E2	48152	3.5	2806
#ECD5D2	48152	4.5	2807
#ECD5D2	48152.5	5	2807
#ECD5D2	48153	4.5	2807
#ECD5D2	48152.5	4	2807
#FFFFFF	48152.5	5	2808
#FFFFFF	48153	5.5	2808
#FFFFFF	48153.5	5	2808
#FFFFFF	48153	4.5	2808
#EDD8D5	48153	5.5	2809
#EDD8D5	48153.5	6	2809
#EDD8D5	48154	5.5	2809
#EDD8D5	48153.5	5	2809
#F8F0EF	48153.5	6	2810
#F8F0EF	48154	6.5	2810
#F8F0EF	48154.5	6	2810
#F8F0EF	48154	5.5	2810
#FAF3F2	48154	6.5	2811
#FAF3F2	48154.5	7	2811
#FAF3F2	48155	6.5	2811
#FAF3F2	48154.5	6	2811
#EAD0CD	48154.5	7	2812
#EAD0CD	48155	7.5	2812
#EAD0CD	48155.5	7	2812
#EAD0CD	48155	6.5	2812
#FBF5F4	48155	7.5	2813
#FBF5F4	48155.5	8	2813
#FBF5F4	48156	7.5	2813
#FBF5F4	48155.5	7	2813
#FCF9F9	48155.5	8	2814
#FCF9F9	48156	8.5	2814
#FCF9F9	48156.5	8	2814
#FCF9F9	48156	7.5	2814
#E7CBC8	48156	8.5	2815
#E7CBC8	48156.5	9	2815
#E7CBC8	48157	8.5	2815
#E7CBC8	48156.5	8	2815
#F9F1F0	48156.5	9	2816
#F9F1F0	48157	9.5	2816
#F9F1F0	48157.5	9	2816
#F9F1F0	48157	8.5	2816
#E8CCC8	48157	9.5	2817
#E8CCC8	48157.5	10	2817
#E8CCC8	48158	9.5	2817
#E8CCC8	48157.5	9	2817
#F3E4E2	48157.5	10	2818
#F3E4E2	48158	10.5	2818
#F3E4E2	48158.5	10	2818
#F3E4E2	48158	9.5	2818
#F8EFEE	48158	10.5	2819
#F8EFEE	48158.5	11	2819
#F8EFEE	48159	10.5	2819
#F8EFEE	48158.5	10	2819
#EBD2CF	48158.5	11	2820
#EBD2CF	48159	11.5	2820
#EBD2CF	48159.5	11	2820
#EBD2CF	48159	10.5	2820
#F0DDDB	48159	11.5	2821
#F0DDDB	48159.5	12	2821
#F0DDDB	48160	11.5	2821
#F0DDDB	48159.5	11	2821
#F3E4E2	48159.5	12	2822
#F3E4E2	48160	12.5	2822
#F3E4E2	48160.5	12	2822
#F3E4E2	48160	11.5	2822
#FAF4F4	48160	12.5	2823
#FAF4F4	48160.5	13	2823
#FAF4F4	48161	12.5	2823
#FAF4F4	48160.5	12	2823
#F3E3E1	48160.5	13	2824
#F3E3E1	48161	13.5	2824
#F3E3E1	48161.5	13	2824
#F3E3E1	48161	12.5	2824
#E3C2BD	48161	13.5	2825
#E3C2BD	48161.5	14	2825
#E3C2BD	48162	13.5	2825
#E3C2BD	48161.5	13	2825
#F6ECEA	48161.5	14	2826
#F6ECEA	48162	14.5	2826
#F6ECEA	48162.5	14	2826
#F6ECEA	48162	13.5	2826
#EFDBD8	48162	14.5	2827
#EFDBD8	48162.5	15	2827
#EFDBD8	48163	14.5	2827
#EFDBD8	48162.5	14	2827
#ECD4D1	48162.5	15	2828
#ECD4D1	48163	15.5	2828
#ECD4D1	48163.5	15	2828
#ECD4D1	48163	14.5	2828
#F0DDDA	48163	15.5	2829
#F0DDDA	48163.5	16	2829
#F0DDDA	48164	15.5	2829
#F0DDDA	48163.5	15	2829
#E5C6C2	48163.5	16	2830
#E5C6C2	48164	16.5	2830
#E5C6C2	48164.5	16	2830
#E5C6C2	48164	15.5	2830
#E9CFCB	48164	16.5	2831
#E9CFCB	48164.5	17	2831
#E9CFCB	48165	16.5	2831
#E9CFCB	48164.5	16	2831
#DCB6B1	48164.5	17	2832
#DCB6B1	48165	17.5	2832
#DCB6B1	48165.5	17	2832
#DCB6B1	48165	16.5	2832
#F6EBE9	48165	17.5	2833
#F6EBE9	48165.5	18	2833
#F6EBE9	48166	17.5	2833
#F6EBE9	48165.5	17	2833
#F7ECEB	48165.5	18	2834
#F7ECEB	48166	18.5	2834
#F7ECEB	48166.5	18	2834
#F7ECEB	48166	17.5	2834
#FEFCFC	48166	18.5	2835
#FEFCFC	48166.5	19	2835
#FEFCFC	48167	18.5	2835
#FEFCFC	48166.5	18	2835
#F9F2F1	48166.5	19	2836
#F9F2F1	48167	19.5	2836
#F9F2F1	48167.5	19	2836
#F9F2F1	48167	18.5	2836
#FDFAFA	48167	19.5	2837
#FDFAFA	48167.5	20	2837
#FDFAFA	48168	19.5	2837
#FDFAFA	48167.5	19	2837
#F6EAE9	48167.5	20	2838
#F6EAE9	48168	20.5	2838
#F6EAE9	48168.5	20	2838
#F6EAE9	48168	19.5	2838
#FCF9F8	48168	20.5	2839
#FCF9F8	48168.5	21	2839
#FCF9F8	48169	20.5	2839
#FCF9F8	48168.5	20	2839
#F8EEED	48168.5	21	2840
#F8EEED	48169	21.5	2840
#F8EEED	48169.5	21	2840
#F8EEED	48169	20.5	2840
#FCF8F7	48169	21.5	2841
#FCF8F7	48169.5	22	2841
#FCF8F7	48170	21.5	2841
#FCF8F7	48169.5	21	2841
#FBF5F4	48169.5	22	2842
#FBF5F4	48170	22.5	2842
#FBF5F4	48170.5	22	2842
#FBF5F4	48170	21.5	2842
#F8EEED	48170	22.5	2843
#F8EEED	48170.5	23	2843
#F8EEED	48171	22.5	2843
#F8EEED	48170.5	22	2843
#FBF5F5	48170.5	23	2844
#FBF5F5	48171	23.5	2844
#FBF5F5	48171.5	23	2844
#FBF5F5	48171	22.5	2844
#F7EDEC	48171	23.5	2845
#F7EDEC	48171.5	24	2845
#F7EDEC	48172	23.5	2845
#F7EDEC	48171.5	23	2845
#FFFEFE	48171.5	24	2846
#FFFEFE	48172	24.5	2846
#FFFEFE	48172.5	24	2846
#FFFEFE	48172	23.5	2846
#FCF8F7	48172	24.5	2847
#FCF8F7	48172.5	25	2847
#FCF8F7	48173	24.5	2847
#FCF8F7	48172.5	24	2847
#B16B63	48148.5	0	2848
#B16B63	48149	0.5	2848
#B16B63	48149.5	0	2848
#B16B63	48149	-0.5	2848
#D2A29C	48149	0.5	2849
#D2A29C	48149.5	1	2849
#D2A29C	48150	0.5	2849
#D2A29C	48149.5	0	2849
#E7CBC7	48149.5	1	2850
#E7CBC7	48150	1.5	2850
#E7CBC7	48150.5	1	2850
#E7CBC7	48150	0.5	2850
#E8CECA	48150	1.5	2851
#E8CECA	48150.5	2	2851
#E8CECA	48151	1.5	2851
#E8CECA	48150.5	1	2851
#EFDBD9	48150.5	2	2852
#EFDBD9	48151	2.5	2852
#EFDBD9	48151.5	2	2852
#EFDBD9	48151	1.5	2852
#DFBAB5	48151	2.5	2853
#DFBAB5	48151.5	3	2853
#DFBAB5	48152	2.5	2853
#DFBAB5	48151.5	2	2853
#E6C9C5	48151.5	3	2854
#E6C9C5	48152	3.5	2854
#E6C9C5	48152.5	3	2854
#E6C9C5	48152	2.5	2854
#FBF5F5	48152	3.5	2855
#FBF5F5	48152.5	4	2855
#FBF5F5	48153	3.5	2855
#FBF5F5	48152.5	3	2855
#FCF9F8	48152.5	4	2856
#FCF9F8	48153	4.5	2856
#FCF9F8	48153.5	4	2856
#FCF9F8	48153	3.5	2856
#FEFEFE	48153	4.5	2857
#FEFEFE	48153.5	5	2857
#FEFEFE	48154	4.5	2857
#FEFEFE	48153.5	4	2857
#F2E2E0	48153.5	5	2858
#F2E2E0	48154	5.5	2858
#F2E2E0	48154.5	5	2858
#F2E2E0	48154	4.5	2858
#F3E3E1	48154	5.5	2859
#F3E3E1	48154.5	6	2859
#F3E3E1	48155	5.5	2859
#F3E3E1	48154.5	5	2859
#F2E2E0	48154.5	6	2860
#F2E2E0	48155	6.5	2860
#F2E2E0	48155.5	6	2860
#F2E2E0	48155	5.5	2860
#E6C8C4	48155	6.5	2861
#E6C8C4	48155.5	7	2861
#E6C8C4	48156	6.5	2861
#E6C8C4	48155.5	6	2861
#F7ECEA	48155.5	7	2862
#F7ECEA	48156	7.5	2862
#F7ECEA	48156.5	7	2862
#F7ECEA	48156	6.5	2862
#FAF4F4	48156	7.5	2863
#FAF4F4	48156.5	8	2863
#FAF4F4	48157	7.5	2863
#FAF4F4	48156.5	7	2863
#F2E1DF	48156.5	8	2864
#F2E1DF	48157	8.5	2864
#F2E1DF	48157.5	8	2864
#F2E1DF	48157	7.5	2864
#F8EFED	48157	8.5	2865
#F8EFED	48157.5	9	2865
#F8EFED	48158	8.5	2865
#F8EFED	48157.5	8	2865
#FAF4F3	48157.5	9	2866
#FAF4F3	48158	9.5	2866
#FAF4F3	48158.5	9	2866
#FAF4F3	48158	8.5	2866
#FAF4F3	48158	9.5	2867
#FAF4F3	48158.5	10	2867
#FAF4F3	48159	9.5	2867
#FAF4F3	48158.5	9	2867
#F3E3E1	48158.5	10	2868
#F3E3E1	48159	10.5	2868
#F3E3E1	48159.5	10	2868
#F3E3E1	48159	9.5	2868
#F9F0EF	48159	10.5	2869
#F9F0EF	48159.5	11	2869
#F9F0EF	48160	10.5	2869
#F9F0EF	48159.5	10	2869
#EBD4D0	48159.5	11	2870
#EBD4D0	48160	11.5	2870
#EBD4D0	48160.5	11	2870
#EBD4D0	48160	10.5	2870
#FAF4F3	48160	11.5	2871
#FAF4F3	48160.5	12	2871
#FAF4F3	48161	11.5	2871
#FAF4F3	48160.5	11	2871
#F4E7E5	48160.5	12	2872
#F4E7E5	48161	12.5	2872
#F4E7E5	48161.5	12	2872
#F4E7E5	48161	11.5	2872
#F4E6E5	48161	12.5	2873
#F4E6E5	48161.5	13	2873
#F4E6E5	48162	12.5	2873
#F4E6E5	48161.5	12	2873
#ECD5D3	48161.5	13	2874
#ECD5D3	48162	13.5	2874
#ECD5D3	48162.5	13	2874
#ECD5D3	48162	12.5	2874
#FCF8F8	48162	13.5	2875
#FCF8F8	48162.5	14	2875
#FCF8F8	48163	13.5	2875
#FCF8F8	48162.5	13	2875
#F8F0EE	48162.5	14	2876
#F8F0EE	48163	14.5	2876
#F8F0EE	48163.5	14	2876
#F8F0EE	48163	13.5	2876
#F4E5E3	48163	14.5	2877
#F4E5E3	48163.5	15	2877
#F4E5E3	48164	14.5	2877
#F4E5E3	48163.5	14	2877
#F2E2E0	48163.5	15	2878
#F2E2E0	48164	15.5	2878
#F2E2E0	48164.5	15	2878
#F2E2E0	48164	14.5	2878
#F8F0EF	48164	15.5	2879
#F8F0EF	48164.5	16	2879
#F8F0EF	48165	15.5	2879
#F8F0EF	48164.5	15	2879
#F5E9E7	48164.5	16	2880
#F5E9E7	48165	16.5	2880
#F5E9E7	48165.5	16	2880
#F5E9E7	48165	15.5	2880
#EBD3D0	48165	16.5	2881
#EBD3D0	48165.5	17	2881
#EBD3D0	48166	16.5	2881
#EBD3D0	48165.5	16	2881
#F8EFEE	48165.5	17	2882
#F8EFEE	48166	17.5	2882
#F8EFEE	48166.5	17	2882
#F8EFEE	48166	16.5	2882
#FDFBFA	48166	17.5	2883
#FDFBFA	48166.5	18	2883
#FDFBFA	48167	17.5	2883
#FDFBFA	48166.5	17	2883
#F3E5E3	48166.5	18	2884
#F3E5E3	48167	18.5	2884
#F3E5E3	48167.5	18	2884
#F3E5E3	48167	17.5	2884
#FBF6F5	48167	18.5	2885
#FBF6F5	48167.5	19	2885
#FBF6F5	48168	18.5	2885
#FBF6F5	48167.5	18	2885
#FDFAF9	48167.5	19	2886
#FDFAF9	48168	19.5	2886
#FDFAF9	48168.5	19	2886
#FDFAF9	48168	18.5	2886
#FAF4F3	48168	19.5	2887
#FAF4F3	48168.5	20	2887
#FAF4F3	48169	19.5	2887
#FAF4F3	48168.5	19	2887
#F7EEEC	48168.5	20	2888
#F7EEEC	48169	20.5	2888
#F7EEEC	48169.5	20	2888
#F7EEEC	48169	19.5	2888
#FEFEFF	48169	20.5	2889
#FEFEFF	48169.5	21	2889
#FEFEFF	48170	20.5	2889
#FEFEFF	48169.5	20	2889
#FBF5F4	48169.5	21	2890
#FBF5F4	48170	21.5	2890
#FBF5F4	48170.5	21	2890
#FBF5F4	48170	20.5	2890
#FBF5F4	48170	21.5	2891
#FBF5F4	48170.5	22	2891
#FBF5F4	48171	21.5	2891
#FBF5F4	48170.5	21	2891
#FDFBFB	48170.5	22	2892
#FDFBFB	48171	22.5	2892
#FDFBFB	48171.5	22	2892
#FDFBFB	48171	21.5	2892
#FCF7F6	48171	22.5	2893
#FCF7F6	48171.5	23	2893
#FCF7F6	48172	22.5	2893
#FCF7F6	48171.5	22	2893
#FCF7F7	48171.5	23	2894
#FCF7F7	48172	23.5	2894
#FCF7F7	48172.5	23	2894
#FCF7F7	48172	22.5	2894
#FDFAF9	48172	23.5	2895
#FDFAF9	48172.5	24	2895
#FDFAF9	48173	23.5	2895
#FDFAF9	48172.5	23	2895
#FAF4F4	48172.5	24	2896
#FAF4F4	48173	24.5	2896
#FAF4F4	48173.5	24	2896
#FAF4F4	48173	23.5	2896
#FDFBFB	48173	24.5	2897
#FDFBFB	48173.5	25	2897
#FDFBFB	48174	24.5	2897
#FDFBFB	48173.5	24	2897
#994640	48149.5	0	2898
#994640	48150	0.5	2898
#994640	48150.5	0	2898
#994640	48150	-0.5	2898
#DDB7B2	48150	0.5	2899
#DDB7B2	48150.5	1	2899
#DDB7B2	48151	0.5	2899
#DDB7B2	48150.5	0	2899
#E7CAC7	48150.5	1	2900
#E7CAC7	48151	1.5	2900
#E7CAC7	48151.5	1	2900
#E7CAC7	48151	0.5	2900
#E3C3BF	48151	1.5	2901
#E3C3BF	48151.5	2	2901
#E3C3BF	48152	1.5	2901
#E3C3BF	48151.5	1	2901
#BD7E77	48151.5	2	2902
#BD7E77	48152	2.5	2902
#BD7E77	48152.5	2	2902
#BD7E77	48152	1.5	2902
#E4C4BF	48152	2.5	2903
#E4C4BF	48152.5	3	2903
#E4C4BF	48153	2.5	2903
#E4C4BF	48152.5	2	2903
#F8EFEE	48152.5	3	2904
#F8EFEE	48153	3.5	2904
#F8EFEE	48153.5	3	2904
#F8EFEE	48153	2.5	2904
#FEFEFF	48153	3.5	2905
#FEFEFF	48153.5	4	2905
#FEFEFF	48154	3.5	2905
#FEFEFF	48153.5	3	2905
#F0EEF7	48153.5	4	2906
#F0EEF7	48154	4.5	2906
#F0EEF7	48154.5	4	2906
#F0EEF7	48154	3.5	2906
#F0DEDC	48154	4.5	2907
#F0DEDC	48154.5	5	2907
#F0DEDC	48155	4.5	2907
#F0DEDC	48154.5	4	2907
#DFBBB7	48154.5	5	2908
#DFBBB7	48155	5.5	2908
#DFBBB7	48155.5	5	2908
#DFBBB7	48155	4.5	2908
#F1E0DD	48155	5.5	2909
#F1E0DD	48155.5	6	2909
#F1E0DD	48156	5.5	2909
#F1E0DD	48155.5	5	2909
#EBD3CF	48155.5	6	2910
#EBD3CF	48156	6.5	2910
#EBD3CF	48156.5	6	2910
#EBD3CF	48156	5.5	2910
#F6EAE8	48156	6.5	2911
#F6EAE8	48156.5	7	2911
#F6EAE8	48157	6.5	2911
#F6EAE8	48156.5	6	2911
#FCF8F7	48156.5	7	2912
#FCF8F7	48157	7.5	2912
#FCF8F7	48157.5	7	2912
#FCF8F7	48157	6.5	2912
#FCF7F7	48157	7.5	2913
#FCF7F7	48157.5	8	2913
#FCF7F7	48158	7.5	2913
#FCF7F7	48157.5	7	2913
#FEFDFE	48157.5	8	2914
#FEFDFE	48158	8.5	2914
#FEFDFE	48158.5	8	2914
#FEFDFE	48158	7.5	2914
#F8EEED	48158	8.5	2915
#F8EEED	48158.5	9	2915
#F8EEED	48159	8.5	2915
#F8EEED	48158.5	8	2915
#FAF3F2	48158.5	9	2916
#FAF3F2	48159	9.5	2916
#FAF3F2	48159.5	9	2916
#FAF3F2	48159	8.5	2916
#F6EBEA	48159	9.5	2917
#F6EBEA	48159.5	10	2917
#F6EBEA	48160	9.5	2917
#F6EBEA	48159.5	9	2917
#F8EEED	48159.5	10	2918
#F8EEED	48160	10.5	2918
#F8EEED	48160.5	10	2918
#F8EEED	48160	9.5	2918
#F7EDEB	48160	10.5	2919
#F7EDEB	48160.5	11	2919
#F7EDEB	48161	10.5	2919
#F7EDEB	48160.5	10	2919
#F6ECEA	48160.5	11	2920
#F6ECEA	48161	11.5	2920
#F6ECEA	48161.5	11	2920
#F6ECEA	48161	10.5	2920
#EBD2CF	48161	11.5	2921
#EBD2CF	48161.5	12	2921
#EBD2CF	48162	11.5	2921
#EBD2CF	48161.5	11	2921
#E1BEB9	48161.5	12	2922
#E1BEB9	48162	12.5	2922
#E1BEB9	48162.5	12	2922
#E1BEB9	48162	11.5	2922
#E7CBC7	48162	12.5	2923
#E7CBC7	48162.5	13	2923
#E7CBC7	48163	12.5	2923
#E7CBC7	48162.5	12	2923
#F5E9E7	48162.5	13	2924
#F5E9E7	48163	13.5	2924
#F5E9E7	48163.5	13	2924
#F5E9E7	48163	12.5	2924
#F9F0EF	48163	13.5	2925
#F9F0EF	48163.5	14	2925
#F9F0EF	48164	13.5	2925
#F9F0EF	48163.5	13	2925
#F1DFDD	48163.5	14	2926
#F1DFDD	48164	14.5	2926
#F1DFDD	48164.5	14	2926
#F1DFDD	48164	13.5	2926
#F3E4E2	48164	14.5	2927
#F3E4E2	48164.5	15	2927
#F3E4E2	48165	14.5	2927
#F3E4E2	48164.5	14	2927
#F6EBEA	48164.5	15	2928
#F6EBEA	48165	15.5	2928
#F6EBEA	48165.5	15	2928
#F6EBEA	48165	14.5	2928
#FDF9F9	48165	15.5	2929
#FDF9F9	48165.5	16	2929
#FDF9F9	48166	15.5	2929
#FDF9F9	48165.5	15	2929
#F5E9E7	48165.5	16	2930
#F5E9E7	48166	16.5	2930
#F5E9E7	48166.5	16	2930
#F5E9E7	48166	15.5	2930
#F9F2F1	48166	16.5	2931
#F9F2F1	48166.5	17	2931
#F9F2F1	48167	16.5	2931
#F9F2F1	48166.5	16	2931
#FBF5F4	48166.5	17	2932
#FBF5F4	48167	17.5	2932
#FBF5F4	48167.5	17	2932
#FBF5F4	48167	16.5	2932
#FEFDFD	48167	17.5	2933
#FEFDFD	48167.5	18	2933
#FEFDFD	48168	17.5	2933
#FEFDFD	48167.5	17	2933
#FEFEFE	48167.5	18	2934
#FEFEFE	48168	18.5	2934
#FEFEFE	48168.5	18	2934
#FEFEFE	48168	17.5	2934
#FEFCFC	48168	18.5	2935
#FEFCFC	48168.5	19	2935
#FEFCFC	48169	18.5	2935
#FEFCFC	48168.5	18	2935
#FEFCFC	48168.5	19	2936
#FEFCFC	48169	19.5	2936
#FEFCFC	48169.5	19	2936
#FEFCFC	48169	18.5	2936
#FBF5F5	48169	19.5	2937
#FBF5F5	48169.5	20	2937
#FBF5F5	48170	19.5	2937
#FBF5F5	48169.5	19	2937
#FFFFFF	48169.5	20	2938
#FFFFFF	48170	20.5	2938
#FFFFFF	48170.5	20	2938
#FFFFFF	48170	19.5	2938
#FFFEFE	48170	20.5	2939
#FFFEFE	48170.5	21	2939
#FFFEFE	48171	20.5	2939
#FFFEFE	48170.5	20	2939
#FFFEFE	48170.5	21	2940
#FFFEFE	48171	21.5	2940
#FFFEFE	48171.5	21	2940
#FFFEFE	48171	20.5	2940
#FBF5F4	48171	21.5	2941
#FBF5F4	48171.5	22	2941
#FBF5F4	48172	21.5	2941
#FBF5F4	48171.5	21	2941
#FFFFFF	48171.5	22	2942
#FFFFFF	48172	22.5	2942
#FFFFFF	48172.5	22	2942
#FFFFFF	48172	21.5	2942
#FDFDFE	48172	22.5	2943
#FDFDFE	48172.5	23	2943
#FDFDFE	48173	22.5	2943
#FDFDFE	48172.5	22	2943
#FDFBFB	48172.5	23	2944
#FDFBFB	48173	23.5	2944
#FDFBFB	48173.5	23	2944
#FDFBFB	48173	22.5	2944
#FFFEFE	48173	23.5	2945
#FFFEFE	48173.5	24	2945
#FFFEFE	48174	23.5	2945
#FFFEFE	48173.5	23	2945
#FBF6F6	48173.5	24	2946
#FBF6F6	48174	24.5	2946
#FBF6F6	48174.5	24	2946
#FBF6F6	48174	23.5	2946
#FAF4F4	48174	24.5	2947
#FAF4F4	48174.5	25	2947
#FAF4F4	48175	24.5	2947
#FAF4F4	48174.5	24	2947
#BA7972	48150.5	0	2948
#BA7972	48151	0.5	2948
#BA7972	48151.5	0	2948
#BA7972	48151	-0.5	2948
#EAD1CE	48151	0.5	2949
#EAD1CE	48151.5	1	2949
#EAD1CE	48152	0.5	2949
#EAD1CE	48151.5	0	2949
#D8AEA8	48151.5	1	2950
#D8AEA8	48152	1.5	2950
#D8AEA8	48152.5	1	2950
#D8AEA8	48152	0.5	2950
#AF6760	48152	1.5	2951
#AF6760	48152.5	2	2951
#AF6760	48153	1.5	2951
#AF6760	48152.5	1	2951
#E6C8C4	48152.5	2	2952
#E6C8C4	48153	2.5	2952
#E6C8C4	48153.5	2	2952
#E6C8C4	48153	1.5	2952
#FBF5F4	48153	2.5	2953
#FBF5F4	48153.5	3	2953
#FBF5F4	48154	2.5	2953
#FBF5F4	48153.5	2	2953
#F7F6FB	48153.5	3	2954
#F7F6FB	48154	3.5	2954
#F7F6FB	48154.5	3	2954
#F7F6FB	48154	2.5	2954
#EFECF6	48154	3.5	2955
#EFECF6	48154.5	4	2955
#EFECF6	48155	3.5	2955
#EFECF6	48154.5	3	2955
#ECD6D3	48154.5	4	2956
#ECD6D3	48155	4.5	2956
#ECD6D3	48155.5	4	2956
#ECD6D3	48155	3.5	2956
#DBB4AF	48155	4.5	2957
#DBB4AF	48155.5	5	2957
#DBB4AF	48156	4.5	2957
#DBB4AF	48155.5	4	2957
#F1DFDD	48155.5	5	2958
#F1DFDD	48156	5.5	2958
#F1DFDD	48156.5	5	2958
#F1DFDD	48156	4.5	2958
#E3C3BE	48156	5.5	2959
#E3C3BE	48156.5	6	2959
#E3C3BE	48157	5.5	2959
#E3C3BE	48156.5	5	2959
#F7EEEC	48156.5	6	2960
#F7EEEC	48157	6.5	2960
#F7EEEC	48157.5	6	2960
#F7EEEC	48157	5.5	2960
#F6EBE9	48157	6.5	2961
#F6EBE9	48157.5	7	2961
#F6EBE9	48158	6.5	2961
#F6EBE9	48157.5	6	2961
#F8F0EF	48157.5	7	2962
#F8F0EF	48158	7.5	2962
#F8F0EF	48158.5	7	2962
#F8F0EF	48158	6.5	2962
#FEFEFE	48158	7.5	2963
#FEFEFE	48158.5	8	2963
#FEFEFE	48159	7.5	2963
#FEFEFE	48158.5	7	2963
#FCF7F7	48158.5	8	2964
#FCF7F7	48159	8.5	2964
#FCF7F7	48159.5	8	2964
#FCF7F7	48159	7.5	2964
#FBF5F4	48159	8.5	2965
#FBF5F4	48159.5	9	2965
#FBF5F4	48160	8.5	2965
#FBF5F4	48159.5	8	2965
#F7ECEB	48159.5	9	2966
#F7ECEB	48160	9.5	2966
#F7ECEB	48160.5	9	2966
#F7ECEB	48160	8.5	2966
#EED9D6	48160	9.5	2967
#EED9D6	48160.5	10	2967
#EED9D6	48161	9.5	2967
#EED9D6	48160.5	9	2967
#F4E7E5	48160.5	10	2968
#F4E7E5	48161	10.5	2968
#F4E7E5	48161.5	10	2968
#F4E7E5	48161	9.5	2968
#F5E9E7	48161	10.5	2969
#F5E9E7	48161.5	11	2969
#F5E9E7	48162	10.5	2969
#F5E9E7	48161.5	10	2969
#E9CECB	48161.5	11	2970
#E9CECB	48162	11.5	2970
#E9CECB	48162.5	11	2970
#E9CECB	48162	10.5	2970
#EDD6D3	48162	11.5	2971
#EDD6D3	48162.5	12	2971
#EDD6D3	48163	11.5	2971
#EDD6D3	48162.5	11	2971
#E5C7C3	48162.5	12	2972
#E5C7C3	48163	12.5	2972
#E5C7C3	48163.5	12	2972
#E5C7C3	48163	11.5	2972
#F8EEED	48163	12.5	2973
#F8EEED	48163.5	13	2973
#F8EEED	48164	12.5	2973
#F8EEED	48163.5	12	2973
#F2E1DE	48163.5	13	2974
#F2E1DE	48164	13.5	2974
#F2E1DE	48164.5	13	2974
#F2E1DE	48164	12.5	2974
#EDD8D5	48164	13.5	2975
#EDD8D5	48164.5	14	2975
#EDD8D5	48165	13.5	2975
#EDD8D5	48164.5	13	2975
#F0DDDA	48164.5	14	2976
#F0DDDA	48165	14.5	2976
#F0DDDA	48165.5	14	2976
#F0DDDA	48165	13.5	2976
#F6EAE9	48165	14.5	2977
#F6EAE9	48165.5	15	2977
#F6EAE9	48166	14.5	2977
#F6EAE9	48165.5	14	2977
#EDD7D4	48165.5	15	2978
#EDD7D4	48166	15.5	2978
#EDD7D4	48166.5	15	2978
#EDD7D4	48166	14.5	2978
#F8EFEE	48166	15.5	2979
#F8EFEE	48166.5	16	2979
#F8EFEE	48167	15.5	2979
#F8EFEE	48166.5	15	2979
#FCF9F8	48166.5	16	2980
#FCF9F8	48167	16.5	2980
#FCF9F8	48167.5	16	2980
#FCF9F8	48167	15.5	2980
#FCF7F7	48167	16.5	2981
#FCF7F7	48167.5	17	2981
#FCF7F7	48168	16.5	2981
#FCF7F7	48167.5	16	2981
#F6EBEA	48167.5	17	2982
#F6EBEA	48168	17.5	2982
#F6EBEA	48168.5	17	2982
#F6EBEA	48168	16.5	2982
#FEFCFC	48168	17.5	2983
#FEFCFC	48168.5	18	2983
#FEFCFC	48169	17.5	2983
#FEFCFC	48168.5	17	2983
#FDFCFE	48168.5	18	2984
#FDFCFE	48169	18.5	2984
#FDFCFE	48169.5	18	2984
#FDFCFE	48169	17.5	2984
#FCF9F9	48169	18.5	2985
#FCF9F9	48169.5	19	2985
#FCF9F9	48170	18.5	2985
#FCF9F9	48169.5	18	2985
#FEFDFD	48169.5	19	2986
#FEFDFD	48170	19.5	2986
#FEFDFD	48170.5	19	2986
#FEFDFD	48170	18.5	2986
#FEFCFC	48170	19.5	2987
#FEFCFC	48170.5	20	2987
#FEFCFC	48171	19.5	2987
#FEFCFC	48170.5	19	2987
#FFFFFF	48170.5	20	2988
#FFFFFF	48171	20.5	2988
#FFFFFF	48171.5	20	2988
#FFFFFF	48171	19.5	2988
#FDFAF9	48171	20.5	2989
#FDFAF9	48171.5	21	2989
#FDFAF9	48172	20.5	2989
#FDFAF9	48171.5	20	2989
#FEFEFF	48171.5	21	2990
#FEFEFF	48172	21.5	2990
#FEFEFF	48172.5	21	2990
#FEFEFF	48172	20.5	2990
#FAF4F3	48172	21.5	2991
#FAF4F3	48172.5	22	2991
#FAF4F3	48173	21.5	2991
#FAF4F3	48172.5	21	2991
#FDFAF9	48172.5	22	2992
#FDFAF9	48173	22.5	2992
#FDFAF9	48173.5	22	2992
#FDFAF9	48173	21.5	2992
#FFFFFF	48173	22.5	2993
#FFFFFF	48173.5	23	2993
#FFFFFF	48174	22.5	2993
#FFFFFF	48173.5	22	2993
#FBF6F5	48173.5	23	2994
#FBF6F5	48174	23.5	2994
#FBF6F5	48174.5	23	2994
#FBF6F5	48174	22.5	2994
#FFFEFE	48174	23.5	2995
#FFFEFE	48174.5	24	2995
#FFFEFE	48175	23.5	2995
#FFFEFE	48174.5	23	2995
#FBF5F4	48174.5	24	2996
#FBF5F4	48175	24.5	2996
#FBF5F4	48175.5	24	2996
#FBF5F4	48175	23.5	2996
#AA5F58	48151.5	0	2997
#AA5F58	48152	0.5	2997
#AA5F58	48152.5	0	2997
#AA5F58	48152	-0.5	2997
#B97871	48152	0.5	2998
#B97871	48152.5	1	2998
#B97871	48153	0.5	2998
#B97871	48152.5	0	2998
#98453F	48152.5	1	2999
#98453F	48153	1.5	2999
#98453F	48153.5	1	2999
#98453F	48153	0.5	2999
#DEB8B3	48153	1.5	3000
#DEB8B3	48153.5	2	3000
#DEB8B3	48154	1.5	3000
#DEB8B3	48153.5	1	3000
#F4E6E4	48153.5	2	3001
#F4E6E4	48154	2.5	3001
#F4E6E4	48154.5	2	3001
#F4E6E4	48154	1.5	3001
#F8EFEE	48154	2.5	3002
#F8EFEE	48154.5	3	3002
#F8EFEE	48155	2.5	3002
#F8EFEE	48154.5	2	3002
#FCF8F7	48154.5	3	3003
#FCF8F7	48155	3.5	3003
#FCF8F7	48155.5	3	3003
#FCF8F7	48155	2.5	3003
#D09F99	48155	3.5	3004
#D09F99	48155.5	4	3004
#D09F99	48156	3.5	3004
#D09F99	48155.5	3	3004
#D1A19B	48155.5	4	3005
#D1A19B	48156	4.5	3005
#D1A19B	48156.5	4	3005
#D1A19B	48156	3.5	3005
#EAD1CD	48156	4.5	3006
#EAD1CD	48156.5	5	3006
#EAD1CD	48157	4.5	3006
#EAD1CD	48156.5	4	3006
#DFBBB7	48156.5	5	3007
#DFBBB7	48157	5.5	3007
#DFBBB7	48157.5	5	3007
#DFBBB7	48157	4.5	3007
#F5E8E6	48157	5.5	3008
#F5E8E6	48157.5	6	3008
#F5E8E6	48158	5.5	3008
#F5E8E6	48157.5	5	3008
#ECD4D1	48157.5	6	3009
#ECD4D1	48158	6.5	3009
#ECD4D1	48158.5	6	3009
#ECD4D1	48158	5.5	3009
#F4E6E4	48158	6.5	3010
#F4E6E4	48158.5	7	3010
#F4E6E4	48159	6.5	3010
#F4E6E4	48158.5	6	3010
#F9F0EF	48158.5	7	3011
#F9F0EF	48159	7.5	3011
#F9F0EF	48159.5	7	3011
#F9F0EF	48159	6.5	3011
#F1E0DD	48159	7.5	3012
#F1E0DD	48159.5	8	3012
#F1E0DD	48160	7.5	3012
#F1E0DD	48159.5	7	3012
#FCF7F7	48159.5	8	3013
#FCF7F7	48160	8.5	3013
#FCF7F7	48160.5	8	3013
#FCF7F7	48160	7.5	3013
#EBD3D0	48160	8.5	3014
#EBD3D0	48160.5	9	3014
#EBD3D0	48161	8.5	3014
#EBD3D0	48160.5	8	3014
#E7CAC6	48160.5	9	3015
#E7CAC6	48161	9.5	3015
#E7CAC6	48161.5	9	3015
#E7CAC6	48161	8.5	3015
#DFBAB5	48161	9.5	3016
#DFBAB5	48161.5	10	3016
#DFBAB5	48162	9.5	3016
#DFBAB5	48161.5	9	3016
#F2E2E0	48161.5	10	3017
#F2E2E0	48162	10.5	3017
#F2E2E0	48162.5	10	3017
#F2E2E0	48162	9.5	3017
#F2E1DF	48162	10.5	3018
#F2E1DF	48162.5	11	3018
#F2E1DF	48163	10.5	3018
#F2E1DF	48162.5	10	3018
#EED9D7	48162.5	11	3019
#EED9D7	48163	11.5	3019
#EED9D7	48163.5	11	3019
#EED9D7	48163	10.5	3019
#E0BCB7	48163	11.5	3020
#E0BCB7	48163.5	12	3020
#E0BCB7	48164	11.5	3020
#E0BCB7	48163.5	11	3020
#F3E4E2	48163.5	12	3021
#F3E4E2	48164	12.5	3021
#F3E4E2	48164.5	12	3021
#F3E4E2	48164	11.5	3021
#F5E8E6	48164	12.5	3022
#F5E8E6	48164.5	13	3022
#F5E8E6	48165	12.5	3022
#F5E8E6	48164.5	12	3022
#E5C6C2	48164.5	13	3023
#E5C6C2	48165	13.5	3023
#E5C6C2	48165.5	13	3023
#E5C6C2	48165	12.5	3023
#E5C7C3	48165	13.5	3024
#E5C7C3	48165.5	14	3024
#E5C7C3	48166	13.5	3024
#E5C7C3	48165.5	13	3024
#E9D0CC	48165.5	14	3025
#E9D0CC	48166	14.5	3025
#E9D0CC	48166.5	14	3025
#E9D0CC	48166	13.5	3025
#EDD7D4	48166	14.5	3026
#EDD7D4	48166.5	15	3026
#EDD7D4	48167	14.5	3026
#EDD7D4	48166.5	14	3026
#F5E8E6	48166.5	15	3027
#F5E8E6	48167	15.5	3027
#F5E8E6	48167.5	15	3027
#F5E8E6	48167	14.5	3027
#FDFAF9	48167	15.5	3028
#FDFAF9	48167.5	16	3028
#FDFAF9	48168	15.5	3028
#FDFAF9	48167.5	15	3028
#FEFEFE	48167.5	16	3029
#FEFEFE	48168	16.5	3029
#FEFEFE	48168.5	16	3029
#FEFEFE	48168	15.5	3029
#FCF7F7	48168	16.5	3030
#FCF7F7	48168.5	17	3030
#FCF7F7	48169	16.5	3030
#FCF7F7	48168.5	16	3030
#FFFEFE	48168.5	17	3031
#FFFEFE	48169	17.5	3031
#FFFEFE	48169.5	17	3031
#FFFEFE	48169	16.5	3031
#FCF9F9	48169	17.5	3032
#FCF9F9	48169.5	18	3032
#FCF9F9	48170	17.5	3032
#FCF9F9	48169.5	17	3032
#FDFAF9	48169.5	18	3033
#FDFAF9	48170	18.5	3033
#FDFAF9	48170.5	18	3033
#FDFAF9	48170	17.5	3033
#FFFEFE	48170	18.5	3034
#FFFEFE	48170.5	19	3034
#FFFEFE	48171	18.5	3034
#FFFEFE	48170.5	18	3034
#FAF4F3	48170.5	19	3035
#FAF4F3	48171	19.5	3035
#FAF4F3	48171.5	19	3035
#FAF4F3	48171	18.5	3035
#FEFDFD	48171	19.5	3036
#FEFDFD	48171.5	20	3036
#FEFDFD	48172	19.5	3036
#FEFDFD	48171.5	19	3036
#FDFDFE	48171.5	20	3037
#FDFDFE	48172	20.5	3037
#FDFDFE	48172.5	20	3037
#FDFDFE	48172	19.5	3037
#FCF8F8	48172	20.5	3038
#FCF8F8	48172.5	21	3038
#FCF8F8	48173	20.5	3038
#FCF8F8	48172.5	20	3038
#FEFDFD	48172.5	21	3039
#FEFDFD	48173	21.5	3039
#FEFDFD	48173.5	21	3039
#FEFDFD	48173	20.5	3039
#FDFBFB	48173	21.5	3040
#FDFBFB	48173.5	22	3040
#FDFBFB	48174	21.5	3040
#FDFBFB	48173.5	21	3040
#FEFDFD	48173.5	22	3041
#FEFDFD	48174	22.5	3041
#FEFDFD	48174.5	22	3041
#FEFDFD	48174	21.5	3041
#FFFFFF	48174	22.5	3042
#FFFFFF	48174.5	23	3042
#FFFFFF	48175	22.5	3042
#FFFFFF	48174.5	22	3042
#FEFCFB	48174.5	23	3043
#FEFCFB	48175	23.5	3043
#FEFCFB	48175.5	23	3043
#FEFCFB	48175	22.5	3043
#FAF5F4	48175	23.5	3044
#FAF5F4	48175.5	24	3044
#FAF5F4	48176	23.5	3044
#FAF5F4	48175.5	23	3044
#A65952	48152.5	0	3045
#A65952	48153	0.5	3045
#A65952	48153.5	0	3045
#A65952	48153	-0.5	3045
#CE9A94	48153	0.5	3046
#CE9A94	48153.5	1	3046
#CE9A94	48154	0.5	3046
#CE9A94	48153.5	0	3046
#F0DDDB	48153.5	1	3047
#F0DDDB	48154	1.5	3047
#F0DDDB	48154.5	1	3047
#F0DDDB	48154	0.5	3047
#FDFCFE	48154	1.5	3048
#FDFCFE	48154.5	2	3048
#FDFCFE	48155	1.5	3048
#FDFCFE	48154.5	1	3048
#FDF9F9	48154.5	2	3049
#FDF9F9	48155	2.5	3049
#FDF9F9	48155.5	2	3049
#FDF9F9	48155	1.5	3049
#FBF6F6	48155	2.5	3050
#FBF6F6	48155.5	3	3050
#FBF6F6	48156	2.5	3050
#FBF6F6	48155.5	2	3050
#D9AFAA	48155.5	3	3051
#D9AFAA	48156	3.5	3051
#D9AFAA	48156.5	3	3051
#D9AFAA	48156	2.5	3051
#D4A6A0	48156	3.5	3052
#D4A6A0	48156.5	4	3052
#D4A6A0	48157	3.5	3052
#D4A6A0	48156.5	3	3052
#EAD0CC	48156.5	4	3053
#EAD0CC	48157	4.5	3053
#EAD0CC	48157.5	4	3053
#EAD0CC	48157	3.5	3053
#EAD2CF	48157	4.5	3054
#EAD2CF	48157.5	5	3054
#EAD2CF	48158	4.5	3054
#EAD2CF	48157.5	4	3054
#EFDBD8	48157.5	5	3055
#EFDBD8	48158	5.5	3055
#EFDBD8	48158.5	5	3055
#EFDBD8	48158	4.5	3055
#EBD4D0	48158	5.5	3056
#EBD4D0	48158.5	6	3056
#EBD4D0	48159	5.5	3056
#EBD4D0	48158.5	5	3056
#EAD2CE	48158.5	6	3057
#EAD2CE	48159	6.5	3057
#EAD2CE	48159.5	6	3057
#EAD2CE	48159	5.5	3057
#FEFDFD	48159	6.5	3058
#FEFDFD	48159.5	7	3058
#FEFDFD	48160	6.5	3058
#FEFDFD	48159.5	6	3058
#FBF6F5	48159.5	7	3059
#FBF6F5	48160	7.5	3059
#FBF6F5	48160.5	7	3059
#FBF6F5	48160	6.5	3059
#FEFDFC	48160	7.5	3060
#FEFDFC	48160.5	8	3060
#FEFDFC	48161	7.5	3060
#FEFDFC	48160.5	7	3060
#F6EAE9	48160.5	8	3061
#F6EAE9	48161	8.5	3061
#F6EAE9	48161.5	8	3061
#F6EAE9	48161	7.5	3061
#F4E7E5	48161	8.5	3062
#F4E7E5	48161.5	9	3062
#F4E7E5	48162	8.5	3062
#F4E7E5	48161.5	8	3062
#F1DFDC	48161.5	9	3063
#F1DFDC	48162	9.5	3063
#F1DFDC	48162.5	9	3063
#F1DFDC	48162	8.5	3063
#F5E9E7	48162	9.5	3064
#F5E9E7	48162.5	10	3064
#F5E9E7	48163	9.5	3064
#F5E9E7	48162.5	9	3064
#F3E4E2	48162.5	10	3065
#F3E4E2	48163	10.5	3065
#F3E4E2	48163.5	10	3065
#F3E4E2	48163	9.5	3065
#EDD6D3	48163	10.5	3066
#EDD6D3	48163.5	11	3066
#EDD6D3	48164	10.5	3066
#EDD6D3	48163.5	10	3066
#F4E6E4	48163.5	11	3067
#F4E6E4	48164	11.5	3067
#F4E6E4	48164.5	11	3067
#F4E6E4	48164	10.5	3067
#F7ECEA	48164	11.5	3068
#F7ECEA	48164.5	12	3068
#F7ECEA	48165	11.5	3068
#F7ECEA	48164.5	11	3068
#FDFAF9	48164.5	12	3069
#FDFAF9	48165	12.5	3069
#FDFAF9	48165.5	12	3069
#FDFAF9	48165	11.5	3069
#E9CECB	48165	12.5	3070
#E9CECB	48165.5	13	3070
#E9CECB	48166	12.5	3070
#E9CECB	48165.5	12	3070
#F4E5E3	48165.5	13	3071
#F4E5E3	48166	13.5	3071
#F4E5E3	48166.5	13	3071
#F4E5E3	48166	12.5	3071
#F0DEDB	48166	13.5	3072
#F0DEDB	48166.5	14	3072
#F0DEDB	48167	13.5	3072
#F0DEDB	48166.5	13	3072
#E7CAC6	48166.5	14	3073
#E7CAC6	48167	14.5	3073
#E7CAC6	48167.5	14	3073
#E7CAC6	48167	13.5	3073
#FAF4F3	48167	14.5	3074
#FAF4F3	48167.5	15	3074
#FAF4F3	48168	14.5	3074
#FAF4F3	48167.5	14	3074
#FEFDFD	48167.5	15	3075
#FEFDFD	48168	15.5	3075
#FEFDFD	48168.5	15	3075
#FEFDFD	48168	14.5	3075
#FBF6F5	48168	15.5	3076
#FBF6F5	48168.5	16	3076
#FBF6F5	48169	15.5	3076
#FBF6F5	48168.5	15	3076
#F6E9E8	48168.5	16	3077
#F6E9E8	48169	16.5	3077
#F6E9E8	48169.5	16	3077
#F6E9E8	48169	15.5	3077
#FEFCFB	48169	16.5	3078
#FEFCFB	48169.5	17	3078
#FEFCFB	48170	16.5	3078
#FEFCFB	48169.5	16	3078
#FEFDFC	48169.5	17	3079
#FEFDFC	48170	17.5	3079
#FEFDFC	48170.5	17	3079
#FEFDFC	48170	16.5	3079
#FEFCFC	48170	17.5	3080
#FEFCFC	48170.5	18	3080
#FEFCFC	48171	17.5	3080
#FEFCFC	48170.5	17	3080
#F8EEED	48170.5	18	3081
#F8EEED	48171	18.5	3081
#F8EEED	48171.5	18	3081
#F8EEED	48171	17.5	3081
#FEFCFC	48171	18.5	3082
#FEFCFC	48171.5	19	3082
#FEFCFC	48172	18.5	3082
#FEFCFC	48171.5	18	3082
#FEFDFD	48171.5	19	3083
#FEFDFD	48172	19.5	3083
#FEFDFD	48172.5	19	3083
#FEFDFD	48172	18.5	3083
#FEFDFD	48172	19.5	3084
#FEFDFD	48172.5	20	3084
#FEFDFD	48173	19.5	3084
#FEFDFD	48172.5	19	3084
#F8EFED	48172.5	20	3085
#F8EFED	48173	20.5	3085
#F8EFED	48173.5	20	3085
#F8EFED	48173	19.5	3085
#FDFBFA	48173	20.5	3086
#FDFBFA	48173.5	21	3086
#FDFBFA	48174	20.5	3086
#FDFBFA	48173.5	20	3086
#FEFCFC	48173.5	21	3087
#FEFCFC	48174	21.5	3087
#FEFCFC	48174.5	21	3087
#FEFCFC	48174	20.5	3087
#FBF5F4	48174	21.5	3088
#FBF5F4	48174.5	22	3088
#FBF5F4	48175	21.5	3088
#FBF5F4	48174.5	21	3088
#FFFEFF	48174.5	22	3089
#FFFEFF	48175	22.5	3089
#FFFEFF	48175.5	22	3089
#FFFEFF	48175	21.5	3089
#FEFCFC	48175	22.5	3090
#FEFCFC	48175.5	23	3090
#FEFCFC	48176	22.5	3090
#FEFCFC	48175.5	22	3090
#FCF7F7	48175.5	23	3091
#FCF7F7	48176	23.5	3091
#FCF7F7	48176.5	23	3091
#FCF7F7	48176	22.5	3091
#AF6860	48153.5	0	3092
#AF6860	48154	0.5	3092
#AF6860	48154.5	0	3092
#AF6860	48154	-0.5	3092
#D9AFAA	48154	0.5	3093
#D9AFAA	48154.5	1	3093
#D9AFAA	48155	0.5	3093
#D9AFAA	48154.5	0	3093
#F9F2F1	48154.5	1	3094
#F9F2F1	48155	1.5	3094
#F9F2F1	48155.5	1	3094
#F9F2F1	48155	0.5	3094
#EFDBD9	48155	1.5	3095
#EFDBD9	48155.5	2	3095
#EFDBD9	48156	1.5	3095
#EFDBD9	48155.5	1	3095
#CE9B94	48155.5	2	3096
#CE9B94	48156	2.5	3096
#CE9B94	48156.5	2	3096
#CE9B94	48156	1.5	3096
#B7756D	48156	2.5	3097
#B7756D	48156.5	3	3097
#B7756D	48157	2.5	3097
#B7756D	48156.5	2	3097
#C78F89	48156.5	3	3098
#C78F89	48157	3.5	3098
#C78F89	48157.5	3	3098
#C78F89	48157	2.5	3098
#DFBBB6	48157	3.5	3099
#DFBBB6	48157.5	4	3099
#DFBBB6	48158	3.5	3099
#DFBBB6	48157.5	3	3099
#CF9C96	48157.5	4	3100
#CF9C96	48158	4.5	3100
#CF9C96	48158.5	4	3100
#CF9C96	48158	3.5	3100
#E7CBC8	48158	4.5	3101
#E7CBC8	48158.5	5	3101
#E7CBC8	48159	4.5	3101
#E7CBC8	48158.5	4	3101
#DAB0AB	48158.5	5	3102
#DAB0AB	48159	5.5	3102
#DAB0AB	48159.5	5	3102
#DAB0AB	48159	4.5	3102
#E7CBC7	48159	5.5	3103
#E7CBC7	48159.5	6	3103
#E7CBC7	48160	5.5	3103
#E7CBC7	48159.5	5	3103
#F8F0EF	48159.5	6	3104
#F8F0EF	48160	6.5	3104
#F8F0EF	48160.5	6	3104
#F8F0EF	48160	5.5	3104
#F4E6E4	48160	6.5	3105
#F4E6E4	48160.5	7	3105
#F4E6E4	48161	6.5	3105
#F4E6E4	48160.5	6	3105
#F7EDEC	48160.5	7	3106
#F7EDEC	48161	7.5	3106
#F7EDEC	48161.5	7	3106
#F7EDEC	48161	6.5	3106
#F1E0DD	48161	7.5	3107
#F1E0DD	48161.5	8	3107
#F1E0DD	48162	7.5	3107
#F1E0DD	48161.5	7	3107
#FBF5F4	48161.5	8	3108
#FBF5F4	48162	8.5	3108
#FBF5F4	48162.5	8	3108
#FBF5F4	48162	7.5	3108
#EEDAD7	48162	8.5	3109
#EEDAD7	48162.5	9	3109
#EEDAD7	48163	8.5	3109
#EEDAD7	48162.5	8	3109
#E3C3BE	48162.5	9	3110
#E3C3BE	48163	9.5	3110
#E3C3BE	48163.5	9	3110
#E3C3BE	48163	8.5	3110
#ECD5D2	48163	9.5	3111
#ECD5D2	48163.5	10	3111
#ECD5D2	48164	9.5	3111
#ECD5D2	48163.5	9	3111
#F0DCDA	48163.5	10	3112
#F0DCDA	48164	10.5	3112
#F0DCDA	48164.5	10	3112
#F0DCDA	48164	9.5	3112
#F1E0DE	48164	10.5	3113
#F1E0DE	48164.5	11	3113
#F1E0DE	48165	10.5	3113
#F1E0DE	48164.5	10	3113
#FCF8F7	48164.5	11	3114
#FCF8F7	48165	11.5	3114
#FCF8F7	48165.5	11	3114
#FCF8F7	48165	10.5	3114
#F2E1DE	48165	11.5	3115
#F2E1DE	48165.5	12	3115
#F2E1DE	48166	11.5	3115
#F2E1DE	48165.5	11	3115
#F6EAE9	48165.5	12	3116
#F6EAE9	48166	12.5	3116
#F6EAE9	48166.5	12	3116
#F6EAE9	48166	11.5	3116
#ECD4D1	48166	12.5	3117
#ECD4D1	48166.5	13	3117
#ECD4D1	48167	12.5	3117
#ECD4D1	48166.5	12	3117
#F3E3E1	48166.5	13	3118
#F3E3E1	48167	13.5	3118
#F3E3E1	48167.5	13	3118
#F3E3E1	48167	12.5	3118
#F3E4E2	48167	13.5	3119
#F3E4E2	48167.5	14	3119
#F3E4E2	48168	13.5	3119
#F3E4E2	48167.5	13	3119
#F3E5E3	48167.5	14	3120
#F3E5E3	48168	14.5	3120
#F3E5E3	48168.5	14	3120
#F3E5E3	48168	13.5	3120
#FDFBFA	48168	14.5	3121
#FDFBFA	48168.5	15	3121
#FDFBFA	48169	14.5	3121
#FDFBFA	48168.5	14	3121
#FCF7F7	48168.5	15	3122
#FCF7F7	48169	15.5	3122
#FCF7F7	48169.5	15	3122
#FCF7F7	48169	14.5	3122
#FDFBFB	48169	15.5	3123
#FDFBFB	48169.5	16	3123
#FDFBFB	48170	15.5	3123
#FDFBFB	48169.5	15	3123
#F7EDEC	48169.5	16	3124
#F7EDEC	48170	16.5	3124
#F7EDEC	48170.5	16	3124
#F7EDEC	48170	15.5	3124
#FDF9F9	48170	16.5	3125
#FDF9F9	48170.5	17	3125
#FDF9F9	48171	16.5	3125
#FDF9F9	48170.5	16	3125
#FCF7F7	48170.5	17	3126
#FCF7F7	48171	17.5	3126
#FCF7F7	48171.5	17	3126
#FCF7F7	48171	16.5	3126
#FDFDFE	48171	17.5	3127
#FDFDFE	48171.5	18	3127
#FDFDFE	48172	17.5	3127
#FDFDFE	48171.5	17	3127
#FCF9F8	48171.5	18	3128
#FCF9F8	48172	18.5	3128
#FCF9F8	48172.5	18	3128
#FCF9F8	48172	17.5	3128
#FDFBFA	48172	18.5	3129
#FDFBFA	48172.5	19	3129
#FDFBFA	48173	18.5	3129
#FDFBFA	48172.5	18	3129
#FAF4F3	48172.5	19	3130
#FAF4F3	48173	19.5	3130
#FAF4F3	48173.5	19	3130
#FAF4F3	48173	18.5	3130
#F9F1F0	48173	19.5	3131
#F9F1F0	48173.5	20	3131
#F9F1F0	48174	19.5	3131
#F9F1F0	48173.5	19	3131
#FAF4F3	48173.5	20	3132
#FAF4F3	48174	20.5	3132
#FAF4F3	48174.5	20	3132
#FAF4F3	48174	19.5	3132
#FEFEFE	48174	20.5	3133
#FEFEFE	48174.5	21	3133
#FEFEFE	48175	20.5	3133
#FEFEFE	48174.5	20	3133
#FEFCFC	48174.5	21	3134
#FEFCFC	48175	21.5	3134
#FEFCFC	48175.5	21	3134
#FEFCFC	48175	20.5	3134
#FCF8F7	48175	21.5	3135
#FCF8F7	48175.5	22	3135
#FCF8F7	48176	21.5	3135
#FCF8F7	48175.5	21	3135
#FBF7F6	48175.5	22	3136
#FBF7F6	48176	22.5	3136
#FBF7F6	48176.5	22	3136
#FBF7F6	48176	21.5	3136
#FAF4F3	48176	22.5	3137
#FAF4F3	48176.5	23	3137
#FAF4F3	48177	22.5	3137
#FAF4F3	48176.5	22	3137
#BC7D76	48154.5	0	3138
#BC7D76	48155	0.5	3138
#BC7D76	48155.5	0	3138
#BC7D76	48155	-0.5	3138
#DEB8B3	48155	0.5	3139
#DEB8B3	48155.5	1	3139
#DEB8B3	48156	0.5	3139
#DEB8B3	48155.5	0	3139
#B5716A	48155.5	1	3140
#B5716A	48156	1.5	3140
#B5716A	48156.5	1	3140
#B5716A	48156	0.5	3140
#A3554E	48156	1.5	3141
#A3554E	48156.5	2	3141
#A3554E	48157	1.5	3141
#A3554E	48156.5	1	3141
#8D3330	48156.5	2	3142
#8D3330	48157	2.5	3142
#8D3330	48157.5	2	3142
#8D3330	48157	1.5	3142
#98453F	48157	2.5	3143
#98453F	48157.5	3	3143
#98453F	48158	2.5	3143
#98453F	48157.5	2	3143
#BB7B74	48157.5	3	3144
#BB7B74	48158	3.5	3144
#BB7B74	48158.5	3	3144
#BB7B74	48158	2.5	3144
#BB7B74	48158	3.5	3145
#BB7B74	48158.5	4	3145
#BB7B74	48159	3.5	3145
#BB7B74	48158.5	3	3145
#CF9C96	48158.5	4	3146
#CF9C96	48159	4.5	3146
#CF9C96	48159.5	4	3146
#CF9C96	48159	3.5	3146
#DAB2AD	48159	4.5	3147
#DAB2AD	48159.5	5	3147
#DAB2AD	48160	4.5	3147
#DAB2AD	48159.5	4	3147
#E5C7C3	48159.5	5	3148
#E5C7C3	48160	5.5	3148
#E5C7C3	48160.5	5	3148
#E5C7C3	48160	4.5	3148
#F6EAE8	48160	5.5	3149
#F6EAE8	48160.5	6	3149
#F6EAE8	48161	5.5	3149
#F6EAE8	48160.5	5	3149
#E6C9C5	48160.5	6	3150
#E6C9C5	48161	6.5	3150
#E6C9C5	48161.5	6	3150
#E6C9C5	48161	5.5	3150
#F1E0DD	48161	6.5	3151
#F1E0DD	48161.5	7	3151
#F1E0DD	48162	6.5	3151
#F1E0DD	48161.5	6	3151
#E5C6C2	48161.5	7	3152
#E5C6C2	48162	7.5	3152
#E5C6C2	48162.5	7	3152
#E5C6C2	48162	6.5	3152
#E7CAC7	48162	7.5	3153
#E7CAC7	48162.5	8	3153
#E7CAC7	48163	7.5	3153
#E7CAC7	48162.5	7	3153
#DFBBB6	48162.5	8	3154
#DFBBB6	48163	8.5	3154
#DFBBB6	48163.5	8	3154
#DFBBB6	48163	7.5	3154
#DBB2AD	48163	8.5	3155
#DBB2AD	48163.5	9	3155
#DBB2AD	48164	8.5	3155
#DBB2AD	48163.5	8	3155
#D8ADA8	48163.5	9	3156
#D8ADA8	48164	9.5	3156
#D8ADA8	48164.5	9	3156
#D8ADA8	48164	8.5	3156
#E3C3BE	48164	9.5	3157
#E3C3BE	48164.5	10	3157
#E3C3BE	48165	9.5	3157
#E3C3BE	48164.5	9	3157
#F1E0DE	48164.5	10	3158
#F1E0DE	48165	10.5	3158
#F1E0DE	48165.5	10	3158
#F1E0DE	48165	9.5	3158
#EED9D7	48165	10.5	3159
#EED9D7	48165.5	11	3159
#EED9D7	48166	10.5	3159
#EED9D7	48165.5	10	3159
#ECD4D1	48165.5	11	3160
#ECD4D1	48166	11.5	3160
#ECD4D1	48166.5	11	3160
#ECD4D1	48166	10.5	3160
#E6C9C6	48166	11.5	3161
#E6C9C6	48166.5	12	3161
#E6C9C6	48167	11.5	3161
#E6C9C6	48166.5	11	3161
#EFDBD8	48166.5	12	3162
#EFDBD8	48167	12.5	3162
#EFDBD8	48167.5	12	3162
#EFDBD8	48167	11.5	3162
#E0BDB8	48167	12.5	3163
#E0BDB8	48167.5	13	3163
#E0BDB8	48168	12.5	3163
#E0BDB8	48167.5	12	3163
#F2E2E0	48167.5	13	3164
#F2E2E0	48168	13.5	3164
#F2E2E0	48168.5	13	3164
#F2E2E0	48168	12.5	3164
#F3E4E2	48168	13.5	3165
#F3E4E2	48168.5	14	3165
#F3E4E2	48169	13.5	3165
#F3E4E2	48168.5	13	3165
#F6EBE9	48168.5	14	3166
#F6EBE9	48169	14.5	3166
#F6EBE9	48169.5	14	3166
#F6EBE9	48169	13.5	3166
#F3E4E2	48169	14.5	3167
#F3E4E2	48169.5	15	3167
#F3E4E2	48170	14.5	3167
#F3E4E2	48169.5	14	3167
#FBF5F4	48169.5	15	3168
#FBF5F4	48170	15.5	3168
#FBF5F4	48170.5	15	3168
#FBF5F4	48170	14.5	3168
#F8EFEE	48170	15.5	3169
#F8EFEE	48170.5	16	3169
#F8EFEE	48171	15.5	3169
#F8EFEE	48170.5	15	3169
#FCF7F6	48170.5	16	3170
#FCF7F6	48171	16.5	3170
#FCF7F6	48171.5	16	3170
#FCF7F6	48171	15.5	3170
#FBF6F6	48171	16.5	3171
#FBF6F6	48171.5	17	3171
#FBF6F6	48172	16.5	3171
#FBF6F6	48171.5	16	3171
#FDFAFA	48171.5	17	3172
#FDFAFA	48172	17.5	3172
#FDFAFA	48172.5	17	3172
#FDFAFA	48172	16.5	3172
#F7ECEA	48172	17.5	3173
#F7ECEA	48172.5	18	3173
#F7ECEA	48173	17.5	3173
#F7ECEA	48172.5	17	3173
#FDF9F9	48172.5	18	3174
#FDF9F9	48173	18.5	3174
#FDF9F9	48173.5	18	3174
#FDF9F9	48173	17.5	3174
#FBF5F4	48173	18.5	3175
#FBF5F4	48173.5	19	3175
#FBF5F4	48174	18.5	3175
#FBF5F4	48173.5	18	3175
#F6EBE9	48173.5	19	3176
#F6EBE9	48174	19.5	3176
#F6EBE9	48174.5	19	3176
#F6EBE9	48174	18.5	3176
#F9F2F1	48174	19.5	3177
#F9F2F1	48174.5	20	3177
#F9F2F1	48175	19.5	3177
#F9F2F1	48174.5	19	3177
#F8EFEE	48174.5	20	3178
#F8EFEE	48175	20.5	3178
#F8EFEE	48175.5	20	3178
#F8EFEE	48175	19.5	3178
#FFFEFE	48175	20.5	3179
#FFFEFE	48175.5	21	3179
#FFFEFE	48176	20.5	3179
#FFFEFE	48175.5	20	3179
#FCF8F8	48175.5	21	3180
#FCF8F8	48176	21.5	3180
#FCF8F8	48176.5	21	3180
#FCF8F8	48176	20.5	3180
#F8F0EE	48176	21.5	3181
#F8F0EE	48176.5	22	3181
#F8F0EE	48177	21.5	3181
#F8F0EE	48176.5	21	3181
#FCF7F6	48176.5	22	3182
#FCF7F6	48177	22.5	3182
#FCF7F6	48177.5	22	3182
#FCF7F6	48177	21.5	3182
#B46F68	48155.5	0	3183
#B46F68	48156	0.5	3183
#B46F68	48156.5	0	3183
#B46F68	48156	-0.5	3183
#C68E87	48156	0.5	3184
#C68E87	48156.5	1	3184
#C68E87	48157	0.5	3184
#C68E87	48156.5	0	3184
#B26D65	48156.5	1	3185
#B26D65	48157	1.5	3185
#B26D65	48157.5	1	3185
#B26D65	48157	0.5	3185
#95403B	48157	1.5	3186
#95403B	48157.5	2	3186
#95403B	48158	1.5	3186
#95403B	48157.5	1	3186
#A95D56	48157.5	2	3187
#A95D56	48158	2.5	3187
#A95D56	48158.5	2	3187
#A95D56	48158	1.5	3187
#C28780	48158	2.5	3188
#C28780	48158.5	3	3188
#C28780	48159	2.5	3188
#C28780	48158.5	2	3188
#C78F89	48158.5	3	3189
#C78F89	48159	3.5	3189
#C78F89	48159.5	3	3189
#C78F89	48159	2.5	3189
#CD9A94	48159	3.5	3190
#CD9A94	48159.5	4	3190
#CD9A94	48160	3.5	3190
#CD9A94	48159.5	3	3190
#DCB4AF	48159.5	4	3191
#DCB4AF	48160	4.5	3191
#DCB4AF	48160.5	4	3191
#DCB4AF	48160	3.5	3191
#E8CECA	48160	4.5	3192
#E8CECA	48160.5	5	3192
#E8CECA	48161	4.5	3192
#E8CECA	48160.5	4	3192
#EED9D6	48160.5	5	3193
#EED9D6	48161	5.5	3193
#EED9D6	48161.5	5	3193
#EED9D6	48161	4.5	3193
#F7EDEC	48161	5.5	3194
#F7EDEC	48161.5	6	3194
#F7EDEC	48162	5.5	3194
#F7EDEC	48161.5	5	3194
#F3E5E3	48161.5	6	3195
#F3E5E3	48162	6.5	3195
#F3E5E3	48162.5	6	3195
#F3E5E3	48162	5.5	3195
#DFBBB7	48162	6.5	3196
#DFBBB7	48162.5	7	3196
#DFBBB7	48163	6.5	3196
#DFBBB7	48162.5	6	3196
#F4E6E4	48162.5	7	3197
#F4E6E4	48163	7.5	3197
#F4E6E4	48163.5	7	3197
#F4E6E4	48163	6.5	3197
#ECD5D2	48163	7.5	3198
#ECD5D2	48163.5	8	3198
#ECD5D2	48164	7.5	3198
#ECD5D2	48163.5	7	3198
#E5C6C2	48163.5	8	3199
#E5C6C2	48164	8.5	3199
#E5C6C2	48164.5	8	3199
#E5C6C2	48164	7.5	3199
#E3C2BE	48164	8.5	3200
#E3C2BE	48164.5	9	3200
#E3C2BE	48165	8.5	3200
#E3C2BE	48164.5	8	3200
#E6C8C4	48164.5	9	3201
#E6C8C4	48165	9.5	3201
#E6C8C4	48165.5	9	3201
#E6C8C4	48165	8.5	3201
#EAD0CD	48165	9.5	3202
#EAD0CD	48165.5	10	3202
#EAD0CD	48166	9.5	3202
#EAD0CD	48165.5	9	3202
#EAD0CD	48165.5	10	3203
#EAD0CD	48166	10.5	3203
#EAD0CD	48166.5	10	3203
#EAD0CD	48166	9.5	3203
#F2E1DF	48166	10.5	3204
#F2E1DF	48166.5	11	3204
#F2E1DF	48167	10.5	3204
#F2E1DF	48166.5	10	3204
#F4E7E5	48166.5	11	3205
#F4E7E5	48167	11.5	3205
#F4E7E5	48167.5	11	3205
#F4E7E5	48167	10.5	3205
#E9CFCC	48167	11.5	3206
#E9CFCC	48167.5	12	3206
#E9CFCC	48168	11.5	3206
#E9CFCC	48167.5	11	3206
#F7ECEA	48167.5	12	3207
#F7ECEA	48168	12.5	3207
#F7ECEA	48168.5	12	3207
#F7ECEA	48168	11.5	3207
#F1DFDD	48168	12.5	3208
#F1DFDD	48168.5	13	3208
#F1DFDD	48169	12.5	3208
#F1DFDD	48168.5	12	3208
#F9F1F0	48168.5	13	3209
#F9F1F0	48169	13.5	3209
#F9F1F0	48169.5	13	3209
#F9F1F0	48169	12.5	3209
#F6EBE9	48169	13.5	3210
#F6EBE9	48169.5	14	3210
#F6EBE9	48170	13.5	3210
#F6EBE9	48169.5	13	3210
#FDFAF9	48169.5	14	3211
#FDFAF9	48170	14.5	3211
#FDFAF9	48170.5	14	3211
#FDFAF9	48170	13.5	3211
#F6EBE9	48170	14.5	3212
#F6EBE9	48170.5	15	3212
#F6EBE9	48171	14.5	3212
#F6EBE9	48170.5	14	3212
#FCF8F8	48170.5	15	3213
#FCF8F8	48171	15.5	3213
#FCF8F8	48171.5	15	3213
#FCF8F8	48171	14.5	3213
#FEFCFC	48171	15.5	3214
#FEFCFC	48171.5	16	3214
#FEFCFC	48172	15.5	3214
#FEFCFC	48171.5	15	3214
#FCF8F7	48171.5	16	3215
#FCF8F7	48172	16.5	3215
#FCF8F7	48172.5	16	3215
#FCF8F7	48172	15.5	3215
#F9F2F1	48172	16.5	3216
#F9F2F1	48172.5	17	3216
#F9F2F1	48173	16.5	3216
#F9F2F1	48172.5	16	3216
#F8EEED	48172.5	17	3217
#F8EEED	48173	17.5	3217
#F8EEED	48173.5	17	3217
#F8EEED	48173	16.5	3217
#F9F1F0	48173	17.5	3218
#F9F1F0	48173.5	18	3218
#F9F1F0	48174	17.5	3218
#F9F1F0	48173.5	17	3218
#FFFFFF	48173.5	18	3219
#FFFFFF	48174	18.5	3219
#FFFFFF	48174.5	18	3219
#FFFFFF	48174	17.5	3219
#FDFAFA	48174	18.5	3220
#FDFAFA	48174.5	19	3220
#FDFAFA	48175	18.5	3220
#FDFAFA	48174.5	18	3220
#FFFFFF	48174.5	19	3221
#FFFFFF	48175	19.5	3221
#FFFFFF	48175.5	19	3221
#FFFFFF	48175	18.5	3221
#FEFCFC	48175	19.5	3222
#FEFCFC	48175.5	20	3222
#FEFCFC	48176	19.5	3222
#FEFCFC	48175.5	19	3222
#FBF7F6	48175.5	20	3223
#FBF7F6	48176	20.5	3223
#FBF7F6	48176.5	20	3223
#FBF7F6	48176	19.5	3223
#FDFBFA	48176	20.5	3224
#FDFBFA	48176.5	21	3224
#FDFBFA	48177	20.5	3224
#FDFBFA	48176.5	20	3224
#F7EDEC	48176.5	21	3225
#F7EDEC	48177	21.5	3225
#F7EDEC	48177.5	21	3225
#F7EDEC	48177	20.5	3225
#F5E8E6	48177	21.5	3226
#F5E8E6	48177.5	22	3226
#F5E8E6	48178	21.5	3226
#F5E8E6	48177.5	21	3226
#B06861	48156.5	0	3227
#B06861	48157	0.5	3227
#B06861	48157.5	0	3227
#B06861	48157	-0.5	3227
#CF9C96	48157	0.5	3228
#CF9C96	48157.5	1	3228
#CF9C96	48158	0.5	3228
#CF9C96	48157.5	0	3228
#AA5F58	48157.5	1	3229
#AA5F58	48158	1.5	3229
#AA5F58	48158.5	1	3229
#AA5F58	48158	0.5	3229
#AE665F	48158	1.5	3230
#AE665F	48158.5	2	3230
#AE665F	48159	1.5	3230
#AE665F	48158.5	1	3230
#DCB6B1	48158.5	2	3231
#DCB6B1	48159	2.5	3231
#DCB6B1	48159.5	2	3231
#DCB6B1	48159	1.5	3231
#C58B84	48159	2.5	3232
#C58B84	48159.5	3	3232
#C58B84	48160	2.5	3232
#C58B84	48159.5	2	3232
#E5C7C3	48159.5	3	3233
#E5C7C3	48160	3.5	3233
#E5C7C3	48160.5	3	3233
#E5C7C3	48160	2.5	3233
#E1BEBA	48160	3.5	3234
#E1BEBA	48160.5	4	3234
#E1BEBA	48161	3.5	3234
#E1BEBA	48160.5	3	3234
#F1E0DD	48160.5	4	3235
#F1E0DD	48161	4.5	3235
#F1E0DD	48161.5	4	3235
#F1E0DD	48161	3.5	3235
#F9F2F1	48161	4.5	3236
#F9F2F1	48161.5	5	3236
#F9F2F1	48162	4.5	3236
#F9F2F1	48161.5	4	3236
#F7ECEA	48161.5	5	3237
#F7ECEA	48162	5.5	3237
#F7ECEA	48162.5	5	3237
#F7ECEA	48162	4.5	3237
#F8EFED	48162	5.5	3238
#F8EFED	48162.5	6	3238
#F8EFED	48163	5.5	3238
#F8EFED	48162.5	5	3238
#F6EBE9	48162.5	6	3239
#F6EBE9	48163	6.5	3239
#F6EBE9	48163.5	6	3239
#F6EBE9	48163	5.5	3239
#F3E4E2	48163	6.5	3240
#F3E4E2	48163.5	7	3240
#F3E4E2	48164	6.5	3240
#F3E4E2	48163.5	6	3240
#F6EAE9	48163.5	7	3241
#F6EAE9	48164	7.5	3241
#F6EAE9	48164.5	7	3241
#F6EAE9	48164	6.5	3241
#EFDAD8	48164	7.5	3242
#EFDAD8	48164.5	8	3242
#EFDAD8	48165	7.5	3242
#EFDAD8	48164.5	7	3242
#F5E9E7	48164.5	8	3243
#F5E9E7	48165	8.5	3243
#F5E9E7	48165.5	8	3243
#F5E9E7	48165	7.5	3243
#EED9D7	48165	8.5	3244
#EED9D7	48165.5	9	3244
#EED9D7	48166	8.5	3244
#EED9D7	48165.5	8	3244
#E7CBC7	48165.5	9	3245
#E7CBC7	48166	9.5	3245
#E7CBC7	48166.5	9	3245
#E7CBC7	48166	8.5	3245
#EAD0CC	48166	9.5	3246
#EAD0CC	48166.5	10	3246
#EAD0CC	48167	9.5	3246
#EAD0CC	48166.5	9	3246
#F5E8E6	48166.5	10	3247
#F5E8E6	48167	10.5	3247
#F5E8E6	48167.5	10	3247
#F5E8E6	48167	9.5	3247
#EBD2CF	48167	10.5	3248
#EBD2CF	48167.5	11	3248
#EBD2CF	48168	10.5	3248
#EBD2CF	48167.5	10	3248
#F2E1DF	48167.5	11	3249
#F2E1DF	48168	11.5	3249
#F2E1DF	48168.5	11	3249
#F2E1DF	48168	10.5	3249
#E6C8C4	48168	11.5	3250
#E6C8C4	48168.5	12	3250
#E6C8C4	48169	11.5	3250
#E6C8C4	48168.5	11	3250
#ECD6D3	48168.5	12	3251
#ECD6D3	48169	12.5	3251
#ECD6D3	48169.5	12	3251
#ECD6D3	48169	11.5	3251
#F4E6E4	48169	12.5	3252
#F4E6E4	48169.5	13	3252
#F4E6E4	48170	12.5	3252
#F4E6E4	48169.5	12	3252
#FEFDFD	48169.5	13	3253
#FEFDFD	48170	13.5	3253
#FEFDFD	48170.5	13	3253
#FEFDFD	48170	12.5	3253
#FDFBFB	48170	13.5	3254
#FDFBFB	48170.5	14	3254
#FDFBFB	48171	13.5	3254
#FDFBFB	48170.5	13	3254
#FEFCFC	48170.5	14	3255
#FEFCFC	48171	14.5	3255
#FEFCFC	48171.5	14	3255
#FEFCFC	48171	13.5	3255
#FAF4F3	48171	14.5	3256
#FAF4F3	48171.5	15	3256
#FAF4F3	48172	14.5	3256
#FAF4F3	48171.5	14	3256
#FDFAF9	48171.5	15	3257
#FDFAF9	48172	15.5	3257
#FDFAF9	48172.5	15	3257
#FDFAF9	48172	14.5	3257
#FCF7F6	48172	15.5	3258
#FCF7F6	48172.5	16	3258
#FCF7F6	48173	15.5	3258
#FCF7F6	48172.5	15	3258
#F9F1F0	48172.5	16	3259
#F9F1F0	48173	16.5	3259
#F9F1F0	48173.5	16	3259
#F9F1F0	48173	15.5	3259
#F9F8FC	48173	16.5	3260
#F9F8FC	48173.5	17	3260
#F9F8FC	48174	16.5	3260
#F9F8FC	48173.5	16	3260
#FBF5F4	48173.5	17	3261
#FBF5F4	48174	17.5	3261
#FBF5F4	48174.5	17	3261
#FBF5F4	48174	16.5	3261
#FCF9F8	48174	17.5	3262
#FCF9F8	48174.5	18	3262
#FCF9F8	48175	17.5	3262
#FCF9F8	48174.5	17	3262
#F9F2F1	48174.5	18	3263
#F9F2F1	48175	18.5	3263
#F9F2F1	48175.5	18	3263
#F9F2F1	48175	17.5	3263
#FDF9F9	48175	18.5	3264
#FDF9F9	48175.5	19	3264
#FDF9F9	48176	18.5	3264
#FDF9F9	48175.5	18	3264
#FEFEFF	48175.5	19	3265
#FEFEFF	48176	19.5	3265
#FEFEFF	48176.5	19	3265
#FEFEFF	48176	18.5	3265
#FBF6F6	48176	19.5	3266
#FBF6F6	48176.5	20	3266
#FBF6F6	48177	19.5	3266
#FBF6F6	48176.5	19	3266
#FCF8F8	48176.5	20	3267
#FCF8F8	48177	20.5	3267
#FCF8F8	48177.5	20	3267
#FCF8F8	48177	19.5	3267
#F9F2F1	48177	20.5	3268
#F9F2F1	48177.5	21	3268
#F9F2F1	48178	20.5	3268
#F9F2F1	48177.5	20	3268
#FBF7F6	48177.5	21	3269
#FBF7F6	48178	21.5	3269
#FBF7F6	48178.5	21	3269
#FBF7F6	48178	20.5	3269
#AC635C	48157.5	0	3270
#AC635C	48158	0.5	3270
#AC635C	48158.5	0	3270
#AC635C	48158	-0.5	3270
#AD645C	48158	0.5	3271
#AD645C	48158.5	1	3271
#AD645C	48159	0.5	3271
#AD645C	48158.5	0	3271
#C68E87	48158.5	1	3272
#C68E87	48159	1.5	3272
#C68E87	48159.5	1	3272
#C68E87	48159	0.5	3272
#ECD5D2	48159	1.5	3273
#ECD5D2	48159.5	2	3273
#ECD5D2	48160	1.5	3273
#ECD5D2	48159.5	1	3273
#DBB3AE	48159.5	2	3274
#DBB3AE	48160	2.5	3274
#DBB3AE	48160.5	2	3274
#DBB3AE	48160	1.5	3274
#E3C2BE	48160	2.5	3275
#E3C2BE	48160.5	3	3275
#E3C2BE	48161	2.5	3275
#E3C2BE	48160.5	2	3275
#EFDBD8	48160.5	3	3276
#EFDBD8	48161	3.5	3276
#EFDBD8	48161.5	3	3276
#EFDBD8	48161	2.5	3276
#F8EEED	48161	3.5	3277
#F8EEED	48161.5	4	3277
#F8EEED	48162	3.5	3277
#F8EEED	48161.5	3	3277
#F8EEED	48161.5	4	3278
#F8EEED	48162	4.5	3278
#F8EEED	48162.5	4	3278
#F8EEED	48162	3.5	3278
#FDFBFB	48162	4.5	3279
#FDFBFB	48162.5	5	3279
#FDFBFB	48163	4.5	3279
#FDFBFB	48162.5	4	3279
#FDFBFA	48162.5	5	3280
#FDFBFA	48163	5.5	3280
#FDFBFA	48163.5	5	3280
#FDFBFA	48163	4.5	3280
#FCF8F8	48163	5.5	3281
#FCF8F8	48163.5	6	3281
#FCF8F8	48164	5.5	3281
#FCF8F8	48163.5	5	3281
#FCF9F9	48163.5	6	3282
#FCF9F9	48164	6.5	3282
#FCF9F9	48164.5	6	3282
#FCF9F9	48164	5.5	3282
#F7EDEC	48164	6.5	3283
#F7EDEC	48164.5	7	3283
#F7EDEC	48165	6.5	3283
#F7EDEC	48164.5	6	3283
#EED9D6	48164.5	7	3284
#EED9D6	48165	7.5	3284
#EED9D6	48165.5	7	3284
#EED9D6	48165	6.5	3284
#F8F0EF	48165	7.5	3285
#F8F0EF	48165.5	8	3285
#F8F0EF	48166	7.5	3285
#F8F0EF	48165.5	7	3285
#F7EDEB	48165.5	8	3286
#F7EDEB	48166	8.5	3286
#F7EDEB	48166.5	8	3286
#F7EDEB	48166	7.5	3286
#E8CECA	48166	8.5	3287
#E8CECA	48166.5	9	3287
#E8CECA	48167	8.5	3287
#E8CECA	48166.5	8	3287
#F8F0EE	48166.5	9	3288
#F8F0EE	48167	9.5	3288
#F8F0EE	48167.5	9	3288
#F8F0EE	48167	8.5	3288
#FBF5F5	48167	9.5	3289
#FBF5F5	48167.5	10	3289
#FBF5F5	48168	9.5	3289
#FBF5F5	48167.5	9	3289
#EDD8D5	48167.5	10	3290
#EDD8D5	48168	10.5	3290
#EDD8D5	48168.5	10	3290
#EDD8D5	48168	9.5	3290
#ECD4D1	48168	10.5	3291
#ECD4D1	48168.5	11	3291
#ECD4D1	48169	10.5	3291
#ECD4D1	48168.5	10	3291
#EAD1CE	48168.5	11	3292
#EAD1CE	48169	11.5	3292
#EAD1CE	48169.5	11	3292
#EAD1CE	48169	10.5	3292
#E3C3BF	48169	11.5	3293
#E3C3BF	48169.5	12	3293
#E3C3BF	48170	11.5	3293
#E3C3BF	48169.5	11	3293
#F1E0DE	48169.5	12	3294
#F1E0DE	48170	12.5	3294
#F1E0DE	48170.5	12	3294
#F1E0DE	48170	11.5	3294
#FDFBFA	48170	12.5	3295
#FDFBFA	48170.5	13	3295
#FDFBFA	48171	12.5	3295
#FDFBFA	48170.5	12	3295
#FCF9F8	48170.5	13	3296
#FCF9F8	48171	13.5	3296
#FCF9F8	48171.5	13	3296
#FCF9F8	48171	12.5	3296
#F7EDEB	48171	13.5	3297
#F7EDEB	48171.5	14	3297
#F7EDEB	48172	13.5	3297
#F7EDEB	48171.5	13	3297
#FBF7F6	48171.5	14	3298
#FBF7F6	48172	14.5	3298
#FBF7F6	48172.5	14	3298
#FBF7F6	48172	13.5	3298
#FFFFFF	48172	14.5	3299
#FFFFFF	48172.5	15	3299
#FFFFFF	48173	14.5	3299
#FFFFFF	48172.5	14	3299
#FDFBFB	48172.5	15	3300
#FDFBFB	48173	15.5	3300
#FDFBFB	48173.5	15	3300
#FDFBFB	48173	14.5	3300
#FEFCFC	48173	15.5	3301
#FEFCFC	48173.5	16	3301
#FEFCFC	48174	15.5	3301
#FEFCFC	48173.5	15	3301
#FFFFFF	48173.5	16	3302
#FFFFFF	48174	16.5	3302
#FFFFFF	48174.5	16	3302
#FFFFFF	48174	15.5	3302
#FBFAFD	48174	16.5	3303
#FBFAFD	48174.5	17	3303
#FBFAFD	48175	16.5	3303
#FBFAFD	48174.5	16	3303
#FCF7F6	48174.5	17	3304
#FCF7F6	48175	17.5	3304
#FCF7F6	48175.5	17	3304
#FCF7F6	48175	16.5	3304
#FEFDFD	48175	17.5	3305
#FEFDFD	48175.5	18	3305
#FEFDFD	48176	17.5	3305
#FEFDFD	48175.5	17	3305
#FDFDFE	48175.5	18	3306
#FDFDFE	48176	18.5	3306
#FDFDFE	48176.5	18	3306
#FDFDFE	48176	17.5	3306
#F4E5E3	48176	18.5	3307
#F4E5E3	48176.5	19	3307
#F4E5E3	48177	18.5	3307
#F4E5E3	48176.5	18	3307
#F8EEED	48176.5	19	3308
#F8EEED	48177	19.5	3308
#F8EEED	48177.5	19	3308
#F8EEED	48177	18.5	3308
#FDFAF9	48177	19.5	3309
#FDFAF9	48177.5	20	3309
#FDFAF9	48178	19.5	3309
#FDFAF9	48177.5	19	3309
#FFFEFE	48177.5	20	3310
#FFFEFE	48178	20.5	3310
#FFFEFE	48178.5	20	3310
#FFFEFE	48178	19.5	3310
#FDFBFA	48178	20.5	3311
#FDFBFA	48178.5	21	3311
#FDFBFA	48179	20.5	3311
#FDFBFA	48178.5	20	3311
#97423D	48158.5	0	3312
#97423D	48159	0.5	3312
#97423D	48159.5	0	3312
#97423D	48159	-0.5	3312
#EED9D6	48159	0.5	3313
#EED9D6	48159.5	1	3313
#EED9D6	48160	0.5	3313
#EED9D6	48159.5	0	3313
#FFFEFF	48159.5	1	3314
#FFFEFF	48160	1.5	3314
#FFFEFF	48160.5	1	3314
#FFFEFF	48160	0.5	3314
#EAD1CD	48160	1.5	3315
#EAD1CD	48160.5	2	3315
#EAD1CD	48161	1.5	3315
#EAD1CD	48160.5	1	3315
#EAD1CD	48160.5	2	3316
#EAD1CD	48161	2.5	3316
#EAD1CD	48161.5	2	3316
#EAD1CD	48161	1.5	3316
#EFDBD8	48161	2.5	3317
#EFDBD8	48161.5	3	3317
#EFDBD8	48162	2.5	3317
#EFDBD8	48161.5	2	3317
#FFFFFF	48161.5	3	3318
#FFFFFF	48162	3.5	3318
#FFFFFF	48162.5	3	3318
#FFFFFF	48162	2.5	3318
#F9F1F0	48162	3.5	3319
#F9F1F0	48162.5	4	3319
#F9F1F0	48163	3.5	3319
#F9F1F0	48162.5	3	3319
#F7F6FB	48162.5	4	3320
#F7F6FB	48163	4.5	3320
#F7F6FB	48163.5	4	3320
#F7F6FB	48163	3.5	3320
#F5F4FA	48163	4.5	3321
#F5F4FA	48163.5	5	3321
#F5F4FA	48164	4.5	3321
#F5F4FA	48163.5	4	3321
#FCFBFD	48163.5	5	3322
#FCFBFD	48164	5.5	3322
#FCFBFD	48164.5	5	3322
#FCFBFD	48164	4.5	3322
#F8F8FB	48164	5.5	3323
#F8F8FB	48164.5	6	3323
#F8F8FB	48165	5.5	3323
#F8F8FB	48164.5	5	3323
#FEFCFB	48164.5	6	3324
#FEFCFB	48165	6.5	3324
#FEFCFB	48165.5	6	3324
#FEFCFB	48165	5.5	3324
#F2E1DE	48165	6.5	3325
#F2E1DE	48165.5	7	3325
#F2E1DE	48166	6.5	3325
#F2E1DE	48165.5	6	3325
#F4E7E5	48165.5	7	3326
#F4E7E5	48166	7.5	3326
#F4E7E5	48166.5	7	3326
#F4E7E5	48166	6.5	3326
#F4E7E5	48166	7.5	3327
#F4E7E5	48166.5	8	3327
#F4E7E5	48167	7.5	3327
#F4E7E5	48166.5	7	3327
#E8CCC9	48166.5	8	3328
#E8CCC9	48167	8.5	3328
#E8CCC9	48167.5	8	3328
#E8CCC9	48167	7.5	3328
#FAF4F4	48167	8.5	3329
#FAF4F4	48167.5	9	3329
#FAF4F4	48168	8.5	3329
#FAF4F4	48167.5	8	3329
#FAF4F3	48167.5	9	3330
#FAF4F3	48168	9.5	3330
#FAF4F3	48168.5	9	3330
#FAF4F3	48168	8.5	3330
#F6EBE9	48168	9.5	3331
#F6EBE9	48168.5	10	3331
#F6EBE9	48169	9.5	3331
#F6EBE9	48168.5	9	3331
#E3C2BD	48168.5	10	3332
#E3C2BD	48169	10.5	3332
#E3C2BD	48169.5	10	3332
#E3C2BD	48169	9.5	3332
#E6C9C6	48169	10.5	3333
#E6C9C6	48169.5	11	3333
#E6C9C6	48170	10.5	3333
#E6C9C6	48169.5	10	3333
#E9CFCC	48169.5	11	3334
#E9CFCC	48170	11.5	3334
#E9CFCC	48170.5	11	3334
#E9CFCC	48170	10.5	3334
#EFDCDA	48170	11.5	3335
#EFDCDA	48170.5	12	3335
#EFDCDA	48171	11.5	3335
#EFDCDA	48170.5	11	3335
#F9F2F1	48170.5	12	3336
#F9F2F1	48171	12.5	3336
#F9F2F1	48171.5	12	3336
#F9F2F1	48171	11.5	3336
#F7EDEB	48171	12.5	3337
#F7EDEB	48171.5	13	3337
#F7EDEB	48172	12.5	3337
#F7EDEB	48171.5	12	3337
#FAF4F3	48171.5	13	3338
#FAF4F3	48172	13.5	3338
#FAF4F3	48172.5	13	3338
#FAF4F3	48172	12.5	3338
#FDFBFA	48172	13.5	3339
#FDFBFA	48172.5	14	3339
#FDFBFA	48173	13.5	3339
#FDFBFA	48172.5	13	3339
#FBF6F5	48172.5	14	3340
#FBF6F5	48173	14.5	3340
#FBF6F5	48173.5	14	3340
#FBF6F5	48173	13.5	3340
#FAF4F4	48173	14.5	3341
#FAF4F4	48173.5	15	3341
#FAF4F4	48174	14.5	3341
#FAF4F4	48173.5	14	3341
#FDFAF9	48173.5	15	3342
#FDFAF9	48174	15.5	3342
#FDFAF9	48174.5	15	3342
#FDFAF9	48174	14.5	3342
#FDFAF9	48174	15.5	3343
#FDFAF9	48174.5	16	3343
#FDFAF9	48175	15.5	3343
#FDFAF9	48174.5	15	3343
#FEFCFC	48174.5	16	3344
#FEFCFC	48175	16.5	3344
#FEFCFC	48175.5	16	3344
#FEFCFC	48175	15.5	3344
#FBF6F5	48175	16.5	3345
#FBF6F5	48175.5	17	3345
#FBF6F5	48176	16.5	3345
#FBF6F5	48175.5	16	3345
#FCFCFE	48175.5	17	3346
#FCFCFE	48176	17.5	3346
#FCFCFE	48176.5	17	3346
#FCFCFE	48176	16.5	3346
#F7ECEA	48176	17.5	3347
#F7ECEA	48176.5	18	3347
#F7ECEA	48177	17.5	3347
#F7ECEA	48176.5	17	3347
#FEFDFD	48176.5	18	3348
#FEFDFD	48177	18.5	3348
#FEFDFD	48177.5	18	3348
#FEFDFD	48177	17.5	3348
#FAF3F2	48177	18.5	3349
#FAF3F2	48177.5	19	3349
#FAF3F2	48178	18.5	3349
#FAF3F2	48177.5	18	3349
#FEFCFC	48177.5	19	3350
#FEFCFC	48178	19.5	3350
#FEFCFC	48178.5	19	3350
#FEFCFC	48178	18.5	3350
#FDFBFA	48178	19.5	3351
#FDFBFA	48178.5	20	3351
#FDFBFA	48179	19.5	3351
#FDFBFA	48178.5	19	3351
#FCF8F8	48178.5	20	3352
#FCF8F8	48179	20.5	3352
#FCF8F8	48179.5	20	3352
#FCF8F8	48179	19.5	3352
#C78F89	48159.5	0	3353
#C78F89	48160	0.5	3353
#C78F89	48160.5	0	3353
#C78F89	48160	-0.5	3353
#F7ECEA	48160	0.5	3354
#F7ECEA	48160.5	1	3354
#F7ECEA	48161	0.5	3354
#F7ECEA	48160.5	0	3354
#CF9D97	48160.5	1	3355
#CF9D97	48161	1.5	3355
#CF9D97	48161.5	1	3355
#CF9D97	48161	0.5	3355
#CC9892	48161	1.5	3356
#CC9892	48161.5	2	3356
#CC9892	48162	1.5	3356
#CC9892	48161.5	1	3356
#C68E87	48161.5	2	3357
#C68E87	48162	2.5	3357
#C68E87	48162.5	2	3357
#C68E87	48162	1.5	3357
#F5E8E6	48162	2.5	3358
#F5E8E6	48162.5	3	3358
#F5E8E6	48163	2.5	3358
#F5E8E6	48162.5	2	3358
#E5C6C2	48162.5	3	3359
#E5C6C2	48163	3.5	3359
#E5C6C2	48163.5	3	3359
#E5C6C2	48163	2.5	3359
#FDFAFA	48163	3.5	3360
#FDFAFA	48163.5	4	3360
#FDFAFA	48164	3.5	3360
#FDFAFA	48163.5	3	3360
#FEFDFD	48163.5	4	3361
#FEFDFD	48164	4.5	3361
#FEFDFD	48164.5	4	3361
#FEFDFD	48164	3.5	3361
#F8F7FB	48164	4.5	3362
#F8F7FB	48164.5	5	3362
#F8F7FB	48165	4.5	3362
#F8F7FB	48164.5	4	3362
#F1EFF7	48164.5	5	3363
#F1EFF7	48165	5.5	3363
#F1EFF7	48165.5	5	3363
#F1EFF7	48165	4.5	3363
#FEFCFC	48165	5.5	3364
#FEFCFC	48165.5	6	3364
#FEFCFC	48166	5.5	3364
#FEFCFC	48165.5	5	3364
#F8EEED	48165.5	6	3365
#F8EEED	48166	6.5	3365
#F8EEED	48166.5	6	3365
#F8EEED	48166	5.5	3365
#EEDAD7	48166	6.5	3366
#EEDAD7	48166.5	7	3366
#EEDAD7	48167	6.5	3366
#EEDAD7	48166.5	6	3366
#F6E9E8	48166.5	7	3367
#F6E9E8	48167	7.5	3367
#F6E9E8	48167.5	7	3367
#F6E9E8	48167	6.5	3367
#F5E9E8	48167	7.5	3368
#F5E9E8	48167.5	8	3368
#F5E9E8	48168	7.5	3368
#F5E9E8	48167.5	7	3368
#F7EDEC	48167.5	8	3369
#F7EDEC	48168	8.5	3369
#F7EDEC	48168.5	8	3369
#F7EDEC	48168	7.5	3369
#FAF3F2	48168	8.5	3370
#FAF3F2	48168.5	9	3370
#FAF3F2	48169	8.5	3370
#FAF3F2	48168.5	8	3370
#FAF3F2	48168.5	9	3371
#FAF3F2	48169	9.5	3371
#FAF3F2	48169.5	9	3371
#FAF3F2	48169	8.5	3371
#F5E8E7	48169	9.5	3372
#F5E8E7	48169.5	10	3372
#F5E8E7	48170	9.5	3372
#F5E8E7	48169.5	9	3372
#F6EBE9	48169.5	10	3373
#F6EBE9	48170	10.5	3373
#F6EBE9	48170.5	10	3373
#F6EBE9	48170	9.5	3373
#EFDCD9	48170	10.5	3374
#EFDCD9	48170.5	11	3374
#EFDCD9	48171	10.5	3374
#EFDCD9	48170.5	10	3374
#EBD2CF	48170.5	11	3375
#EBD2CF	48171	11.5	3375
#EBD2CF	48171.5	11	3375
#EBD2CF	48171	10.5	3375
#FBF6F6	48171	11.5	3376
#FBF6F6	48171.5	12	3376
#FBF6F6	48172	11.5	3376
#FBF6F6	48171.5	11	3376
#F1DFDC	48171.5	12	3377
#F1DFDC	48172	12.5	3377
#F1DFDC	48172.5	12	3377
#F1DFDC	48172	11.5	3377
#F8EEED	48172	12.5	3378
#F8EEED	48172.5	13	3378
#F8EEED	48173	12.5	3378
#F8EEED	48172.5	12	3378
#F6EAE9	48172.5	13	3379
#F6EAE9	48173	13.5	3379
#F6EAE9	48173.5	13	3379
#F6EAE9	48173	12.5	3379
#FDF9F9	48173	13.5	3380
#FDF9F9	48173.5	14	3380
#FDF9F9	48174	13.5	3380
#FDF9F9	48173.5	13	3380
#F7ECEA	48173.5	14	3381
#F7ECEA	48174	14.5	3381
#F7ECEA	48174.5	14	3381
#F7ECEA	48174	13.5	3381
#FFFEFE	48174	14.5	3382
#FFFEFE	48174.5	15	3382
#FFFEFE	48175	14.5	3382
#FFFEFE	48174.5	14	3382
#FEFDFE	48174.5	15	3383
#FEFDFE	48175	15.5	3383
#FEFDFE	48175.5	15	3383
#FEFDFE	48175	14.5	3383
#FDFAF9	48175	15.5	3384
#FDFAF9	48175.5	16	3384
#FDFAF9	48176	15.5	3384
#FDFAF9	48175.5	15	3384
#FFFEFE	48175.5	16	3385
#FFFEFE	48176	16.5	3385
#FFFEFE	48176.5	16	3385
#FFFEFE	48176	15.5	3385
#FCF8F8	48176	16.5	3386
#FCF8F8	48176.5	17	3386
#FCF8F8	48177	16.5	3386
#FCF8F8	48176.5	16	3386
#F3E3E1	48176.5	17	3387
#F3E3E1	48177	17.5	3387
#F3E3E1	48177.5	17	3387
#F3E3E1	48177	16.5	3387
#F8EFED	48177	17.5	3388
#F8EFED	48177.5	18	3388
#F8EFED	48178	17.5	3388
#F8EFED	48177.5	17	3388
#FEFCFB	48177.5	18	3389
#FEFCFB	48178	18.5	3389
#FEFCFB	48178.5	18	3389
#FEFCFB	48178	17.5	3389
#FDFBFA	48178	18.5	3390
#FDFBFA	48178.5	19	3390
#FDFBFA	48179	18.5	3390
#FDFBFA	48178.5	18	3390
#F6EBEA	48178.5	19	3391
#F6EBEA	48179	19.5	3391
#F6EBEA	48179.5	19	3391
#F6EBEA	48179	18.5	3391
#FFFEFF	48179	19.5	3392
#FFFEFF	48179.5	20	3392
#FFFEFF	48180	19.5	3392
#FFFEFF	48179.5	19	3392
#DAB2AD	48160.5	0	3393
#DAB2AD	48161	0.5	3393
#DAB2AD	48161.5	0	3393
#DAB2AD	48161	-0.5	3393
#C68D86	48161	0.5	3394
#C68D86	48161.5	1	3394
#C68D86	48162	0.5	3394
#C68D86	48161.5	0	3394
#B6726B	48161.5	1	3395
#B6726B	48162	1.5	3395
#B6726B	48162.5	1	3395
#B6726B	48162	0.5	3395
#B5716A	48162	1.5	3396
#B5716A	48162.5	2	3396
#B5716A	48163	1.5	3396
#B5716A	48162.5	1	3396
#FBF5F5	48162.5	2	3397
#FBF5F5	48163	2.5	3397
#FBF5F5	48163.5	2	3397
#FBF5F5	48163	1.5	3397
#E6C9C5	48163	2.5	3398
#E6C9C5	48163.5	3	3398
#E6C9C5	48164	2.5	3398
#E6C9C5	48163.5	2	3398
#ECE9F5	48163.5	3	3399
#ECE9F5	48164	3.5	3399
#ECE9F5	48164.5	3	3399
#ECE9F5	48164	2.5	3399
#DAD5EB	48164	3.5	3400
#DAD5EB	48164.5	4	3400
#DAD5EB	48165	3.5	3400
#DAD5EB	48164.5	3	3400
#DCD7EC	48164.5	4	3401
#DCD7EC	48165	4.5	3401
#DCD7EC	48165.5	4	3401
#DCD7EC	48165	3.5	3401
#8A7FBF	48165	4.5	3402
#8A7FBF	48165.5	5	3402
#8A7FBF	48166	4.5	3402
#8A7FBF	48165.5	4	3402
#D6D0E9	48165.5	5	3403
#D6D0E9	48166	5.5	3403
#D6D0E9	48166.5	5	3403
#D6D0E9	48166	4.5	3403
#F2E2E0	48166	5.5	3404
#F2E2E0	48166.5	6	3404
#F2E2E0	48167	5.5	3404
#F2E2E0	48166.5	5	3404
#F5E8E6	48166.5	6	3405
#F5E8E6	48167	6.5	3405
#F5E8E6	48167.5	6	3405
#F5E8E6	48167	5.5	3405
#FFFFFF	48167	6.5	3406
#FFFFFF	48167.5	7	3406
#FFFFFF	48168	6.5	3406
#FFFFFF	48167.5	6	3406
#FFFFFF	48167.5	7	3407
#FFFFFF	48168	7.5	3407
#FFFFFF	48168.5	7	3407
#FFFFFF	48168	6.5	3407
#FDFCFE	48168	7.5	3408
#FDFCFE	48168.5	8	3408
#FDFCFE	48169	7.5	3408
#FDFCFE	48168.5	7	3408
#FEFEFF	48168.5	8	3409
#FEFEFF	48169	8.5	3409
#FEFEFF	48169.5	8	3409
#FEFEFF	48169	7.5	3409
#FEFDFD	48169	8.5	3410
#FEFDFD	48169.5	9	3410
#FEFDFD	48170	8.5	3410
#FEFDFD	48169.5	8	3410
#F6EAE9	48169.5	9	3411
#F6EAE9	48170	9.5	3411
#F6EAE9	48170.5	9	3411
#F6EAE9	48170	8.5	3411
#F9F0EF	48170	9.5	3412
#F9F0EF	48170.5	10	3412
#F9F0EF	48171	9.5	3412
#F9F0EF	48170.5	9	3412
#F4E7E5	48170.5	10	3413
#F4E7E5	48171	10.5	3413
#F4E7E5	48171.5	10	3413
#F4E7E5	48171	9.5	3413
#FDFAFA	48171	10.5	3414
#FDFAFA	48171.5	11	3414
#FDFAFA	48172	10.5	3414
#FDFAFA	48171.5	10	3414
#FAF4F3	48171.5	11	3415
#FAF4F3	48172	11.5	3415
#FAF4F3	48172.5	11	3415
#FAF4F3	48172	10.5	3415
#F5E8E6	48172	11.5	3416
#F5E8E6	48172.5	12	3416
#F5E8E6	48173	11.5	3416
#F5E8E6	48172.5	11	3416
#F7EDEB	48172.5	12	3417
#F7EDEB	48173	12.5	3417
#F7EDEB	48173.5	12	3417
#F7EDEB	48173	11.5	3417
#FBF5F4	48173	12.5	3418
#FBF5F4	48173.5	13	3418
#FBF5F4	48174	12.5	3418
#FBF5F4	48173.5	12	3418
#F9F1F0	48173.5	13	3419
#F9F1F0	48174	13.5	3419
#F9F1F0	48174.5	13	3419
#F9F1F0	48174	12.5	3419
#FAF4F3	48174	13.5	3420
#FAF4F3	48174.5	14	3420
#FAF4F3	48175	13.5	3420
#FAF4F3	48174.5	13	3420
#FBF7F6	48174.5	14	3421
#FBF7F6	48175	14.5	3421
#FBF7F6	48175.5	14	3421
#FBF7F6	48175	13.5	3421
#FCF7F7	48175	14.5	3422
#FCF7F7	48175.5	15	3422
#FCF7F7	48176	14.5	3422
#FCF7F7	48175.5	14	3422
#FEFEFE	48175.5	15	3423
#FEFEFE	48176	15.5	3423
#FEFEFE	48176.5	15	3423
#FEFEFE	48176	14.5	3423
#FFFFFF	48176	15.5	3424
#FFFFFF	48176.5	16	3424
#FFFFFF	48177	15.5	3424
#FFFFFF	48176.5	15	3424
#FBF5F4	48176.5	16	3425
#FBF5F4	48177	16.5	3425
#FBF5F4	48177.5	16	3425
#FBF5F4	48177	15.5	3425
#F8F0EF	48177	16.5	3426
#F8F0EF	48177.5	17	3426
#F8F0EF	48178	16.5	3426
#F8F0EF	48177.5	16	3426
#FCF9F8	48177.5	17	3427
#FCF9F8	48178	17.5	3427
#FCF9F8	48178.5	17	3427
#FCF9F8	48178	16.5	3427
#FBF5F4	48178	17.5	3428
#FBF5F4	48178.5	18	3428
#FBF5F4	48179	17.5	3428
#FBF5F4	48178.5	17	3428
#FEFCFB	48178.5	18	3429
#FEFCFB	48179	18.5	3429
#FEFCFB	48179.5	18	3429
#FEFCFB	48179	17.5	3429
#FFFEFE	48179	18.5	3430
#FFFEFE	48179.5	19	3430
#FFFEFE	48180	18.5	3430
#FFFEFE	48179.5	18	3430
#FDFBFB	48179.5	19	3431
#FDFBFB	48180	19.5	3431
#FDFBFB	48180.5	19	3431
#FDFBFB	48180	18.5	3431
#E2C0BC	48161.5	0	3432
#E2C0BC	48162	0.5	3432
#E2C0BC	48162.5	0	3432
#E2C0BC	48162	-0.5	3432
#FDF9F9	48162	0.5	3433
#FDF9F9	48162.5	1	3433
#FDF9F9	48163	0.5	3433
#FDF9F9	48162.5	0	3433
#F8EEED	48162.5	1	3434
#F8EEED	48163	1.5	3434
#F8EEED	48163.5	1	3434
#F8EEED	48163	0.5	3434
#FCFBFD	48163	1.5	3435
#FCFBFD	48163.5	2	3435
#FCFBFD	48164	1.5	3435
#FCFBFD	48163.5	1	3435
#E8CDC9	48163.5	2	3436
#E8CDC9	48164	2.5	3436
#E8CDC9	48164.5	2	3436
#E8CDC9	48164	1.5	3436
#F4F2F9	48164	2.5	3437
#F4F2F9	48164.5	3	3437
#F4F2F9	48165	2.5	3437
#F4F2F9	48164.5	2	3437
#DBD6EB	48164.5	3	3438
#DBD6EB	48165	3.5	3438
#DBD6EB	48165.5	3	3438
#DBD6EB	48165	2.5	3438
#F1EFF7	48165	3.5	3439
#F1EFF7	48165.5	4	3439
#F1EFF7	48166	3.5	3439
#F1EFF7	48165.5	3	3439
#E7E3F2	48165.5	4	3440
#E7E3F2	48166	4.5	3440
#E7E3F2	48166.5	4	3440
#E7E3F2	48166	3.5	3440
#FAF9FC	48166	4.5	3441
#FAF9FC	48166.5	5	3441
#FAF9FC	48167	4.5	3441
#FAF9FC	48166.5	4	3441
#EAD1CE	48166.5	5	3442
#EAD1CE	48167	5.5	3442
#EAD1CE	48167.5	5	3442
#EAD1CE	48167	4.5	3442
#EFDCD9	48167	5.5	3443
#EFDCD9	48167.5	6	3443
#EFDCD9	48168	5.5	3443
#EFDCD9	48167.5	5	3443
#F6EAE9	48167.5	6	3444
#F6EAE9	48168	6.5	3444
#F6EAE9	48168.5	6	3444
#F6EAE9	48168	5.5	3444
#FAF4F4	48168	6.5	3445
#FAF4F4	48168.5	7	3445
#FAF4F4	48169	6.5	3445
#FAF4F4	48168.5	6	3445
#FEFCFC	48168.5	7	3446
#FEFCFC	48169	7.5	3446
#FEFCFC	48169.5	7	3446
#FEFCFC	48169	6.5	3446
#FAF4F3	48169	7.5	3447
#FAF4F3	48169.5	8	3447
#FAF4F3	48170	7.5	3447
#FAF4F3	48169.5	7	3447
#F3E4E2	48169.5	8	3448
#F3E4E2	48170	8.5	3448
#F3E4E2	48170.5	8	3448
#F3E4E2	48170	7.5	3448
#EEDAD7	48170	8.5	3449
#EEDAD7	48170.5	9	3449
#EEDAD7	48171	8.5	3449
#EEDAD7	48170.5	8	3449
#F4E5E3	48170.5	9	3450
#F4E5E3	48171	9.5	3450
#F4E5E3	48171.5	9	3450
#F4E5E3	48171	8.5	3450
#ECD5D2	48171	9.5	3451
#ECD5D2	48171.5	10	3451
#ECD5D2	48172	9.5	3451
#ECD5D2	48171.5	9	3451
#F5E8E7	48171.5	10	3452
#F5E8E7	48172	10.5	3452
#F5E8E7	48172.5	10	3452
#F5E8E7	48172	9.5	3452
#F5E8E6	48172	10.5	3453
#F5E8E6	48172.5	11	3453
#F5E8E6	48173	10.5	3453
#F5E8E6	48172.5	10	3453
#FCF8F7	48172.5	11	3454
#FCF8F7	48173	11.5	3454
#FCF8F7	48173.5	11	3454
#FCF8F7	48173	10.5	3454
#F9F1F0	48173	11.5	3455
#F9F1F0	48173.5	12	3455
#F9F1F0	48174	11.5	3455
#F9F1F0	48173.5	11	3455
#FCF8F7	48173.5	12	3456
#FCF8F7	48174	12.5	3456
#FCF8F7	48174.5	12	3456
#FCF8F7	48174	11.5	3456
#FEFCFC	48174	12.5	3457
#FEFCFC	48174.5	13	3457
#FEFCFC	48175	12.5	3457
#FEFCFC	48174.5	12	3457
#F5E9E8	48174.5	13	3458
#F5E9E8	48175	13.5	3458
#F5E9E8	48175.5	13	3458
#F5E9E8	48175	12.5	3458
#F6EBE9	48175	13.5	3459
#F6EBE9	48175.5	14	3459
#F6EBE9	48176	13.5	3459
#F6EBE9	48175.5	13	3459
#F9F2F1	48175.5	14	3460
#F9F2F1	48176	14.5	3460
#F9F2F1	48176.5	14	3460
#F9F2F1	48176	13.5	3460
#FEFCFC	48176	14.5	3461
#FEFCFC	48176.5	15	3461
#FEFCFC	48177	14.5	3461
#FEFCFC	48176.5	14	3461
#FFFFFF	48176.5	15	3462
#FFFFFF	48177	15.5	3462
#FFFFFF	48177.5	15	3462
#FFFFFF	48177	14.5	3462
#F9F1F0	48177	15.5	3463
#F9F1F0	48177.5	16	3463
#F9F1F0	48178	15.5	3463
#F9F1F0	48177.5	15	3463
#FEFDFD	48177.5	16	3464
#FEFDFD	48178	16.5	3464
#FEFDFD	48178.5	16	3464
#FEFDFD	48178	15.5	3464
#FCF9F8	48178	16.5	3465
#FCF9F8	48178.5	17	3465
#FCF9F8	48179	16.5	3465
#FCF9F8	48178.5	16	3465
#FCF8F7	48178.5	17	3466
#FCF8F7	48179	17.5	3466
#FCF8F7	48179.5	17	3466
#FCF8F7	48179	16.5	3466
#FDFBFB	48179	17.5	3467
#FDFBFB	48179.5	18	3467
#FDFBFB	48180	17.5	3467
#FDFBFB	48179.5	17	3467
#FEFEFE	48179.5	18	3468
#FEFEFE	48180	18.5	3468
#FEFEFE	48180.5	18	3468
#FEFEFE	48180	17.5	3468
#FBF6F6	48180	18.5	3469
#FBF6F6	48180.5	19	3469
#FBF6F6	48181	18.5	3469
#FBF6F6	48180.5	18	3469
#D7ABA6	48162.5	0	3470
#D7ABA6	48163	0.5	3470
#D7ABA6	48163.5	0	3470
#D7ABA6	48163	-0.5	3470
#FBF6F5	48163	0.5	3471
#FBF6F5	48163.5	1	3471
#FBF6F5	48164	0.5	3471
#FBF6F5	48163.5	0	3471
#FEFDFD	48163.5	1	3472
#FEFDFD	48164	1.5	3472
#FEFDFD	48164.5	1	3472
#FEFDFD	48164	0.5	3472
#F1E0DD	48164	1.5	3473
#F1E0DD	48164.5	2	3473
#F1E0DD	48165	1.5	3473
#F1E0DD	48164.5	1	3473
#FCFBFD	48164.5	2	3474
#FCFBFD	48165	2.5	3474
#FCFBFD	48165.5	2	3474
#FCFBFD	48165	1.5	3474
#F0EEF7	48165	2.5	3475
#F0EEF7	48165.5	3	3475
#F0EEF7	48166	2.5	3475
#F0EEF7	48165.5	2	3475
#FBF7F6	48165.5	3	3476
#FBF7F6	48166	3.5	3476
#FBF7F6	48166.5	3	3476
#FBF7F6	48166	2.5	3476
#F5F3F9	48166	3.5	3477
#F5F3F9	48166.5	4	3477
#F5F3F9	48167	3.5	3477
#F5F3F9	48166.5	3	3477
#FEFEFE	48166.5	4	3478
#FEFEFE	48167	4.5	3478
#FEFEFE	48167.5	4	3478
#FEFEFE	48167	3.5	3478
#E3C2BD	48167	4.5	3479
#E3C2BD	48167.5	5	3479
#E3C2BD	48168	4.5	3479
#E3C2BD	48167.5	4	3479
#E8CCC8	48167.5	5	3480
#E8CCC8	48168	5.5	3480
#E8CCC8	48168.5	5	3480
#E8CCC8	48168	4.5	3480
#F8EFEE	48168	5.5	3481
#F8EFEE	48168.5	6	3481
#F8EFEE	48169	5.5	3481
#F8EFEE	48168.5	5	3481
#F9F1F0	48168.5	6	3482
#F9F1F0	48169	6.5	3482
#F9F1F0	48169.5	6	3482
#F9F1F0	48169	5.5	3482
#FAF2F1	48169	6.5	3483
#FAF2F1	48169.5	7	3483
#FAF2F1	48170	6.5	3483
#FAF2F1	48169.5	6	3483
#FDFBFB	48169.5	7	3484
#FDFBFB	48170	7.5	3484
#FDFBFB	48170.5	7	3484
#FDFBFB	48170	6.5	3484
#F8EFEE	48170	7.5	3485
#F8EFEE	48170.5	8	3485
#F8EFEE	48171	7.5	3485
#F8EFEE	48170.5	7	3485
#EDD7D4	48170.5	8	3486
#EDD7D4	48171	8.5	3486
#EDD7D4	48171.5	8	3486
#EDD7D4	48171	7.5	3486
#EED8D6	48171	8.5	3487
#EED8D6	48171.5	9	3487
#EED8D6	48172	8.5	3487
#EED8D6	48171.5	8	3487
#F4E7E5	48171.5	9	3488
#F4E7E5	48172	9.5	3488
#F4E7E5	48172.5	9	3488
#F4E7E5	48172	8.5	3488
#F9F0EF	48172	9.5	3489
#F9F0EF	48172.5	10	3489
#F9F0EF	48173	9.5	3489
#F9F0EF	48172.5	9	3489
#F7EDEC	48172.5	10	3490
#F7EDEC	48173	10.5	3490
#F7EDEC	48173.5	10	3490
#F7EDEC	48173	9.5	3490
#F8EEED	48173	10.5	3491
#F8EEED	48173.5	11	3491
#F8EEED	48174	10.5	3491
#F8EEED	48173.5	10	3491
#FEFDFD	48173.5	11	3492
#FEFDFD	48174	11.5	3492
#FEFDFD	48174.5	11	3492
#FEFDFD	48174	10.5	3492
#FCF8F8	48174	11.5	3493
#FCF8F8	48174.5	12	3493
#FCF8F8	48175	11.5	3493
#FCF8F8	48174.5	11	3493
#FCF8F8	48174.5	12	3494
#FCF8F8	48175	12.5	3494
#FCF8F8	48175.5	12	3494
#FCF8F8	48175	11.5	3494
#FEFDFD	48175	12.5	3495
#FEFDFD	48175.5	13	3495
#FEFDFD	48176	12.5	3495
#FEFDFD	48175.5	12	3495
#FCF9F8	48175.5	13	3496
#FCF9F8	48176	13.5	3496
#FCF9F8	48176.5	13	3496
#FCF9F8	48176	12.5	3496
#FEFCFB	48176	13.5	3497
#FEFCFB	48176.5	14	3497
#FEFCFB	48177	13.5	3497
#FEFCFB	48176.5	13	3497
#FEFCFC	48176.5	14	3498
#FEFCFC	48177	14.5	3498
#FEFCFC	48177.5	14	3498
#FEFCFC	48177	13.5	3498
#FDFAFA	48177	14.5	3499
#FDFAFA	48177.5	15	3499
#FDFAFA	48178	14.5	3499
#FDFAFA	48177.5	14	3499
#FAF3F2	48177.5	15	3500
#FAF3F2	48178	15.5	3500
#FAF3F2	48178.5	15	3500
#FAF3F2	48178	14.5	3500
#FBF6F5	48178	15.5	3501
#FBF6F5	48178.5	16	3501
#FBF6F5	48179	15.5	3501
#FBF6F5	48178.5	15	3501
#FCF7F6	48178.5	16	3502
#FCF7F6	48179	16.5	3502
#FCF7F6	48179.5	16	3502
#FCF7F6	48179	15.5	3502
#FEFEFE	48179	16.5	3503
#FEFEFE	48179.5	17	3503
#FEFEFE	48180	16.5	3503
#FEFEFE	48179.5	16	3503
#FEFDFC	48179.5	17	3504
#FEFDFC	48180	17.5	3504
#FEFDFC	48180.5	17	3504
#FEFDFC	48180	16.5	3504
#FEFCFB	48180	17.5	3505
#FEFCFB	48180.5	18	3505
#FEFCFB	48181	17.5	3505
#FEFCFB	48180.5	17	3505
#F8EEED	48180.5	18	3506
#F8EEED	48181	18.5	3506
#F8EEED	48181.5	18	3506
#F8EEED	48181	17.5	3506
#D8AEA8	48163.5	0	3507
#D8AEA8	48164	0.5	3507
#D8AEA8	48164.5	0	3507
#D8AEA8	48164	-0.5	3507
#FCF8F8	48164	0.5	3508
#FCF8F8	48164.5	1	3508
#FCF8F8	48165	0.5	3508
#FCF8F8	48164.5	0	3508
#E7CBC7	48164.5	1	3509
#E7CBC7	48165	1.5	3509
#E7CBC7	48165.5	1	3509
#E7CBC7	48165	0.5	3509
#FCF8F7	48165	1.5	3510
#FCF8F7	48165.5	2	3510
#FCF8F7	48166	1.5	3510
#FCF8F7	48165.5	1	3510
#FDFDFE	48165.5	2	3511
#FDFDFE	48166	2.5	3511
#FDFDFE	48166.5	2	3511
#FDFDFE	48166	1.5	3511
#E8CECA	48166	2.5	3512
#E8CECA	48166.5	3	3512
#E8CECA	48167	2.5	3512
#E8CECA	48166.5	2	3512
#F7ECEA	48166.5	3	3513
#F7ECEA	48167	3.5	3513
#F7ECEA	48167.5	3	3513
#F7ECEA	48167	2.5	3513
#F5E8E7	48167	3.5	3514
#F5E8E7	48167.5	4	3514
#F5E8E7	48168	3.5	3514
#F5E8E7	48167.5	3	3514
#D7ABA6	48167.5	4	3515
#D7ABA6	48168	4.5	3515
#D7ABA6	48168.5	4	3515
#D7ABA6	48168	3.5	3515
#DEB8B3	48168	4.5	3516
#DEB8B3	48168.5	5	3516
#DEB8B3	48169	4.5	3516
#DEB8B3	48168.5	4	3516
#E2C1BD	48168.5	5	3517
#E2C1BD	48169	5.5	3517
#E2C1BD	48169.5	5	3517
#E2C1BD	48169	4.5	3517
#E5C6C2	48169	5.5	3518
#E5C6C2	48169.5	6	3518
#E5C6C2	48170	5.5	3518
#E5C6C2	48169.5	5	3518
#F6EBEA	48169.5	6	3519
#F6EBEA	48170	6.5	3519
#F6EBEA	48170.5	6	3519
#F6EBEA	48170	5.5	3519
#F8EEED	48170	6.5	3520
#F8EEED	48170.5	7	3520
#F8EEED	48171	6.5	3520
#F8EEED	48170.5	6	3520
#EDD6D3	48170.5	7	3521
#EDD6D3	48171	7.5	3521
#EDD6D3	48171.5	7	3521
#EDD6D3	48171	6.5	3521
#D8ADA7	48171	7.5	3522
#D8ADA7	48171.5	8	3522
#D8ADA7	48172	7.5	3522
#D8ADA7	48171.5	7	3522
#F1E0DE	48171.5	8	3523
#F1E0DE	48172	8.5	3523
#F1E0DE	48172.5	8	3523
#F1E0DE	48172	7.5	3523
#E4C4C0	48172	8.5	3524
#E4C4C0	48172.5	9	3524
#E4C4C0	48173	8.5	3524
#E4C4C0	48172.5	8	3524
#ECD5D2	48172.5	9	3525
#ECD5D2	48173	9.5	3525
#ECD5D2	48173.5	9	3525
#ECD5D2	48173	8.5	3525
#F3E4E2	48173	9.5	3526
#F3E4E2	48173.5	10	3526
#F3E4E2	48174	9.5	3526
#F3E4E2	48173.5	9	3526
#FDFBFB	48173.5	10	3527
#FDFBFB	48174	10.5	3527
#FDFBFB	48174.5	10	3527
#FDFBFB	48174	9.5	3527
#FAF2F2	48174	10.5	3528
#FAF2F2	48174.5	11	3528
#FAF2F2	48175	10.5	3528
#FAF2F2	48174.5	10	3528
#FEFCFC	48174.5	11	3529
#FEFCFC	48175	11.5	3529
#FEFCFC	48175.5	11	3529
#FEFCFC	48175	10.5	3529
#FEFDFD	48175	11.5	3530
#FEFDFD	48175.5	12	3530
#FEFDFD	48176	11.5	3530
#FEFDFD	48175.5	11	3530
#FDFAF9	48175.5	12	3531
#FDFAF9	48176	12.5	3531
#FDFAF9	48176.5	12	3531
#FDFAF9	48176	11.5	3531
#FCF8F7	48176	12.5	3532
#FCF8F7	48176.5	13	3532
#FCF8F7	48177	12.5	3532
#FCF8F7	48176.5	12	3532
#FFFEFE	48176.5	13	3533
#FFFEFE	48177	13.5	3533
#FFFEFE	48177.5	13	3533
#FFFEFE	48177	12.5	3533
#FDFBFA	48177	13.5	3534
#FDFBFA	48177.5	14	3534
#FDFBFA	48178	13.5	3534
#FDFBFA	48177.5	13	3534
#FEFCFC	48177.5	14	3535
#FEFCFC	48178	14.5	3535
#FEFCFC	48178.5	14	3535
#FEFCFC	48178	13.5	3535
#FCF9F8	48178	14.5	3536
#FCF9F8	48178.5	15	3536
#FCF9F8	48179	14.5	3536
#FCF9F8	48178.5	14	3536
#FCF9F8	48178.5	15	3537
#FCF9F8	48179	15.5	3537
#FCF9F8	48179.5	15	3537
#FCF9F8	48179	14.5	3537
#FEFCFC	48179	15.5	3538
#FEFCFC	48179.5	16	3538
#FEFCFC	48180	15.5	3538
#FEFCFC	48179.5	15	3538
#FFFEFF	48179.5	16	3539
#FFFEFF	48180	16.5	3539
#FFFEFF	48180.5	16	3539
#FFFEFF	48180	15.5	3539
#FEFCFC	48180	16.5	3540
#FEFCFC	48180.5	17	3540
#FEFCFC	48181	16.5	3540
#FEFCFC	48180.5	16	3540
#F1DFDC	48180.5	17	3541
#F1DFDC	48181	17.5	3541
#F1DFDC	48181.5	17	3541
#F1DFDC	48181	16.5	3541
#FFFFFF	48181	17.5	3542
#FFFFFF	48181.5	18	3542
#FFFFFF	48182	17.5	3542
#FFFFFF	48181.5	17	3542
#C78E88	48164.5	0	3543
#C78E88	48165	0.5	3543
#C78E88	48165.5	0	3543
#C78E88	48165	-0.5	3543
#C58C85	48165	0.5	3544
#C58C85	48165.5	1	3544
#C58C85	48166	0.5	3544
#C58C85	48165.5	0	3544
#EED9D6	48165.5	1	3545
#EED9D6	48166	1.5	3545
#EED9D6	48166.5	1	3545
#EED9D6	48166	0.5	3545
#FAF4F3	48166	1.5	3546
#FAF4F3	48166.5	2	3546
#FAF4F3	48167	1.5	3546
#FAF4F3	48166.5	1	3546
#D09E98	48166.5	2	3547
#D09E98	48167	2.5	3547
#D09E98	48167.5	2	3547
#D09E98	48167	1.5	3547
#F4E6E4	48167	2.5	3548
#F4E6E4	48167.5	3	3548
#F4E6E4	48168	2.5	3548
#F4E6E4	48167.5	2	3548
#E1BFBB	48167.5	3	3549
#E1BFBB	48168	3.5	3549
#E1BFBB	48168.5	3	3549
#E1BFBB	48168	2.5	3549
#BD7E77	48168	3.5	3550
#BD7E77	48168.5	4	3550
#BD7E77	48169	3.5	3550
#BD7E77	48168.5	3	3550
#C38881	48168.5	4	3551
#C38881	48169	4.5	3551
#C38881	48169.5	4	3551
#C38881	48169	3.5	3551
#D8ADA8	48169	4.5	3552
#D8ADA8	48169.5	5	3552
#D8ADA8	48170	4.5	3552
#D8ADA8	48169.5	4	3552
#DBB3AE	48169.5	5	3553
#DBB3AE	48170	5.5	3553
#DBB3AE	48170.5	5	3553
#DBB3AE	48170	4.5	3553
#EBD4D0	48170	5.5	3554
#EBD4D0	48170.5	6	3554
#EBD4D0	48171	5.5	3554
#EBD4D0	48170.5	5	3554
#E8CDC9	48170.5	6	3555
#E8CDC9	48171	6.5	3555
#E8CDC9	48171.5	6	3555
#E8CDC9	48171	5.5	3555
#E5C7C3	48171	6.5	3556
#E5C7C3	48171.5	7	3556
#E5C7C3	48172	6.5	3556
#E5C7C3	48171.5	6	3556
#D4A6A0	48171.5	7	3557
#D4A6A0	48172	7.5	3557
#D4A6A0	48172.5	7	3557
#D4A6A0	48172	6.5	3557
#E9CECA	48172	7.5	3558
#E9CECA	48172.5	8	3558
#E9CECA	48173	7.5	3558
#E9CECA	48172.5	7	3558
#E7CAC6	48172.5	8	3559
#E7CAC6	48173	8.5	3559
#E7CAC6	48173.5	8	3559
#E7CAC6	48173	7.5	3559
#F3E4E1	48173	8.5	3560
#F3E4E1	48173.5	9	3560
#F3E4E1	48174	8.5	3560
#F3E4E1	48173.5	8	3560
#ECD4D1	48173.5	9	3561
#ECD4D1	48174	9.5	3561
#ECD4D1	48174.5	9	3561
#ECD4D1	48174	8.5	3561
#FAF4F3	48174	9.5	3562
#FAF4F3	48174.5	10	3562
#FAF4F3	48175	9.5	3562
#FAF4F3	48174.5	9	3562
#FAF3F2	48174.5	10	3563
#FAF3F2	48175	10.5	3563
#FAF3F2	48175.5	10	3563
#FAF3F2	48175	9.5	3563
#FEFCFC	48175	10.5	3564
#FEFCFC	48175.5	11	3564
#FEFCFC	48176	10.5	3564
#FEFCFC	48175.5	10	3564
#FEFEFE	48175.5	11	3565
#FEFEFE	48176	11.5	3565
#FEFEFE	48176.5	11	3565
#FEFEFE	48176	10.5	3565
#FAF3F2	48176	11.5	3566
#FAF3F2	48176.5	12	3566
#FAF3F2	48177	11.5	3566
#FAF3F2	48176.5	11	3566
#FCF9F8	48176.5	12	3567
#FCF9F8	48177	12.5	3567
#FCF9F8	48177.5	12	3567
#FCF9F8	48177	11.5	3567
#FDFDFE	48177	12.5	3568
#FDFDFE	48177.5	13	3568
#FDFDFE	48178	12.5	3568
#FDFDFE	48177.5	12	3568
#F9F0EF	48177.5	13	3569
#F9F0EF	48178	13.5	3569
#F9F0EF	48178.5	13	3569
#F9F0EF	48178	12.5	3569
#FDF9F9	48178	13.5	3570
#FDF9F9	48178.5	14	3570
#FDF9F9	48179	13.5	3570
#FDF9F9	48178.5	13	3570
#FFFFFF	48178.5	14	3571
#FFFFFF	48179	14.5	3571
#FFFFFF	48179.5	14	3571
#FFFFFF	48179	13.5	3571
#F7ECEB	48179	14.5	3572
#F7ECEB	48179.5	15	3572
#F7ECEB	48180	14.5	3572
#F7ECEB	48179.5	14	3572
#FFFFFF	48179.5	15	3573
#FFFFFF	48180	15.5	3573
#FFFFFF	48180.5	15	3573
#FFFFFF	48180	14.5	3573
#FDFCFE	48180	15.5	3574
#FDFCFE	48180.5	16	3574
#FDFCFE	48181	15.5	3574
#FDFCFE	48180.5	15	3574
#FEFDFC	48180.5	16	3575
#FEFDFC	48181	16.5	3575
#FEFDFC	48181.5	16	3575
#FEFDFC	48181	15.5	3575
#FCF8F7	48181	16.5	3576
#FCF8F7	48181.5	17	3576
#FCF8F7	48182	16.5	3576
#FCF8F7	48181.5	16	3576
#F8EFEE	48181.5	17	3577
#F8EFEE	48182	17.5	3577
#F8EFEE	48182.5	17	3577
#F8EFEE	48182	16.5	3577
#832424	48165.5	0	3578
#832424	48166	0.5	3578
#832424	48166.5	0	3578
#832424	48166	-0.5	3578
#D6A9A3	48166	0.5	3579
#D6A9A3	48166.5	1	3579
#D6A9A3	48167	0.5	3579
#D6A9A3	48166.5	0	3579
#EBD3D0	48166.5	1	3580
#EBD3D0	48167	1.5	3580
#EBD3D0	48167.5	1	3580
#EBD3D0	48167	0.5	3580
#BD7D76	48167	1.5	3581
#BD7D76	48167.5	2	3581
#BD7D76	48168	1.5	3581
#BD7D76	48167.5	1	3581
#DCB5B0	48167.5	2	3582
#DCB5B0	48168	2.5	3582
#DCB5B0	48168.5	2	3582
#DCB5B0	48168	1.5	3582
#DDB6B1	48168	2.5	3583
#DDB6B1	48168.5	3	3583
#DDB6B1	48169	2.5	3583
#DDB6B1	48168.5	2	3583
#CB968F	48168.5	3	3584
#CB968F	48169	3.5	3584
#CB968F	48169.5	3	3584
#CB968F	48169	2.5	3584
#D1A09A	48169	3.5	3585
#D1A09A	48169.5	4	3585
#D1A09A	48170	3.5	3585
#D1A09A	48169.5	3	3585
#DFBBB7	48169.5	4	3586
#DFBBB7	48170	4.5	3586
#DFBBB7	48170.5	4	3586
#DFBBB7	48170	3.5	3586
#EED9D6	48170	4.5	3587
#EED9D6	48170.5	5	3587
#EED9D6	48171	4.5	3587
#EED9D6	48170.5	4	3587
#F1DFDD	48170.5	5	3588
#F1DFDD	48171	5.5	3588
#F1DFDD	48171.5	5	3588
#F1DFDD	48171	4.5	3588
#FAF4F3	48171	5.5	3589
#FAF4F3	48171.5	6	3589
#FAF4F3	48172	5.5	3589
#FAF4F3	48171.5	5	3589
#F3E4E1	48171.5	6	3590
#F3E4E1	48172	6.5	3590
#F3E4E1	48172.5	6	3590
#F3E4E1	48172	5.5	3590
#F5E8E6	48172	6.5	3591
#F5E8E6	48172.5	7	3591
#F5E8E6	48173	6.5	3591
#F5E8E6	48172.5	6	3591
#F8EEED	48172.5	7	3592
#F8EEED	48173	7.5	3592
#F8EEED	48173.5	7	3592
#F8EEED	48173	6.5	3592
#F9F2F1	48173	7.5	3593
#F9F2F1	48173.5	8	3593
#F9F2F1	48174	7.5	3593
#F9F2F1	48173.5	7	3593
#FEFDFD	48173.5	8	3594
#FEFDFD	48174	8.5	3594
#FEFDFD	48174.5	8	3594
#FEFDFD	48174	7.5	3594
#FBF5F5	48174	8.5	3595
#FBF5F5	48174.5	9	3595
#FBF5F5	48175	8.5	3595
#FBF5F5	48174.5	8	3595
#F6EAE9	48174.5	9	3596
#F6EAE9	48175	9.5	3596
#F6EAE9	48175.5	9	3596
#F6EAE9	48175	8.5	3596
#FBF6F5	48175	9.5	3597
#FBF6F5	48175.5	10	3597
#FBF6F5	48176	9.5	3597
#FBF6F5	48175.5	9	3597
#FCF8F7	48175.5	10	3598
#FCF8F7	48176	10.5	3598
#FCF8F7	48176.5	10	3598
#FCF8F7	48176	9.5	3598
#FCF8F8	48176	10.5	3599
#FCF8F8	48176.5	11	3599
#FCF8F8	48177	10.5	3599
#FCF8F8	48176.5	10	3599
#FEFDFD	48176.5	11	3600
#FEFDFD	48177	11.5	3600
#FEFDFD	48177.5	11	3600
#FEFDFD	48177	10.5	3600
#FAF9FC	48177	11.5	3601
#FAF9FC	48177.5	12	3601
#FAF9FC	48178	11.5	3601
#FAF9FC	48177.5	11	3601
#FDFBFA	48177.5	12	3602
#FDFBFA	48178	12.5	3602
#FDFBFA	48178.5	12	3602
#FDFBFA	48178	11.5	3602
#FDFDFE	48178	12.5	3603
#FDFDFE	48178.5	13	3603
#FDFDFE	48179	12.5	3603
#FDFDFE	48178.5	12	3603
#FDFAF9	48178.5	13	3604
#FDFAF9	48179	13.5	3604
#FDFAF9	48179.5	13	3604
#FDFAF9	48179	12.5	3604
#FCF7F7	48179	13.5	3605
#FCF7F7	48179.5	14	3605
#FCF7F7	48180	13.5	3605
#FCF7F7	48179.5	13	3605
#FEFCFC	48179.5	14	3606
#FEFCFC	48180	14.5	3606
#FEFCFC	48180.5	14	3606
#FEFCFC	48180	13.5	3606
#FEFDFC	48180	14.5	3607
#FEFDFC	48180.5	15	3607
#FEFDFC	48181	14.5	3607
#FEFDFC	48180.5	14	3607
#FFFEFE	48180.5	15	3608
#FFFEFE	48181	15.5	3608
#FFFEFE	48181.5	15	3608
#FFFEFE	48181	14.5	3608
#FBF6F5	48181	15.5	3609
#FBF6F5	48181.5	16	3609
#FBF6F5	48182	15.5	3609
#FBF6F5	48181.5	15	3609
#FFFEFE	48181.5	16	3610
#FFFEFE	48182	16.5	3610
#FFFEFE	48182.5	16	3610
#FFFEFE	48182	15.5	3610
#FDFBFB	48182	16.5	3611
#FDFBFB	48182.5	17	3611
#FDFBFB	48183	16.5	3611
#FDFBFB	48182.5	16	3611
#CA958E	48166.5	0	3612
#CA958E	48167	0.5	3612
#CA958E	48167.5	0	3612
#CA958E	48167	-0.5	3612
#F1DFDC	48167	0.5	3613
#F1DFDC	48167.5	1	3613
#F1DFDC	48168	0.5	3613
#F1DFDC	48167.5	0	3613
#A95D56	48167.5	1	3614
#A95D56	48168	1.5	3614
#A95D56	48168.5	1	3614
#A95D56	48168	0.5	3614
#D5A8A3	48168	1.5	3615
#D5A8A3	48168.5	2	3615
#D5A8A3	48169	1.5	3615
#D5A8A3	48168.5	1	3615
#C78E87	48168.5	2	3616
#C78E87	48169	2.5	3616
#C78E87	48169.5	2	3616
#C78E87	48169	1.5	3616
#A95E57	48169	2.5	3617
#A95E57	48169.5	3	3617
#A95E57	48170	2.5	3617
#A95E57	48169.5	2	3617
#B26C65	48169.5	3	3618
#B26C65	48170	3.5	3618
#B26C65	48170.5	3	3618
#B26C65	48170	2.5	3618
#C9938C	48170	3.5	3619
#C9938C	48170.5	4	3619
#C9938C	48171	3.5	3619
#C9938C	48170.5	3	3619
#C68C86	48170.5	4	3620
#C68C86	48171	4.5	3620
#C68C86	48171.5	4	3620
#C68C86	48171	3.5	3620
#D4A6A1	48171	4.5	3621
#D4A6A1	48171.5	5	3621
#D4A6A1	48172	4.5	3621
#D4A6A1	48171.5	4	3621
#DEB9B5	48171.5	5	3622
#DEB9B5	48172	5.5	3622
#DEB9B5	48172.5	5	3622
#DEB9B5	48172	4.5	3622
#E3C2BE	48172	5.5	3623
#E3C2BE	48172.5	6	3623
#E3C2BE	48173	5.5	3623
#E3C2BE	48172.5	5	3623
#DFBBB7	48172.5	6	3624
#DFBBB7	48173	6.5	3624
#DFBBB7	48173.5	6	3624
#DFBBB7	48173	5.5	3624
#E8CECA	48173	6.5	3625
#E8CECA	48173.5	7	3625
#E8CECA	48174	6.5	3625
#E8CECA	48173.5	6	3625
#D5A8A2	48173.5	7	3626
#D5A8A2	48174	7.5	3626
#D5A8A2	48174.5	7	3626
#D5A8A2	48174	6.5	3626
#EAD1CD	48174	7.5	3627
#EAD1CD	48174.5	8	3627
#EAD1CD	48175	7.5	3627
#EAD1CD	48174.5	7	3627
#F1E0DE	48174.5	8	3628
#F1E0DE	48175	8.5	3628
#F1E0DE	48175.5	8	3628
#F1E0DE	48175	7.5	3628
#F2E2E0	48175	8.5	3629
#F2E2E0	48175.5	9	3629
#F2E2E0	48176	8.5	3629
#F2E2E0	48175.5	8	3629
#F9F2F1	48175.5	9	3630
#F9F2F1	48176	9.5	3630
#F9F2F1	48176.5	9	3630
#F9F2F1	48176	8.5	3630
#FAF3F2	48176	9.5	3631
#FAF3F2	48176.5	10	3631
#FAF3F2	48177	9.5	3631
#FAF3F2	48176.5	9	3631
#FBF7F6	48176.5	10	3632
#FBF7F6	48177	10.5	3632
#FBF7F6	48177.5	10	3632
#FBF7F6	48177	9.5	3632
#F7ECEB	48177	10.5	3633
#F7ECEB	48177.5	11	3633
#F7ECEB	48178	10.5	3633
#F7ECEB	48177.5	10	3633
#FAF4F3	48177.5	11	3634
#FAF4F3	48178	11.5	3634
#FAF4F3	48178.5	11	3634
#FAF4F3	48178	10.5	3634
#FEFCFC	48178	11.5	3635
#FEFCFC	48178.5	12	3635
#FEFCFC	48179	11.5	3635
#FEFCFC	48178.5	11	3635
#F9F2F1	48178.5	12	3636
#F9F2F1	48179	12.5	3636
#F9F2F1	48179.5	12	3636
#F9F2F1	48179	11.5	3636
#F9F2F1	48179	12.5	3637
#F9F2F1	48179.5	13	3637
#F9F2F1	48180	12.5	3637
#F9F2F1	48179.5	12	3637
#FCF7F7	48179.5	13	3638
#FCF7F7	48180	13.5	3638
#FCF7F7	48180.5	13	3638
#FCF7F7	48180	12.5	3638
#FCF7F6	48180	13.5	3639
#FCF7F6	48180.5	14	3639
#FCF7F6	48181	13.5	3639
#FCF7F6	48180.5	13	3639
#FAF4F3	48180.5	14	3640
#FAF4F3	48181	14.5	3640
#FAF4F3	48181.5	14	3640
#FAF4F3	48181	13.5	3640
#FEFCFC	48181	14.5	3641
#FEFCFC	48181.5	15	3641
#FEFCFC	48182	14.5	3641
#FEFCFC	48181.5	14	3641
#FEFEFD	48181.5	15	3642
#FEFEFD	48182	15.5	3642
#FEFEFD	48182.5	15	3642
#FEFEFD	48182	14.5	3642
#FBF6F5	48182	15.5	3643
#FBF6F5	48182.5	16	3643
#FBF6F5	48183	15.5	3643
#FBF6F5	48182.5	15	3643
#FCF9F8	48182.5	16	3644
#FCF9F8	48183	16.5	3644
#FCF9F8	48183.5	16	3644
#FCF9F8	48183	15.5	3644
#B16A63	48167.5	0	3645
#B16A63	48168	0.5	3645
#B16A63	48168.5	0	3645
#B16A63	48168	-0.5	3645
#D1A09A	48168	0.5	3646
#D1A09A	48168.5	1	3646
#D1A09A	48169	0.5	3646
#D1A09A	48168.5	0	3646
#E3C3BF	48168.5	1	3647
#E3C3BF	48169	1.5	3647
#E3C3BF	48169.5	1	3647
#E3C3BF	48169	0.5	3647
#CD9992	48169	1.5	3648
#CD9992	48169.5	2	3648
#CD9992	48170	1.5	3648
#CD9992	48169.5	1	3648
#BC7C75	48169.5	2	3649
#BC7C75	48170	2.5	3649
#BC7C75	48170.5	2	3649
#BC7C75	48170	1.5	3649
#C78F88	48170	2.5	3650
#C78F88	48170.5	3	3650
#C78F88	48171	2.5	3650
#C78F88	48170.5	2	3650
#D6A9A4	48170.5	3	3651
#D6A9A4	48171	3.5	3651
#D6A9A4	48171.5	3	3651
#D6A9A4	48171	2.5	3651
#D7ABA6	48171	3.5	3652
#D7ABA6	48171.5	4	3652
#D7ABA6	48172	3.5	3652
#D7ABA6	48171.5	3	3652
#ECD4D1	48171.5	4	3653
#ECD4D1	48172	4.5	3653
#ECD4D1	48172.5	4	3653
#ECD4D1	48172	3.5	3653
#EDD7D4	48172	4.5	3654
#EDD7D4	48172.5	5	3654
#EDD7D4	48173	4.5	3654
#EDD7D4	48172.5	4	3654
#EAD1CE	48172.5	5	3655
#EAD1CE	48173	5.5	3655
#EAD1CE	48173.5	5	3655
#EAD1CE	48173	4.5	3655
#DCB4AF	48173	5.5	3656
#DCB4AF	48173.5	6	3656
#DCB4AF	48174	5.5	3656
#DCB4AF	48173.5	5	3656
#E6C8C4	48173.5	6	3657
#E6C8C4	48174	6.5	3657
#E6C8C4	48174.5	6	3657
#E6C8C4	48174	5.5	3657
#E7CAC6	48174	6.5	3658
#E7CAC6	48174.5	7	3658
#E7CAC6	48175	6.5	3658
#E7CAC6	48174.5	6	3658
#E6C9C5	48174.5	7	3659
#E6C9C5	48175	7.5	3659
#E6C9C5	48175.5	7	3659
#E6C9C5	48175	6.5	3659
#F5E8E6	48175	7.5	3660
#F5E8E6	48175.5	8	3660
#F5E8E6	48176	7.5	3660
#F5E8E6	48175.5	7	3660
#FDFAF9	48175.5	8	3661
#FDFAF9	48176	8.5	3661
#FDFAF9	48176.5	8	3661
#FDFAF9	48176	7.5	3661
#F3E5E3	48176	8.5	3662
#F3E5E3	48176.5	9	3662
#F3E5E3	48177	8.5	3662
#F3E5E3	48176.5	8	3662
#FAF5F4	48176.5	9	3663
#FAF5F4	48177	9.5	3663
#FAF5F4	48177.5	9	3663
#FAF5F4	48177	8.5	3663
#FBF6F6	48177	9.5	3664
#FBF6F6	48177.5	10	3664
#FBF6F6	48178	9.5	3664
#FBF6F6	48177.5	9	3664
#FBF6F5	48177.5	10	3665
#FBF6F5	48178	10.5	3665
#FBF6F5	48178.5	10	3665
#FBF6F5	48178	9.5	3665
#F6EBEA	48178	10.5	3666
#F6EBEA	48178.5	11	3666
#F6EBEA	48179	10.5	3666
#F6EBEA	48178.5	10	3666
#F9F2F1	48178.5	11	3667
#F9F2F1	48179	11.5	3667
#F9F2F1	48179.5	11	3667
#F9F2F1	48179	10.5	3667
#FDFBFA	48179	11.5	3668
#FDFBFA	48179.5	12	3668
#FDFBFA	48180	11.5	3668
#FDFBFA	48179.5	11	3668
#FBF6F5	48179.5	12	3669
#FBF6F5	48180	12.5	3669
#FBF6F5	48180.5	12	3669
#FBF6F5	48180	11.5	3669
#FDFAFA	48180	12.5	3670
#FDFAFA	48180.5	13	3670
#FDFAFA	48181	12.5	3670
#FDFAFA	48180.5	12	3670
#FAF3F2	48180.5	13	3671
#FAF3F2	48181	13.5	3671
#FAF3F2	48181.5	13	3671
#FAF3F2	48181	12.5	3671
#F7EEEC	48181	13.5	3672
#F7EEEC	48181.5	14	3672
#F7EEEC	48182	13.5	3672
#F7EEEC	48181.5	13	3672
#FEFDFD	48181.5	14	3673
#FEFDFD	48182	14.5	3673
#FEFDFD	48182.5	14	3673
#FEFDFD	48182	13.5	3673
#FDFAF9	48182	14.5	3674
#FDFAF9	48182.5	15	3674
#FDFAF9	48183	14.5	3674
#FDFAF9	48182.5	14	3674
#FCF7F7	48182.5	15	3675
#FCF7F7	48183	15.5	3675
#FCF7F7	48183.5	15	3675
#FCF7F7	48183	14.5	3675
#FCF9F8	48183	15.5	3676
#FCF9F8	48183.5	16	3676
#FCF9F8	48184	15.5	3676
#FCF9F8	48183.5	15	3676
#BF817A	48168.5	0	3677
#BF817A	48169	0.5	3677
#BF817A	48169.5	0	3677
#BF817A	48169	-0.5	3677
#DFBBB7	48169	0.5	3678
#DFBBB7	48169.5	1	3678
#DFBBB7	48170	0.5	3678
#DFBBB7	48169.5	0	3678
#C8918A	48169.5	1	3679
#C8918A	48170	1.5	3679
#C8918A	48170.5	1	3679
#C8918A	48170	0.5	3679
#BD7E77	48170	1.5	3680
#BD7E77	48170.5	2	3680
#BD7E77	48171	1.5	3680
#BD7E77	48170.5	1	3680
#CD9993	48170.5	2	3681
#CD9993	48171	2.5	3681
#CD9993	48171.5	2	3681
#CD9993	48171	1.5	3681
#DFBAB6	48171	2.5	3682
#DFBAB6	48171.5	3	3682
#DFBAB6	48172	2.5	3682
#DFBAB6	48171.5	2	3682
#DBB3AE	48171.5	3	3683
#DBB3AE	48172	3.5	3683
#DBB3AE	48172.5	3	3683
#DBB3AE	48172	2.5	3683
#EED9D6	48172	3.5	3684
#EED9D6	48172.5	4	3684
#EED9D6	48173	3.5	3684
#EED9D6	48172.5	3	3684
#F4E7E5	48172.5	4	3685
#F4E7E5	48173	4.5	3685
#F4E7E5	48173.5	4	3685
#F4E7E5	48173	3.5	3685
#E7CBC7	48173	4.5	3686
#E7CBC7	48173.5	5	3686
#E7CBC7	48174	4.5	3686
#E7CBC7	48173.5	4	3686
#DDB6B1	48173.5	5	3687
#DDB6B1	48174	5.5	3687
#DDB6B1	48174.5	5	3687
#DDB6B1	48174	4.5	3687
#E6C8C5	48174	5.5	3688
#E6C8C5	48174.5	6	3688
#E6C8C5	48175	5.5	3688
#E6C8C5	48174.5	5	3688
#DFBAB6	48174.5	6	3689
#DFBAB6	48175	6.5	3689
#DFBAB6	48175.5	6	3689
#DFBAB6	48175	5.5	3689
#E5C8C4	48175	6.5	3690
#E5C8C4	48175.5	7	3690
#E5C8C4	48176	6.5	3690
#E5C8C4	48175.5	6	3690
#F1DFDC	48175.5	7	3691
#F1DFDC	48176	7.5	3691
#F1DFDC	48176.5	7	3691
#F1DFDC	48176	6.5	3691
#F8F0EF	48176	7.5	3692
#F8F0EF	48176.5	8	3692
#F8F0EF	48177	7.5	3692
#F8F0EF	48176.5	7	3692
#F0DEDC	48176.5	8	3693
#F0DEDC	48177	8.5	3693
#F0DEDC	48177.5	8	3693
#F0DEDC	48177	7.5	3693
#F8EFEE	48177	8.5	3694
#F8EFEE	48177.5	9	3694
#F8EFEE	48178	8.5	3694
#F8EFEE	48177.5	8	3694
#FBF6F5	48177.5	9	3695
#FBF6F5	48178	9.5	3695
#FBF6F5	48178.5	9	3695
#FBF6F5	48178	8.5	3695
#FCF7F6	48178	9.5	3696
#FCF7F6	48178.5	10	3696
#FCF7F6	48179	9.5	3696
#FCF7F6	48178.5	9	3696
#FCF8F7	48178.5	10	3697
#FCF8F7	48179	10.5	3697
#FCF8F7	48179.5	10	3697
#FCF8F7	48179	9.5	3697
#F8EFED	48179	10.5	3698
#F8EFED	48179.5	11	3698
#F8EFED	48180	10.5	3698
#F8EFED	48179.5	10	3698
#FFFFFF	48179.5	11	3699
#FFFFFF	48180	11.5	3699
#FFFFFF	48180.5	11	3699
#FFFFFF	48180	10.5	3699
#FEFDFD	48180	11.5	3700
#FEFDFD	48180.5	12	3700
#FEFDFD	48181	11.5	3700
#FEFDFD	48180.5	11	3700
#FAF3F2	48180.5	12	3701
#FAF3F2	48181	12.5	3701
#FAF3F2	48181.5	12	3701
#FAF3F2	48181	11.5	3701
#FCF7F7	48181	12.5	3702
#FCF7F7	48181.5	13	3702
#FCF7F7	48182	12.5	3702
#FCF7F7	48181.5	12	3702
#FEFCFC	48181.5	13	3703
#FEFCFC	48182	13.5	3703
#FEFCFC	48182.5	13	3703
#FEFCFC	48182	12.5	3703
#FAF4F3	48182	13.5	3704
#FAF4F3	48182.5	14	3704
#FAF4F3	48183	13.5	3704
#FAF4F3	48182.5	13	3704
#FDFBFB	48182.5	14	3705
#FDFBFB	48183	14.5	3705
#FDFBFB	48183.5	14	3705
#FDFBFB	48183	13.5	3705
#FDFBFA	48183	14.5	3706
#FDFBFA	48183.5	15	3706
#FDFBFA	48184	14.5	3706
#FDFBFA	48183.5	14	3706
#FBF5F4	48183.5	15	3707
#FBF5F4	48184	15.5	3707
#FBF5F4	48184.5	15	3707
#FBF5F4	48184	14.5	3707
#B6726B	48169.5	0	3708
#B6726B	48170	0.5	3708
#B6726B	48170.5	0	3708
#B6726B	48170	-0.5	3708
#CC9791	48170	0.5	3709
#CC9791	48170.5	1	3709
#CC9791	48171	0.5	3709
#CC9791	48170.5	0	3709
#BE8079	48170.5	1	3710
#BE8079	48171	1.5	3710
#BE8079	48171.5	1	3710
#BE8079	48171	0.5	3710
#CF9D97	48171	1.5	3711
#CF9D97	48171.5	2	3711
#CF9D97	48172	1.5	3711
#CF9D97	48171.5	1	3711
#EBD4D1	48171.5	2	3712
#EBD4D1	48172	2.5	3712
#EBD4D1	48172.5	2	3712
#EBD4D1	48172	1.5	3712
#E9CFCC	48172	2.5	3713
#E9CFCC	48172.5	3	3713
#E9CFCC	48173	2.5	3713
#E9CFCC	48172.5	2	3713
#F5E9E7	48172.5	3	3714
#F5E9E7	48173	3.5	3714
#F5E9E7	48173.5	3	3714
#F5E9E7	48173	2.5	3714
#FBF5F4	48173	3.5	3715
#FBF5F4	48173.5	4	3715
#FBF5F4	48174	3.5	3715
#FBF5F4	48173.5	3	3715
#FBF6F5	48173.5	4	3716
#FBF6F5	48174	4.5	3716
#FBF6F5	48174.5	4	3716
#FBF6F5	48174	3.5	3716
#EAD1CE	48174	4.5	3717
#EAD1CE	48174.5	5	3717
#EAD1CE	48175	4.5	3717
#EAD1CE	48174.5	4	3717
#E1BFBA	48174.5	5	3718
#E1BFBA	48175	5.5	3718
#E1BFBA	48175.5	5	3718
#E1BFBA	48175	4.5	3718
#E9CECA	48175	5.5	3719
#E9CECA	48175.5	6	3719
#E9CECA	48176	5.5	3719
#E9CECA	48175.5	5	3719
#ECD4D1	48175.5	6	3720
#ECD4D1	48176	6.5	3720
#ECD4D1	48176.5	6	3720
#ECD4D1	48176	5.5	3720
#E4C5C1	48176	6.5	3721
#E4C5C1	48176.5	7	3721
#E4C5C1	48177	6.5	3721
#E4C5C1	48176.5	6	3721
#F4E5E3	48176.5	7	3722
#F4E5E3	48177	7.5	3722
#F4E5E3	48177.5	7	3722
#F4E5E3	48177	6.5	3722
#EEDAD7	48177	7.5	3723
#EEDAD7	48177.5	8	3723
#EEDAD7	48178	7.5	3723
#EEDAD7	48177.5	7	3723
#F6EAE8	48177.5	8	3724
#F6EAE8	48178	8.5	3724
#F6EAE8	48178.5	8	3724
#F6EAE8	48178	7.5	3724
#F6EBEA	48178	8.5	3725
#F6EBEA	48178.5	9	3725
#F6EBEA	48179	8.5	3725
#F6EBEA	48178.5	8	3725
#FDFBFB	48178.5	9	3726
#FDFBFB	48179	9.5	3726
#FDFBFB	48179.5	9	3726
#FDFBFB	48179	8.5	3726
#F9F2F1	48179	9.5	3727
#F9F2F1	48179.5	10	3727
#F9F2F1	48180	9.5	3727
#F9F2F1	48179.5	9	3727
#FCF8F7	48179.5	10	3728
#FCF8F7	48180	10.5	3728
#FCF8F7	48180.5	10	3728
#FCF8F7	48180	9.5	3728
#F1DFDC	48180	10.5	3729
#F1DFDC	48180.5	11	3729
#F1DFDC	48181	10.5	3729
#F1DFDC	48180.5	10	3729
#FBF6F6	48180.5	11	3730
#FBF6F6	48181	11.5	3730
#FBF6F6	48181.5	11	3730
#FBF6F6	48181	10.5	3730
#FEFCFC	48181	11.5	3731
#FEFCFC	48181.5	12	3731
#FEFCFC	48182	11.5	3731
#FEFCFC	48181.5	11	3731
#F4E7E5	48181.5	12	3732
#F4E7E5	48182	12.5	3732
#F4E7E5	48182.5	12	3732
#F4E7E5	48182	11.5	3732
#FAF3F2	48182	12.5	3733
#FAF3F2	48182.5	13	3733
#FAF3F2	48183	12.5	3733
#FAF3F2	48182.5	12	3733
#FDFAFA	48182.5	13	3734
#FDFAFA	48183	13.5	3734
#FDFAFA	48183.5	13	3734
#FDFAFA	48183	12.5	3734
#FCF9F8	48183	13.5	3735
#FCF9F8	48183.5	14	3735
#FCF9F8	48184	13.5	3735
#FCF9F8	48183.5	13	3735
#FBF6F6	48183.5	14	3736
#FBF6F6	48184	14.5	3736
#FBF6F6	48184.5	14	3736
#FBF6F6	48184	13.5	3736
#F0DEDC	48184	14.5	3737
#F0DEDC	48184.5	15	3737
#F0DEDC	48185	14.5	3737
#F0DEDC	48184.5	14	3737
#A0504A	48170.5	0	3738
#A0504A	48171	0.5	3738
#A0504A	48171.5	0	3738
#A0504A	48171	-0.5	3738
#CB958F	48171	0.5	3739
#CB958F	48171.5	1	3739
#CB958F	48172	0.5	3739
#CB958F	48171.5	0	3739
#EDD7D4	48171.5	1	3740
#EDD7D4	48172	1.5	3740
#EDD7D4	48172.5	1	3740
#EDD7D4	48172	0.5	3740
#FCF8F7	48172	1.5	3741
#FCF8F7	48172.5	2	3741
#FCF8F7	48173	1.5	3741
#FCF8F7	48172.5	1	3741
#F5E8E6	48172.5	2	3742
#F5E8E6	48173	2.5	3742
#F5E8E6	48173.5	2	3742
#F5E8E6	48173	1.5	3742
#FCF7F6	48173	2.5	3743
#FCF7F6	48173.5	3	3743
#FCF7F6	48174	2.5	3743
#FCF7F6	48173.5	2	3743
#FFFFFF	48173.5	3	3744
#FFFFFF	48174	3.5	3744
#FFFFFF	48174.5	3	3744
#FFFFFF	48174	2.5	3744
#FEFCFC	48174	3.5	3745
#FEFCFC	48174.5	4	3745
#FEFCFC	48175	3.5	3745
#FEFCFC	48174.5	3	3745
#F7EDEC	48174.5	4	3746
#F7EDEC	48175	4.5	3746
#F7EDEC	48175.5	4	3746
#F7EDEC	48175	3.5	3746
#F4E7E5	48175	4.5	3747
#F4E7E5	48175.5	5	3747
#F4E7E5	48176	4.5	3747
#F4E7E5	48175.5	4	3747
#EFDBD8	48175.5	5	3748
#EFDBD8	48176	5.5	3748
#EFDBD8	48176.5	5	3748
#EFDBD8	48176	4.5	3748
#FEFCFC	48176	5.5	3749
#FEFCFC	48176.5	6	3749
#FEFCFC	48177	5.5	3749
#FEFCFC	48176.5	5	3749
#F6EBE9	48176.5	6	3750
#F6EBE9	48177	6.5	3750
#F6EBE9	48177.5	6	3750
#F6EBE9	48177	5.5	3750
#F1DFDC	48177	6.5	3751
#F1DFDC	48177.5	7	3751
#F1DFDC	48178	6.5	3751
#F1DFDC	48177.5	6	3751
#EFDBD8	48177.5	7	3752
#EFDBD8	48178	7.5	3752
#EFDBD8	48178.5	7	3752
#EFDBD8	48178	6.5	3752
#F1DFDD	48178	7.5	3753
#F1DFDD	48178.5	8	3753
#F1DFDD	48179	7.5	3753
#F1DFDD	48178.5	7	3753
#F9F2F1	48178.5	8	3754
#F9F2F1	48179	8.5	3754
#F9F2F1	48179.5	8	3754
#F9F2F1	48179	7.5	3754
#FCF8F8	48179	8.5	3755
#FCF8F8	48179.5	9	3755
#FCF8F8	48180	8.5	3755
#FCF8F8	48179.5	8	3755
#F8EFEE	48179.5	9	3756
#F8EFEE	48180	9.5	3756
#F8EFEE	48180.5	9	3756
#F8EFEE	48180	8.5	3756
#FCF9F8	48180	9.5	3757
#FCF9F8	48180.5	10	3757
#FCF9F8	48181	9.5	3757
#FCF9F8	48180.5	9	3757
#FDFAFA	48180.5	10	3758
#FDFAFA	48181	10.5	3758
#FDFAFA	48181.5	10	3758
#FDFAFA	48181	9.5	3758
#F5E8E6	48181	10.5	3759
#F5E8E6	48181.5	11	3759
#F5E8E6	48182	10.5	3759
#F5E8E6	48181.5	10	3759
#FAF3F2	48181.5	11	3760
#FAF3F2	48182	11.5	3760
#FAF3F2	48182.5	11	3760
#FAF3F2	48182	10.5	3760
#FBF6F5	48182	11.5	3761
#FBF6F5	48182.5	12	3761
#FBF6F5	48183	11.5	3761
#FBF6F5	48182.5	11	3761
#F9F0EF	48182.5	12	3762
#F9F0EF	48183	12.5	3762
#F9F0EF	48183.5	12	3762
#F9F0EF	48183	11.5	3762
#FBF6F5	48183	12.5	3763
#FBF6F5	48183.5	13	3763
#FBF6F5	48184	12.5	3763
#FBF6F5	48183.5	12	3763
#FEFCFB	48183.5	13	3764
#FEFCFB	48184	13.5	3764
#FEFCFB	48184.5	13	3764
#FEFCFB	48184	12.5	3764
#FDFBFB	48184	13.5	3765
#FDFBFB	48184.5	14	3765
#FDFBFB	48185	13.5	3765
#FDFBFB	48184.5	13	3765
#F8EFEE	48184.5	14	3766
#F8EFEE	48185	14.5	3766
#F8EFEE	48185.5	14	3766
#F8EFEE	48185	13.5	3766
#DEB8B3	48171.5	0	3767
#DEB8B3	48172	0.5	3767
#DEB8B3	48172.5	0	3767
#DEB8B3	48172	-0.5	3767
#FCF8F7	48172	0.5	3768
#FCF8F7	48172.5	1	3768
#FCF8F7	48173	0.5	3768
#FCF8F7	48172.5	0	3768
#F1E0DE	48172.5	1	3769
#F1E0DE	48173	1.5	3769
#F1E0DE	48173.5	1	3769
#F1E0DE	48173	0.5	3769
#E1BEBA	48173	1.5	3770
#E1BEBA	48173.5	2	3770
#E1BEBA	48174	1.5	3770
#E1BEBA	48173.5	1	3770
#E8CCC9	48173.5	2	3771
#E8CCC9	48174	2.5	3771
#E8CCC9	48174.5	2	3771
#E8CCC9	48174	1.5	3771
#E9CFCC	48174	2.5	3772
#E9CFCC	48174.5	3	3772
#E9CFCC	48175	2.5	3772
#E9CFCC	48174.5	2	3772
#ECD4D1	48174.5	3	3773
#ECD4D1	48175	3.5	3773
#ECD4D1	48175.5	3	3773
#ECD4D1	48175	2.5	3773
#E3C2BE	48175	3.5	3774
#E3C2BE	48175.5	4	3774
#E3C2BE	48176	3.5	3774
#E3C2BE	48175.5	3	3774
#E1BEBA	48175.5	4	3775
#E1BEBA	48176	4.5	3775
#E1BEBA	48176.5	4	3775
#E1BEBA	48176	3.5	3775
#DCB4AF	48176	4.5	3776
#DCB4AF	48176.5	5	3776
#DCB4AF	48177	4.5	3776
#DCB4AF	48176.5	4	3776
#F0DDDA	48176.5	5	3777
#F0DDDA	48177	5.5	3777
#F0DDDA	48177.5	5	3777
#F0DDDA	48177	4.5	3777
#F2E1DF	48177	5.5	3778
#F2E1DF	48177.5	6	3778
#F2E1DF	48178	5.5	3778
#F2E1DF	48177.5	5	3778
#E8CCC8	48177.5	6	3779
#E8CCC8	48178	6.5	3779
#E8CCC8	48178.5	6	3779
#E8CCC8	48178	5.5	3779
#EFDBD9	48178	6.5	3780
#EFDBD9	48178.5	7	3780
#EFDBD9	48179	6.5	3780
#EFDBD9	48178.5	6	3780
#F8EEED	48178.5	7	3781
#F8EEED	48179	7.5	3781
#F8EEED	48179.5	7	3781
#F8EEED	48179	6.5	3781
#FCF8F7	48179	7.5	3782
#FCF8F7	48179.5	8	3782
#FCF8F7	48180	7.5	3782
#FCF8F7	48179.5	7	3782
#F6EBE9	48179.5	8	3783
#F6EBE9	48180	8.5	3783
#F6EBE9	48180.5	8	3783
#F6EBE9	48180	7.5	3783
#F7EEEC	48180	8.5	3784
#F7EEEC	48180.5	9	3784
#F7EEEC	48181	8.5	3784
#F7EEEC	48180.5	8	3784
#FDFAFA	48180.5	9	3785
#FDFAFA	48181	9.5	3785
#FDFAFA	48181.5	9	3785
#FDFAFA	48181	8.5	3785
#FAF3F2	48181	9.5	3786
#FAF3F2	48181.5	10	3786
#FAF3F2	48182	9.5	3786
#FAF3F2	48181.5	9	3786
#FAF3F2	48181.5	10	3787
#FAF3F2	48182	10.5	3787
#FAF3F2	48182.5	10	3787
#FAF3F2	48182	9.5	3787
#FAF3F2	48182	10.5	3788
#FAF3F2	48182.5	11	3788
#FAF3F2	48183	10.5	3788
#FAF3F2	48182.5	10	3788
#FAF4F3	48182.5	11	3789
#FAF4F3	48183	11.5	3789
#FAF4F3	48183.5	11	3789
#FAF4F3	48183	10.5	3789
#FBF7F6	48183	11.5	3790
#FBF7F6	48183.5	12	3790
#FBF7F6	48184	11.5	3790
#FBF7F6	48183.5	11	3790
#FFFFFF	48183.5	12	3791
#FFFFFF	48184	12.5	3791
#FFFFFF	48184.5	12	3791
#FFFFFF	48184	11.5	3791
#FFFEFE	48184	12.5	3792
#FFFEFE	48184.5	13	3792
#FFFEFE	48185	12.5	3792
#FFFEFE	48184.5	12	3792
#FFFEFE	48184.5	13	3793
#FFFEFE	48185	13.5	3793
#FFFEFE	48185.5	13	3793
#FFFEFE	48185	12.5	3793
#FCF9F8	48185	13.5	3794
#FCF9F8	48185.5	14	3794
#FCF9F8	48186	13.5	3794
#FCF9F8	48185.5	13	3794
#C78E88	48172.5	0	3795
#C78E88	48173	0.5	3795
#C78E88	48173.5	0	3795
#C78E88	48173	-0.5	3795
#E8CDC9	48173	0.5	3796
#E8CDC9	48173.5	1	3796
#E8CDC9	48174	0.5	3796
#E8CDC9	48173.5	0	3796
#D9B0AB	48173.5	1	3797
#D9B0AB	48174	1.5	3797
#D9B0AB	48174.5	1	3797
#D9B0AB	48174	0.5	3797
#D7ACA6	48174	1.5	3798
#D7ACA6	48174.5	2	3798
#D7ACA6	48175	1.5	3798
#D7ACA6	48174.5	1	3798
#E2C0BC	48174.5	2	3799
#E2C0BC	48175	2.5	3799
#E2C0BC	48175.5	2	3799
#E2C0BC	48175	1.5	3799
#DDB7B2	48175	2.5	3800
#DDB7B2	48175.5	3	3800
#DDB7B2	48176	2.5	3800
#DDB7B2	48175.5	2	3800
#DAB0AB	48175.5	3	3801
#DAB0AB	48176	3.5	3801
#DAB0AB	48176.5	3	3801
#DAB0AB	48176	2.5	3801
#DDB7B2	48176	3.5	3802
#DDB7B2	48176.5	4	3802
#DDB7B2	48177	3.5	3802
#DDB7B2	48176.5	3	3802
#D6A9A4	48176.5	4	3803
#D6A9A4	48177	4.5	3803
#D6A9A4	48177.5	4	3803
#D6A9A4	48177	3.5	3803
#F4E7E5	48177	4.5	3804
#F4E7E5	48177.5	5	3804
#F4E7E5	48178	4.5	3804
#F4E7E5	48177.5	4	3804
#E7CAC7	48177.5	5	3805
#E7CAC7	48178	5.5	3805
#E7CAC7	48178.5	5	3805
#E7CAC7	48178	4.5	3805
#F3E3E1	48178	5.5	3806
#F3E3E1	48178.5	6	3806
#F3E3E1	48179	5.5	3806
#F3E3E1	48178.5	5	3806
#E9D0CC	48178.5	6	3807
#E9D0CC	48179	6.5	3807
#E9D0CC	48179.5	6	3807
#E9D0CC	48179	5.5	3807
#F9F1F0	48179	6.5	3808
#F9F1F0	48179.5	7	3808
#F9F1F0	48180	6.5	3808
#F9F1F0	48179.5	6	3808
#F8F0EF	48179.5	7	3809
#F8F0EF	48180	7.5	3809
#F8F0EF	48180.5	7	3809
#F8F0EF	48180	6.5	3809
#F7EEEC	48180	7.5	3810
#F7EEEC	48180.5	8	3810
#F7EEEC	48181	7.5	3810
#F7EEEC	48180.5	7	3810
#F9F2F1	48180.5	8	3811
#F9F2F1	48181	8.5	3811
#F9F2F1	48181.5	8	3811
#F9F2F1	48181	7.5	3811
#F9F1F0	48181	8.5	3812
#F9F1F0	48181.5	9	3812
#F9F1F0	48182	8.5	3812
#F9F1F0	48181.5	8	3812
#FDFAF9	48181.5	9	3813
#FDFAF9	48182	9.5	3813
#FDFAF9	48182.5	9	3813
#FDFAF9	48182	8.5	3813
#FDFBFA	48182	9.5	3814
#FDFBFA	48182.5	10	3814
#FDFBFA	48183	9.5	3814
#FDFBFA	48182.5	9	3814
#F3E4E2	48182.5	10	3815
#F3E4E2	48183	10.5	3815
#F3E4E2	48183.5	10	3815
#F3E4E2	48183	9.5	3815
#F9F2F1	48183	10.5	3816
#F9F2F1	48183.5	11	3816
#F9F2F1	48184	10.5	3816
#F9F2F1	48183.5	10	3816
#FDFBFB	48183.5	11	3817
#FDFBFB	48184	11.5	3817
#FDFBFB	48184.5	11	3817
#FDFBFB	48184	10.5	3817
#FEFEFE	48184	11.5	3818
#FEFEFE	48184.5	12	3818
#FEFEFE	48185	11.5	3818
#FEFEFE	48184.5	11	3818
#FDFBFA	48184.5	12	3819
#FDFBFA	48185	12.5	3819
#FDFBFA	48185.5	12	3819
#FDFBFA	48185	11.5	3819
#F9F1F0	48185	12.5	3820
#F9F1F0	48185.5	13	3820
#F9F1F0	48186	12.5	3820
#F9F1F0	48185.5	12	3820
#FBF6F5	48185.5	13	3821
#FBF6F5	48186	13.5	3821
#FBF6F5	48186.5	13	3821
#FBF6F5	48186	12.5	3821
#C78F88	48173.5	0	3822
#C78F88	48174	0.5	3822
#C78F88	48174.5	0	3822
#C78F88	48174	-0.5	3822
#D09F99	48174	0.5	3823
#D09F99	48174.5	1	3823
#D09F99	48175	0.5	3823
#D09F99	48174.5	0	3823
#E2C1BD	48174.5	1	3824
#E2C1BD	48175	1.5	3824
#E2C1BD	48175.5	1	3824
#E2C1BD	48175	0.5	3824
#F1DFDD	48175	1.5	3825
#F1DFDD	48175.5	2	3825
#F1DFDD	48176	1.5	3825
#F1DFDD	48175.5	1	3825
#F7ECEB	48175.5	2	3826
#F7ECEB	48176	2.5	3826
#F7ECEB	48176.5	2	3826
#F7ECEB	48176	1.5	3826
#EDD7D4	48176	2.5	3827
#EDD7D4	48176.5	3	3827
#EDD7D4	48177	2.5	3827
#EDD7D4	48176.5	2	3827
#EBD3D0	48176.5	3	3828
#EBD3D0	48177	3.5	3828
#EBD3D0	48177.5	3	3828
#EBD3D0	48177	2.5	3828
#F0DEDC	48177	3.5	3829
#F0DEDC	48177.5	4	3829
#F0DEDC	48178	3.5	3829
#F0DEDC	48177.5	3	3829
#FBF6F6	48177.5	4	3830
#FBF6F6	48178	4.5	3830
#FBF6F6	48178.5	4	3830
#FBF6F6	48178	3.5	3830
#F2E3E1	48178	4.5	3831
#F2E3E1	48178.5	5	3831
#F2E3E1	48179	4.5	3831
#F2E3E1	48178.5	4	3831
#EED9D6	48178.5	5	3832
#EED9D6	48179	5.5	3832
#EED9D6	48179.5	5	3832
#EED9D6	48179	4.5	3832
#EED8D5	48179	5.5	3833
#EED8D5	48179.5	6	3833
#EED8D5	48180	5.5	3833
#EED8D5	48179.5	5	3833
#F3E5E3	48179.5	6	3834
#F3E5E3	48180	6.5	3834
#F3E5E3	48180.5	6	3834
#F3E5E3	48180	5.5	3834
#F5E8E6	48180	6.5	3835
#F5E8E6	48180.5	7	3835
#F5E8E6	48181	6.5	3835
#F5E8E6	48180.5	6	3835
#F9F2F1	48180.5	7	3836
#F9F2F1	48181	7.5	3836
#F9F2F1	48181.5	7	3836
#F9F2F1	48181	6.5	3836
#F4E6E4	48181	7.5	3837
#F4E6E4	48181.5	8	3837
#F4E6E4	48182	7.5	3837
#F4E6E4	48181.5	7	3837
#FDFAFA	48181.5	8	3838
#FDFAFA	48182	8.5	3838
#FDFAFA	48182.5	8	3838
#FDFAFA	48182	7.5	3838
#F9F1F0	48182	8.5	3839
#F9F1F0	48182.5	9	3839
#F9F1F0	48183	8.5	3839
#F9F1F0	48182.5	8	3839
#FEFEFE	48182.5	9	3840
#FEFEFE	48183	9.5	3840
#FEFEFE	48183.5	9	3840
#FEFEFE	48183	8.5	3840
#FDFBFA	48183	9.5	3841
#FDFBFA	48183.5	10	3841
#FDFBFA	48184	9.5	3841
#FDFBFA	48183.5	9	3841
#F5E7E5	48183.5	10	3842
#F5E7E5	48184	10.5	3842
#F5E7E5	48184.5	10	3842
#F5E7E5	48184	9.5	3842
#F9F2F1	48184	10.5	3843
#F9F2F1	48184.5	11	3843
#F9F2F1	48185	10.5	3843
#F9F2F1	48184.5	10	3843
#FEFEFE	48184.5	11	3844
#FEFEFE	48185	11.5	3844
#FEFEFE	48185.5	11	3844
#FEFEFE	48185	10.5	3844
#F8EEED	48185	11.5	3845
#F8EEED	48185.5	12	3845
#F8EEED	48186	11.5	3845
#F8EEED	48185.5	11	3845
#F7EDEC	48185.5	12	3846
#F7EDEC	48186	12.5	3846
#F7EDEC	48186.5	12	3846
#F7EDEC	48186	11.5	3846
#FEFEFE	48186	12.5	3847
#FEFEFE	48186.5	13	3847
#FEFEFE	48187	12.5	3847
#FEFEFE	48186.5	12	3847
#AB625B	48174.5	0	3848
#AB625B	48175	0.5	3848
#AB625B	48175.5	0	3848
#AB625B	48175	-0.5	3848
#F3E4E2	48175	0.5	3849
#F3E4E2	48175.5	1	3849
#F3E4E2	48176	0.5	3849
#F3E4E2	48175.5	0	3849
#F7ECEB	48175.5	1	3850
#F7ECEB	48176	1.5	3850
#F7ECEB	48176.5	1	3850
#F7ECEB	48176	0.5	3850
#EFDCD9	48176	1.5	3851
#EFDCD9	48176.5	2	3851
#EFDCD9	48177	1.5	3851
#EFDCD9	48176.5	1	3851
#EEDAD7	48176.5	2	3852
#EEDAD7	48177	2.5	3852
#EEDAD7	48177.5	2	3852
#EEDAD7	48177	1.5	3852
#E3C2BE	48177	2.5	3853
#E3C2BE	48177.5	3	3853
#E3C2BE	48178	2.5	3853
#E3C2BE	48177.5	2	3853
#F0DEDC	48177.5	3	3854
#F0DEDC	48178	3.5	3854
#F0DEDC	48178.5	3	3854
#F0DEDC	48178	2.5	3854
#FEFEFE	48178	3.5	3855
#FEFEFE	48178.5	4	3855
#FEFEFE	48179	3.5	3855
#FEFEFE	48178.5	3	3855
#FAF4F3	48178.5	4	3856
#FAF4F3	48179	4.5	3856
#FAF4F3	48179.5	4	3856
#FAF4F3	48179	3.5	3856
#E3C3BF	48179	4.5	3857
#E3C3BF	48179.5	5	3857
#E3C3BF	48180	4.5	3857
#E3C3BF	48179.5	4	3857
#E7CBC7	48179.5	5	3858
#E7CBC7	48180	5.5	3858
#E7CBC7	48180.5	5	3858
#E7CBC7	48180	4.5	3858
#EFDCD9	48180	5.5	3859
#EFDCD9	48180.5	6	3859
#EFDCD9	48181	5.5	3859
#EFDCD9	48180.5	5	3859
#F9F1F0	48180.5	6	3860
#F9F1F0	48181	6.5	3860
#F9F1F0	48181.5	6	3860
#F9F1F0	48181	5.5	3860
#FBF5F5	48181	6.5	3861
#FBF5F5	48181.5	7	3861
#FBF5F5	48182	6.5	3861
#FBF5F5	48181.5	6	3861
#F2E2E0	48181.5	7	3862
#F2E2E0	48182	7.5	3862
#F2E2E0	48182.5	7	3862
#F2E2E0	48182	6.5	3862
#FEFDFD	48182	7.5	3863
#FEFDFD	48182.5	8	3863
#FEFDFD	48183	7.5	3863
#FEFDFD	48182.5	7	3863
#F6EBEA	48182.5	8	3864
#F6EBEA	48183	8.5	3864
#F6EBEA	48183.5	8	3864
#F6EBEA	48183	7.5	3864
#F9F1F0	48183	8.5	3865
#F9F1F0	48183.5	9	3865
#F9F1F0	48184	8.5	3865
#F9F1F0	48183.5	8	3865
#F5E7E6	48183.5	9	3866
#F5E7E6	48184	9.5	3866
#F5E7E6	48184.5	9	3866
#F5E7E6	48184	8.5	3866
#F2E1DF	48184	9.5	3867
#F2E1DF	48184.5	10	3867
#F2E1DF	48185	9.5	3867
#F2E1DF	48184.5	9	3867
#FBF6F6	48184.5	10	3868
#FBF6F6	48185	10.5	3868
#FBF6F6	48185.5	10	3868
#FBF6F6	48185	9.5	3868
#FDF9F9	48185	10.5	3869
#FDF9F9	48185.5	11	3869
#FDF9F9	48186	10.5	3869
#FDF9F9	48185.5	10	3869
#FEFCFC	48185.5	11	3870
#FEFCFC	48186	11.5	3870
#FEFCFC	48186.5	11	3870
#FEFCFC	48186	10.5	3870
#FDFBFA	48186	11.5	3871
#FDFBFA	48186.5	12	3871
#FDFBFA	48187	11.5	3871
#FDFBFA	48186.5	11	3871
#FBF6F5	48186.5	12	3872
#FBF6F5	48187	12.5	3872
#FBF6F5	48187.5	12	3872
#FBF6F5	48187	11.5	3872
#C68D87	48175.5	0	3873
#C68D87	48176	0.5	3873
#C68D87	48176.5	0	3873
#C68D87	48176	-0.5	3873
#E2C0BC	48176	0.5	3874
#E2C0BC	48176.5	1	3874
#E2C0BC	48177	0.5	3874
#E2C0BC	48176.5	0	3874
#D8ADA8	48176.5	1	3875
#D8ADA8	48177	1.5	3875
#D8ADA8	48177.5	1	3875
#D8ADA8	48177	0.5	3875
#CC9790	48177	1.5	3876
#CC9790	48177.5	2	3876
#CC9790	48178	1.5	3876
#CC9790	48177.5	1	3876
#CE9B95	48177.5	2	3877
#CE9B95	48178	2.5	3877
#CE9B95	48178.5	2	3877
#CE9B95	48178	1.5	3877
#D09E98	48178	2.5	3878
#D09E98	48178.5	3	3878
#D09E98	48179	2.5	3878
#D09E98	48178.5	2	3878
#E5C7C3	48178.5	3	3879
#E5C7C3	48179	3.5	3879
#E5C7C3	48179.5	3	3879
#E5C7C3	48179	2.5	3879
#E2C0BC	48179	3.5	3880
#E2C0BC	48179.5	4	3880
#E2C0BC	48180	3.5	3880
#E2C0BC	48179.5	3	3880
#D2A39D	48179.5	4	3881
#D2A39D	48180	4.5	3881
#D2A39D	48180.5	4	3881
#D2A39D	48180	3.5	3881
#DFBBB6	48180	4.5	3882
#DFBBB6	48180.5	5	3882
#DFBBB6	48181	4.5	3882
#DFBBB6	48180.5	4	3882
#EFDBD8	48180.5	5	3883
#EFDBD8	48181	5.5	3883
#EFDBD8	48181.5	5	3883
#EFDBD8	48181	4.5	3883
#F6E9E8	48181	5.5	3884
#F6E9E8	48181.5	6	3884
#F6E9E8	48182	5.5	3884
#F6E9E8	48181.5	5	3884
#EDD7D4	48181.5	6	3885
#EDD7D4	48182	6.5	3885
#EDD7D4	48182.5	6	3885
#EDD7D4	48182	5.5	3885
#F4E6E5	48182	6.5	3886
#F4E6E5	48182.5	7	3886
#F4E6E5	48183	6.5	3886
#F4E6E5	48182.5	6	3886
#F7EDEC	48182.5	7	3887
#F7EDEC	48183	7.5	3887
#F7EDEC	48183.5	7	3887
#F7EDEC	48183	6.5	3887
#F9F2F1	48183	7.5	3888
#F9F2F1	48183.5	8	3888
#F9F2F1	48184	7.5	3888
#F9F2F1	48183.5	7	3888
#FBF6F6	48183.5	8	3889
#FBF6F6	48184	8.5	3889
#FBF6F6	48184.5	8	3889
#FBF6F6	48184	7.5	3889
#FBF7F6	48184	8.5	3890
#FBF7F6	48184.5	9	3890
#FBF7F6	48185	8.5	3890
#FBF7F6	48184.5	8	3890
#F5E9E7	48184.5	9	3891
#F5E9E7	48185	9.5	3891
#F5E9E7	48185.5	9	3891
#F5E9E7	48185	8.5	3891
#FCF7F7	48185	9.5	3892
#FCF7F7	48185.5	10	3892
#FCF7F7	48186	9.5	3892
#FCF7F7	48185.5	9	3892
#F9F0EF	48185.5	10	3893
#F9F0EF	48186	10.5	3893
#F9F0EF	48186.5	10	3893
#F9F0EF	48186	9.5	3893
#FCF7F7	48186	10.5	3894
#FCF7F7	48186.5	11	3894
#FCF7F7	48187	10.5	3894
#FCF7F7	48186.5	10	3894
#FDFAFA	48186.5	11	3895
#FDFAFA	48187	11.5	3895
#FDFAFA	48187.5	11	3895
#FDFAFA	48187	10.5	3895
#F7ECEA	48187	11.5	3896
#F7ECEA	48187.5	12	3896
#F7ECEA	48188	11.5	3896
#F7ECEA	48187.5	11	3896
#AB615A	48176.5	0	3897
#AB615A	48177	0.5	3897
#AB615A	48177.5	0	3897
#AB615A	48177	-0.5	3897
#D2A29D	48177	0.5	3898
#D2A29D	48177.5	1	3898
#D2A29D	48178	0.5	3898
#D2A29D	48177.5	0	3898
#D2A39D	48177.5	1	3899
#D2A39D	48178	1.5	3899
#D2A39D	48178.5	1	3899
#D2A39D	48178	0.5	3899
#CE9C96	48178	1.5	3900
#CE9C96	48178.5	2	3900
#CE9C96	48179	1.5	3900
#CE9C96	48178.5	1	3900
#CE9B94	48178.5	2	3901
#CE9B94	48179	2.5	3901
#CE9B94	48179.5	2	3901
#CE9B94	48179	1.5	3901
#E0BCB8	48179	2.5	3902
#E0BCB8	48179.5	3	3902
#E0BCB8	48180	2.5	3902
#E0BCB8	48179.5	2	3902
#DEB8B3	48179.5	3	3903
#DEB8B3	48180	3.5	3903
#DEB8B3	48180.5	3	3903
#DEB8B3	48180	2.5	3903
#D8AEA9	48180	3.5	3904
#D8AEA9	48180.5	4	3904
#D8AEA9	48181	3.5	3904
#D8AEA9	48180.5	3	3904
#DBB3AE	48180.5	4	3905
#DBB3AE	48181	4.5	3905
#DBB3AE	48181.5	4	3905
#DBB3AE	48181	3.5	3905
#E5C7C3	48181	4.5	3906
#E5C7C3	48181.5	5	3906
#E5C7C3	48182	4.5	3906
#E5C7C3	48181.5	4	3906
#F8F0EF	48181.5	5	3907
#F8F0EF	48182	5.5	3907
#F8F0EF	48182.5	5	3907
#F8F0EF	48182	4.5	3907
#F2E2DF	48182	5.5	3908
#F2E2DF	48182.5	6	3908
#F2E2DF	48183	5.5	3908
#F2E2DF	48182.5	5	3908
#F9F2F1	48182.5	6	3909
#F9F2F1	48183	6.5	3909
#F9F2F1	48183.5	6	3909
#F9F2F1	48183	5.5	3909
#FCF8F8	48183	6.5	3910
#FCF8F8	48183.5	7	3910
#FCF8F8	48184	6.5	3910
#FCF8F8	48183.5	6	3910
#FCF7F6	48183.5	7	3911
#FCF7F6	48184	7.5	3911
#FCF7F6	48184.5	7	3911
#FCF7F6	48184	6.5	3911
#F0DDDA	48184	7.5	3912
#F0DDDA	48184.5	8	3912
#F0DDDA	48185	7.5	3912
#F0DDDA	48184.5	7	3912
#F7ECEB	48184.5	8	3913
#F7ECEB	48185	8.5	3913
#F7ECEB	48185.5	8	3913
#F7ECEB	48185	7.5	3913
#F6EBEA	48185	8.5	3914
#F6EBEA	48185.5	9	3914
#F6EBEA	48186	8.5	3914
#F6EBEA	48185.5	8	3914
#F5E8E7	48185.5	9	3915
#F5E8E7	48186	9.5	3915
#F5E8E7	48186.5	9	3915
#F5E8E7	48186	8.5	3915
#FFFFFF	48186	9.5	3916
#FFFFFF	48186.5	10	3916
#FFFFFF	48187	9.5	3916
#FFFFFF	48186.5	9	3916
#FAF9FC	48186.5	10	3917
#FAF9FC	48187	10.5	3917
#FAF9FC	48187.5	10	3917
#FAF9FC	48187	9.5	3917
#FBF6F5	48187	10.5	3918
#FBF6F5	48187.5	11	3918
#FBF6F5	48188	10.5	3918
#FBF6F5	48187.5	10	3918
#F9F2F1	48187.5	11	3919
#F9F2F1	48188	11.5	3919
#F9F2F1	48188.5	11	3919
#F9F2F1	48188	10.5	3919
#BD7F78	48177.5	0	3920
#BD7F78	48178	0.5	3920
#BD7F78	48178.5	0	3920
#BD7F78	48178	-0.5	3920
#D4A6A0	48178	0.5	3921
#D4A6A0	48178.5	1	3921
#D4A6A0	48179	0.5	3921
#D4A6A0	48178.5	0	3921
#DAB0AB	48178.5	1	3922
#DAB0AB	48179	1.5	3922
#DAB0AB	48179.5	1	3922
#DAB0AB	48179	0.5	3922
#C28780	48179	1.5	3923
#C28780	48179.5	2	3923
#C28780	48180	1.5	3923
#C28780	48179.5	1	3923
#D3A49E	48179.5	2	3924
#D3A49E	48180	2.5	3924
#D3A49E	48180.5	2	3924
#D3A49E	48180	1.5	3924
#C68D86	48180	2.5	3925
#C68D86	48180.5	3	3925
#C68D86	48181	2.5	3925
#C68D86	48180.5	2	3925
#C58B84	48180.5	3	3926
#C58B84	48181	3.5	3926
#C58B84	48181.5	3	3926
#C58B84	48181	2.5	3926
#C68D86	48181	3.5	3927
#C68D86	48181.5	4	3927
#C68D86	48182	3.5	3927
#C68D86	48181.5	3	3927
#E2C1BC	48181.5	4	3928
#E2C1BC	48182	4.5	3928
#E2C1BC	48182.5	4	3928
#E2C1BC	48182	3.5	3928
#EBD4D1	48182	4.5	3929
#EBD4D1	48182.5	5	3929
#EBD4D1	48183	4.5	3929
#EBD4D1	48182.5	4	3929
#E5C7C3	48182.5	5	3930
#E5C7C3	48183	5.5	3930
#E5C7C3	48183.5	5	3930
#E5C7C3	48183	4.5	3930
#F5E9E7	48183	5.5	3931
#F5E9E7	48183.5	6	3931
#F5E9E7	48184	5.5	3931
#F5E9E7	48183.5	5	3931
#FCF8F7	48183.5	6	3932
#FCF8F7	48184	6.5	3932
#FCF8F7	48184.5	6	3932
#FCF8F7	48184	5.5	3932
#FDF9F9	48184	6.5	3933
#FDF9F9	48184.5	7	3933
#FDF9F9	48185	6.5	3933
#FDF9F9	48184.5	6	3933
#FBF6F5	48184.5	7	3934
#FBF6F5	48185	7.5	3934
#FBF6F5	48185.5	7	3934
#FBF6F5	48185	6.5	3934
#EED9D6	48185	7.5	3935
#EED9D6	48185.5	8	3935
#EED9D6	48186	7.5	3935
#EED9D6	48185.5	7	3935
#F4E5E3	48185.5	8	3936
#F4E5E3	48186	8.5	3936
#F4E5E3	48186.5	8	3936
#F4E5E3	48186	7.5	3936
#F4E7E5	48186	8.5	3937
#F4E7E5	48186.5	9	3937
#F4E7E5	48187	8.5	3937
#F4E7E5	48186.5	8	3937
#FDFBFB	48186.5	9	3938
#FDFBFB	48187	9.5	3938
#FDFBFB	48187.5	9	3938
#FDFBFB	48187	8.5	3938
#FBF6F5	48187	9.5	3939
#FBF6F5	48187.5	10	3939
#FBF6F5	48188	9.5	3939
#FBF6F5	48187.5	9	3939
#FAF4F3	48187.5	10	3940
#FAF4F3	48188	10.5	3940
#FAF4F3	48188.5	10	3940
#FAF4F3	48188	9.5	3940
#FCF8F7	48188	10.5	3941
#FCF8F7	48188.5	11	3941
#FCF8F7	48189	10.5	3941
#FCF8F7	48188.5	10	3941
#B06962	48178.5	0	3942
#B06962	48179	0.5	3942
#B06962	48179.5	0	3942
#B06962	48179	-0.5	3942
#D1A19B	48179	0.5	3943
#D1A19B	48179.5	1	3943
#D1A19B	48180	0.5	3943
#D1A19B	48179.5	0	3943
#C78F88	48179.5	1	3944
#C78F88	48180	1.5	3944
#C78F88	48180.5	1	3944
#C78F88	48180	0.5	3944
#C8918A	48180	1.5	3945
#C8918A	48180.5	2	3945
#C8918A	48181	1.5	3945
#C8918A	48180.5	1	3945
#CB968F	48180.5	2	3946
#CB968F	48181	2.5	3946
#CB968F	48181.5	2	3946
#CB968F	48181	1.5	3946
#B46F68	48181	2.5	3947
#B46F68	48181.5	3	3947
#B46F68	48182	2.5	3947
#B46F68	48181.5	2	3947
#B46F68	48181.5	3	3948
#B46F68	48182	3.5	3948
#B46F68	48182.5	3	3948
#B46F68	48182	2.5	3948
#C48983	48182	3.5	3949
#C48983	48182.5	4	3949
#C48983	48183	3.5	3949
#C48983	48182.5	3	3949
#DDB6B1	48182.5	4	3950
#DDB6B1	48183	4.5	3950
#DDB6B1	48183.5	4	3950
#DDB6B1	48183	3.5	3950
#D3A59F	48183	4.5	3951
#D3A59F	48183.5	5	3951
#D3A59F	48184	4.5	3951
#D3A59F	48183.5	4	3951
#E2C1BC	48183.5	5	3952
#E2C1BC	48184	5.5	3952
#E2C1BC	48184.5	5	3952
#E2C1BC	48184	4.5	3952
#F6EAE9	48184	5.5	3953
#F6EAE9	48184.5	6	3953
#F6EAE9	48185	5.5	3953
#F6EAE9	48184.5	5	3953
#EFDCD9	48184.5	6	3954
#EFDCD9	48185	6.5	3954
#EFDCD9	48185.5	6	3954
#EFDCD9	48185	5.5	3954
#F1E0DD	48185	6.5	3955
#F1E0DD	48185.5	7	3955
#F1E0DD	48186	6.5	3955
#F1E0DD	48185.5	6	3955
#EED9D6	48185.5	7	3956
#EED9D6	48186	7.5	3956
#EED9D6	48186.5	7	3956
#EED9D6	48186	6.5	3956
#EBD4D0	48186	7.5	3957
#EBD4D0	48186.5	8	3957
#EBD4D0	48187	7.5	3957
#EBD4D0	48186.5	7	3957
#E8CDC9	48186.5	8	3958
#E8CDC9	48187	8.5	3958
#E8CDC9	48187.5	8	3958
#E8CDC9	48187	7.5	3958
#FDFAF9	48187	8.5	3959
#FDFAF9	48187.5	9	3959
#FDFAF9	48188	8.5	3959
#FDFAF9	48187.5	8	3959
#F9F2F1	48187.5	9	3960
#F9F2F1	48188	9.5	3960
#F9F2F1	48188.5	9	3960
#F9F2F1	48188	8.5	3960
#F8EFEE	48188	9.5	3961
#F8EFEE	48188.5	10	3961
#F8EFEE	48189	9.5	3961
#F8EFEE	48188.5	9	3961
#EED8D5	48188.5	10	3962
#EED8D5	48189	10.5	3962
#EED8D5	48189.5	10	3962
#EED8D5	48189	9.5	3962
#AA6059	48179.5	0	3963
#AA6059	48180	0.5	3963
#AA6059	48180.5	0	3963
#AA6059	48180	-0.5	3963
#CD9993	48180	0.5	3964
#CD9993	48180.5	1	3964
#CD9993	48181	0.5	3964
#CD9993	48180.5	0	3964
#B06961	48180.5	1	3965
#B06961	48181	1.5	3965
#B06961	48181.5	1	3965
#B06961	48181	0.5	3965
#A95D56	48181	1.5	3966
#A95D56	48181.5	2	3966
#A95D56	48182	1.5	3966
#A95D56	48181.5	1	3966
#A95D56	48181.5	2	3967
#A95D56	48182	2.5	3967
#A95D56	48182.5	2	3967
#A95D56	48182	1.5	3967
#A2534C	48182	2.5	3968
#A2534C	48182.5	3	3968
#A2534C	48183	2.5	3968
#A2534C	48182.5	2	3968
#B6726B	48182.5	3	3969
#B6726B	48183	3.5	3969
#B6726B	48183.5	3	3969
#B6726B	48183	2.5	3969
#C48982	48183	3.5	3970
#C48982	48183.5	4	3970
#C48982	48184	3.5	3970
#C48982	48183.5	3	3970
#C0837C	48183.5	4	3971
#C0837C	48184	4.5	3971
#C0837C	48184.5	4	3971
#C0837C	48184	3.5	3971
#D6A9A3	48184	4.5	3972
#D6A9A3	48184.5	5	3972
#D6A9A3	48185	4.5	3972
#D6A9A3	48184.5	4	3972
#EFDAD8	48184.5	5	3973
#EFDAD8	48185	5.5	3973
#EFDAD8	48185.5	5	3973
#EFDAD8	48185	4.5	3973
#EAD1CE	48185	5.5	3974
#EAD1CE	48185.5	6	3974
#EAD1CE	48186	5.5	3974
#EAD1CE	48185.5	5	3974
#DFBBB7	48185.5	6	3975
#DFBBB7	48186	6.5	3975
#DFBBB7	48186.5	6	3975
#DFBBB7	48186	5.5	3975
#D7ACA7	48186	6.5	3976
#D7ACA7	48186.5	7	3976
#D7ACA7	48187	6.5	3976
#D7ACA7	48186.5	6	3976
#D6A9A3	48186.5	7	3977
#D6A9A3	48187	7.5	3977
#D6A9A3	48187.5	7	3977
#D6A9A3	48187	6.5	3977
#E2C0BC	48187	7.5	3978
#E2C0BC	48187.5	8	3978
#E2C0BC	48188	7.5	3978
#E2C0BC	48187.5	7	3978
#EFDBD8	48187.5	8	3979
#EFDBD8	48188	8.5	3979
#EFDBD8	48188.5	8	3979
#EFDBD8	48188	7.5	3979
#F9F0EF	48188	8.5	3980
#F9F0EF	48188.5	9	3980
#F9F0EF	48189	8.5	3980
#F9F0EF	48188.5	8	3980
#F7ECEA	48188.5	9	3981
#F7ECEA	48189	9.5	3981
#F7ECEA	48189.5	9	3981
#F7ECEA	48189	8.5	3981
#EAD1CD	48189	9.5	3982
#EAD1CD	48189.5	10	3982
#EAD1CD	48190	9.5	3982
#EAD1CD	48189.5	9	3982
#AA5F58	48180.5	0	3983
#AA5F58	48181	0.5	3983
#AA5F58	48181.5	0	3983
#AA5F58	48181	-0.5	3983
#D2A39D	48181	0.5	3984
#D2A39D	48181.5	1	3984
#D2A39D	48182	0.5	3984
#D2A39D	48181.5	0	3984
#DAB0AB	48181.5	1	3985
#DAB0AB	48182	1.5	3985
#DAB0AB	48182.5	1	3985
#DAB0AB	48182	0.5	3985
#BB7A73	48182	1.5	3986
#BB7A73	48182.5	2	3986
#BB7A73	48183	1.5	3986
#BB7A73	48182.5	1	3986
#B47069	48182.5	2	3987
#B47069	48183	2.5	3987
#B47069	48183.5	2	3987
#B47069	48183	1.5	3987
#C8918A	48183	2.5	3988
#C8918A	48183.5	3	3988
#C8918A	48184	2.5	3988
#C8918A	48183.5	2	3988
#CA948D	48183.5	3	3989
#CA948D	48184	3.5	3989
#CA948D	48184.5	3	3989
#CA948D	48184	2.5	3989
#B7756E	48184	3.5	3990
#B7756E	48184.5	4	3990
#B7756E	48185	3.5	3990
#B7756E	48184.5	3	3990
#D5A9A3	48184.5	4	3991
#D5A9A3	48185	4.5	3991
#D5A9A3	48185.5	4	3991
#D5A9A3	48185	3.5	3991
#E8CCC9	48185	4.5	3992
#E8CCC9	48185.5	5	3992
#E8CCC9	48186	4.5	3992
#E8CCC9	48185.5	4	3992
#E4C5C1	48185.5	5	3993
#E4C5C1	48186	5.5	3993
#E4C5C1	48186.5	5	3993
#E4C5C1	48186	4.5	3993
#DEB9B5	48186	5.5	3994
#DEB9B5	48186.5	6	3994
#DEB9B5	48187	5.5	3994
#DEB9B5	48186.5	5	3994
#DDB7B2	48186.5	6	3995
#DDB7B2	48187	6.5	3995
#DDB7B2	48187.5	6	3995
#DDB7B2	48187	5.5	3995
#DFBBB6	48187	6.5	3996
#DFBBB6	48187.5	7	3996
#DFBBB6	48188	6.5	3996
#DFBBB6	48187.5	6	3996
#EAD0CC	48187.5	7	3997
#EAD0CC	48188	7.5	3997
#EAD0CC	48188.5	7	3997
#EAD0CC	48188	6.5	3997
#F9F0EF	48188	7.5	3998
#F9F0EF	48188.5	8	3998
#F9F0EF	48189	7.5	3998
#F9F0EF	48188.5	7	3998
#FBF6F5	48188.5	8	3999
#FBF6F5	48189	8.5	3999
#FBF6F5	48189.5	8	3999
#FBF6F5	48189	7.5	3999
#F8EFEE	48189	8.5	4000
#F8EFEE	48189.5	9	4000
#F8EFEE	48190	8.5	4000
#F8EFEE	48189.5	8	4000
#FAF3F2	48189.5	9	4001
#FAF3F2	48190	9.5	4001
#FAF3F2	48190.5	9	4001
#FAF3F2	48190	8.5	4001
#C38781	48181.5	0	4002
#C38781	48182	0.5	4002
#C38781	48182.5	0	4002
#C38781	48182	-0.5	4002
#D8ADA7	48182	0.5	4003
#D8ADA7	48182.5	1	4003
#D8ADA7	48183	0.5	4003
#D8ADA7	48182.5	0	4003
#A2534C	48182.5	1	4004
#A2534C	48183	1.5	4004
#A2534C	48183.5	1	4004
#A2534C	48183	0.5	4004
#9B4943	48183	1.5	4005
#9B4943	48183.5	2	4005
#9B4943	48184	1.5	4005
#9B4943	48183.5	1	4005
#B6736B	48183.5	2	4006
#B6736B	48184	2.5	4006
#B6736B	48184.5	2	4006
#B6736B	48184	1.5	4006
#AE665F	48184	2.5	4007
#AE665F	48184.5	3	4007
#AE665F	48185	2.5	4007
#AE665F	48184.5	2	4007
#A2534C	48184.5	3	4008
#A2534C	48185	3.5	4008
#A2534C	48185.5	3	4008
#A2534C	48185	2.5	4008
#C2867F	48185	3.5	4009
#C2867F	48185.5	4	4009
#C2867F	48186	3.5	4009
#C2867F	48185.5	3	4009
#D2A39D	48185.5	4	4010
#D2A39D	48186	4.5	4010
#D2A39D	48186.5	4	4010
#D2A39D	48186	3.5	4010
#CD9A94	48186	4.5	4011
#CD9A94	48186.5	5	4011
#CD9A94	48187	4.5	4011
#CD9A94	48186.5	4	4011
#BD7E77	48186.5	5	4012
#BD7E77	48187	5.5	4012
#BD7E77	48187.5	5	4012
#BD7E77	48187	4.5	4012
#BE8079	48187	5.5	4013
#BE8079	48187.5	6	4013
#BE8079	48188	5.5	4013
#BE8079	48187.5	5	4013
#C38881	48187.5	6	4014
#C38881	48188	6.5	4014
#C38881	48188.5	6	4014
#C38881	48188	5.5	4014
#E0BDB8	48188	6.5	4015
#E0BDB8	48188.5	7	4015
#E0BDB8	48189	6.5	4015
#E0BDB8	48188.5	6	4015
#E8CCC8	48188.5	7	4016
#E8CCC8	48189	7.5	4016
#E8CCC8	48189.5	7	4016
#E8CCC8	48189	6.5	4016
#E5C7C3	48189	7.5	4017
#E5C7C3	48189.5	8	4017
#E5C7C3	48190	7.5	4017
#E5C7C3	48189.5	7	4017
#EED8D6	48189.5	8	4018
#EED8D6	48190	8.5	4018
#EED8D6	48190.5	8	4018
#EED8D6	48190	7.5	4018
#ECD4D1	48190	8.5	4019
#ECD4D1	48190.5	9	4019
#ECD4D1	48191	8.5	4019
#ECD4D1	48190.5	8	4019
#A55750	48182.5	0	4020
#A55750	48183	0.5	4020
#A55750	48183.5	0	4020
#A55750	48183	-0.5	4020
#B8766F	48183	0.5	4021
#B8766F	48183.5	1	4021
#B8766F	48184	0.5	4021
#B8766F	48183.5	0	4021
#A55851	48183.5	1	4022
#A55851	48184	1.5	4022
#A55851	48184.5	1	4022
#A55851	48184	0.5	4022
#A4564F	48184	1.5	4023
#A4564F	48184.5	2	4023
#A4564F	48185	1.5	4023
#A4564F	48184.5	1	4023
#A85D56	48184.5	2	4024
#A85D56	48185	2.5	4024
#A85D56	48185.5	2	4024
#A85D56	48185	1.5	4024
#96413C	48185	2.5	4025
#96413C	48185.5	3	4025
#96413C	48186	2.5	4025
#96413C	48185.5	2	4025
#9C4A44	48185.5	3	4026
#9C4A44	48186	3.5	4026
#9C4A44	48186.5	3	4026
#9C4A44	48186	2.5	4026
#CB9690	48186	3.5	4027
#CB9690	48186.5	4	4027
#CB9690	48187	3.5	4027
#CB9690	48186.5	3	4027
#BA7871	48186.5	4	4028
#BA7871	48187	4.5	4028
#BA7871	48187.5	4	4028
#BA7871	48187	3.5	4028
#A3554E	48187	4.5	4029
#A3554E	48187.5	5	4029
#A3554E	48188	4.5	4029
#A3554E	48187.5	4	4029
#BC7D76	48187.5	5	4030
#BC7D76	48188	5.5	4030
#BC7D76	48188.5	5	4030
#BC7D76	48188	4.5	4030
#BD7E77	48188	5.5	4031
#BD7E77	48188.5	6	4031
#BD7E77	48189	5.5	4031
#BD7E77	48188.5	5	4031
#C68C86	48188.5	6	4032
#C68C86	48189	6.5	4032
#C68C86	48189.5	6	4032
#C68C86	48189	5.5	4032
#E2C0BC	48189	6.5	4033
#E2C0BC	48189.5	7	4033
#E2C0BC	48190	6.5	4033
#E2C0BC	48189.5	6	4033
#E1BFBA	48189.5	7	4034
#E1BFBA	48190	7.5	4034
#E1BFBA	48190.5	7	4034
#E1BFBA	48190	6.5	4034
#DEB8B3	48190	7.5	4035
#DEB8B3	48190.5	8	4035
#DEB8B3	48191	7.5	4035
#DEB8B3	48190.5	7	4035
#E6C9C5	48190.5	8	4036
#E6C9C5	48191	8.5	4036
#E6C9C5	48191.5	8	4036
#E6C9C5	48191	7.5	4036
#A1524B	48183.5	0	4037
#A1524B	48184	0.5	4037
#A1524B	48184.5	0	4037
#A1524B	48184	-0.5	4037
#BF817A	48184	0.5	4038
#BF817A	48184.5	1	4038
#BF817A	48185	0.5	4038
#BF817A	48184.5	0	4038
#C28780	48184.5	1	4039
#C28780	48185	1.5	4039
#C28780	48185.5	1	4039
#C28780	48185	0.5	4039
#B97770	48185	1.5	4040
#B97770	48185.5	2	4040
#B97770	48186	1.5	4040
#B97770	48185.5	1	4040
#B46F68	48185.5	2	4041
#B46F68	48186	2.5	4041
#B46F68	48186.5	2	4041
#B46F68	48186	1.5	4041
#B46F68	48186	2.5	4042
#B46F68	48186.5	3	4042
#B46F68	48187	2.5	4042
#B46F68	48186.5	2	4042
#D09E98	48186.5	3	4043
#D09E98	48187	3.5	4043
#D09E98	48187.5	3	4043
#D09E98	48187	2.5	4043
#CA938D	48187	3.5	4044
#CA938D	48187.5	4	4044
#CA938D	48188	3.5	4044
#CA938D	48187.5	3	4044
#CB958F	48187.5	4	4045
#CB958F	48188	4.5	4045
#CB958F	48188.5	4	4045
#CB958F	48188	3.5	4045
#D7ABA6	48188	4.5	4046
#D7ABA6	48188.5	5	4046
#D7ABA6	48189	4.5	4046
#D7ABA6	48188.5	4	4046
#BE8079	48188.5	5	4047
#BE8079	48189	5.5	4047
#BE8079	48189.5	5	4047
#BE8079	48189	4.5	4047
#CE9B94	48189	5.5	4048
#CE9B94	48189.5	6	4048
#CE9B94	48190	5.5	4048
#CE9B94	48189.5	5	4048
#E8CCC9	48189.5	6	4049
#E8CCC9	48190	6.5	4049
#E8CCC9	48190.5	6	4049
#E8CCC9	48190	5.5	4049
#D4A5A0	48190	6.5	4050
#D4A5A0	48190.5	7	4050
#D4A5A0	48191	6.5	4050
#D4A5A0	48190.5	6	4050
#F3E3E1	48190.5	7	4051
#F3E3E1	48191	7.5	4051
#F3E3E1	48191.5	7	4051
#F3E3E1	48191	6.5	4051
#DFBBB6	48191	7.5	4052
#DFBBB6	48191.5	8	4052
#DFBBB6	48192	7.5	4052
#DFBBB6	48191.5	7	4052
#A3544E	48184.5	0	4053
#A3544E	48185	0.5	4053
#A3544E	48185.5	0	4053
#A3544E	48185	-0.5	4053
#CB968F	48185	0.5	4054
#CB968F	48185.5	1	4054
#CB968F	48186	0.5	4054
#CB968F	48185.5	0	4054
#C0837C	48185.5	1	4055
#C0837C	48186	1.5	4055
#C0837C	48186.5	1	4055
#C0837C	48186	0.5	4055
#C38881	48186	1.5	4056
#C38881	48186.5	2	4056
#C38881	48187	1.5	4056
#C38881	48186.5	1	4056
#CC9791	48186.5	2	4057
#CC9791	48187	2.5	4057
#CC9791	48187.5	2	4057
#CC9791	48187	1.5	4057
#BE8079	48187	2.5	4058
#BE8079	48187.5	3	4058
#BE8079	48188	2.5	4058
#BE8079	48187.5	2	4058
#CB958E	48187.5	3	4059
#CB958E	48188	3.5	4059
#CB958E	48188.5	3	4059
#CB958E	48188	2.5	4059
#C38881	48188	3.5	4060
#C38881	48188.5	4	4060
#C38881	48189	3.5	4060
#C38881	48188.5	3	4060
#C78F89	48188.5	4	4061
#C78F89	48189	4.5	4061
#C78F89	48189.5	4	4061
#C78F89	48189	3.5	4061
#C1847D	48189	4.5	4062
#C1847D	48189.5	5	4062
#C1847D	48190	4.5	4062
#C1847D	48189.5	4	4062
#D09E98	48189.5	5	4063
#D09E98	48190	5.5	4063
#D09E98	48190.5	5	4063
#D09E98	48190	4.5	4063
#DAB1AC	48190	5.5	4064
#DAB1AC	48190.5	6	4064
#DAB1AC	48191	5.5	4064
#DAB1AC	48190.5	5	4064
#D2A29D	48190.5	6	4065
#D2A29D	48191	6.5	4065
#D2A29D	48191.5	6	4065
#D2A29D	48191	5.5	4065
#DEB9B4	48191	6.5	4066
#DEB9B4	48191.5	7	4066
#DEB9B4	48192	6.5	4066
#DEB9B4	48191.5	6	4066
#DCB4AF	48191.5	7	4067
#DCB4AF	48192	7.5	4067
#DCB4AF	48192.5	7	4067
#DCB4AF	48192	6.5	4067
#A4564F	48185.5	0	4068
#A4564F	48186	0.5	4068
#A4564F	48186.5	0	4068
#A4564F	48186	-0.5	4068
#BF827B	48186	0.5	4069
#BF827B	48186.5	1	4069
#BF827B	48187	0.5	4069
#BF827B	48186.5	0	4069
#C9928B	48186.5	1	4070
#C9928B	48187	1.5	4070
#C9928B	48187.5	1	4070
#C9928B	48187	0.5	4070
#DBB3AE	48187	1.5	4071
#DBB3AE	48187.5	2	4071
#DBB3AE	48188	1.5	4071
#DBB3AE	48187.5	1	4071
#DAB0AB	48187.5	2	4072
#DAB0AB	48188	2.5	4072
#DAB0AB	48188.5	2	4072
#DAB0AB	48188	1.5	4072
#C89089	48188	2.5	4073
#C89089	48188.5	3	4073
#C89089	48189	2.5	4073
#C89089	48188.5	2	4073
#D4A7A1	48188.5	3	4074
#D4A7A1	48189	3.5	4074
#D4A7A1	48189.5	3	4074
#D4A7A1	48189	2.5	4074
#D2A39D	48189	3.5	4075
#D2A39D	48189.5	4	4075
#D2A39D	48190	3.5	4075
#D2A39D	48189.5	3	4075
#D8ADA7	48189.5	4	4076
#D8ADA7	48190	4.5	4076
#D8ADA7	48190.5	4	4076
#D8ADA7	48190	3.5	4076
#DCB6B1	48190	4.5	4077
#DCB6B1	48190.5	5	4077
#DCB6B1	48191	4.5	4077
#DCB6B1	48190.5	4	4077
#E1BEBA	48190.5	5	4078
#E1BEBA	48191	5.5	4078
#E1BEBA	48191.5	5	4078
#E1BEBA	48191	4.5	4078
#DCB5B0	48191	5.5	4079
#DCB5B0	48191.5	6	4079
#DCB5B0	48192	5.5	4079
#DCB5B0	48191.5	5	4079
#E1BEBA	48191.5	6	4080
#E1BEBA	48192	6.5	4080
#E1BEBA	48192.5	6	4080
#E1BEBA	48192	5.5	4080
#CF9D96	48192	6.5	4081
#CF9D96	48192.5	7	4081
#CF9D96	48193	6.5	4081
#CF9D96	48192.5	6	4081
#AD655D	48186.5	0	4082
#AD655D	48187	0.5	4082
#AD655D	48187.5	0	4082
#AD655D	48187	-0.5	4082
#D1A19B	48187	0.5	4083
#D1A19B	48187.5	1	4083
#D1A19B	48188	0.5	4083
#D1A19B	48187.5	0	4083
#D6A9A3	48187.5	1	4084
#D6A9A3	48188	1.5	4084
#D6A9A3	48188.5	1	4084
#D6A9A3	48188	0.5	4084
#CE9A94	48188	1.5	4085
#CE9A94	48188.5	2	4085
#CE9A94	48189	1.5	4085
#CE9A94	48188.5	1	4085
#DDB7B2	48188.5	2	4086
#DDB7B2	48189	2.5	4086
#DDB7B2	48189.5	2	4086
#DDB7B2	48189	1.5	4086
#CD9993	48189	2.5	4087
#CD9993	48189.5	3	4087
#CD9993	48190	2.5	4087
#CD9993	48189.5	2	4087
#D5A8A2	48189.5	3	4088
#D5A8A2	48190	3.5	4088
#D5A8A2	48190.5	3	4088
#D5A8A2	48190	2.5	4088
#EED9D6	48190	3.5	4089
#EED9D6	48190.5	4	4089
#EED9D6	48191	3.5	4089
#EED9D6	48190.5	3	4089
#DCB5B0	48190.5	4	4090
#DCB5B0	48191	4.5	4090
#DCB5B0	48191.5	4	4090
#DCB5B0	48191	3.5	4090
#DBB3AE	48191	4.5	4091
#DBB3AE	48191.5	5	4091
#DBB3AE	48192	4.5	4091
#DBB3AE	48191.5	4	4091
#D8ADA8	48191.5	5	4092
#D8ADA8	48192	5.5	4092
#D8ADA8	48192.5	5	4092
#D8ADA8	48192	4.5	4092
#D4A5A0	48192	5.5	4093
#D4A5A0	48192.5	6	4093
#D4A5A0	48193	5.5	4093
#D4A5A0	48192.5	5	4093
#C8918B	48192.5	6	4094
#C8918B	48193	6.5	4094
#C8918B	48193.5	6	4094
#C8918B	48193	5.5	4094
#A75A53	48187.5	0	4095
#A75A53	48188	0.5	4095
#A75A53	48188.5	0	4095
#A75A53	48188	-0.5	4095
#CD9993	48188	0.5	4096
#CD9993	48188.5	1	4096
#CD9993	48189	0.5	4096
#CD9993	48188.5	0	4096
#E2C1BC	48188.5	1	4097
#E2C1BC	48189	1.5	4097
#E2C1BC	48189.5	1	4097
#E2C1BC	48189	0.5	4097
#DDB6B2	48189	1.5	4098
#DDB6B2	48189.5	2	4098
#DDB6B2	48190	1.5	4098
#DDB6B2	48189.5	1	4098
#DAB1AC	48189.5	2	4099
#DAB1AC	48190	2.5	4099
#DAB1AC	48190.5	2	4099
#DAB1AC	48190	1.5	4099
#E5C7C4	48190	2.5	4100
#E5C7C4	48190.5	3	4100
#E5C7C4	48191	2.5	4100
#E5C7C4	48190.5	2	4100
#D8ADA8	48190.5	3	4101
#D8ADA8	48191	3.5	4101
#D8ADA8	48191.5	3	4101
#D8ADA8	48191	2.5	4101
#DBB4AF	48191	3.5	4102
#DBB4AF	48191.5	4	4102
#DBB4AF	48192	3.5	4102
#DBB4AF	48191.5	3	4102
#E5C6C2	48191.5	4	4103
#E5C6C2	48192	4.5	4103
#E5C6C2	48192.5	4	4103
#E5C6C2	48192	3.5	4103
#D6A9A3	48192	4.5	4104
#D6A9A3	48192.5	5	4104
#D6A9A3	48193	4.5	4104
#D6A9A3	48192.5	4	4104
#E5C7C3	48192.5	5	4105
#E5C7C3	48193	5.5	4105
#E5C7C3	48193.5	5	4105
#E5C7C3	48193	4.5	4105
#CD9993	48193	5.5	4106
#CD9993	48193.5	6	4106
#CD9993	48194	5.5	4106
#CD9993	48193.5	5	4106
#A65952	48188.5	0	4107
#A65952	48189	0.5	4107
#A65952	48189.5	0	4107
#A65952	48189	-0.5	4107
#CD9993	48189	0.5	4108
#CD9993	48189.5	1	4108
#CD9993	48190	0.5	4108
#CD9993	48189.5	0	4108
#D8AEA8	48189.5	1	4109
#D8AEA8	48190	1.5	4109
#D8AEA8	48190.5	1	4109
#D8AEA8	48190	0.5	4109
#D1A19B	48190	1.5	4110
#D1A19B	48190.5	2	4110
#D1A19B	48191	1.5	4110
#D1A19B	48190.5	1	4110
#DAB0AB	48190.5	2	4111
#DAB0AB	48191	2.5	4111
#DAB0AB	48191.5	2	4111
#DAB0AB	48191	1.5	4111
#D3A59F	48191	2.5	4112
#D3A59F	48191.5	3	4112
#D3A59F	48192	2.5	4112
#D3A59F	48191.5	2	4112
#DFBBB7	48191.5	3	4113
#DFBBB7	48192	3.5	4113
#DFBBB7	48192.5	3	4113
#DFBBB7	48192	2.5	4113
#E9CECB	48192	3.5	4114
#E9CECB	48192.5	4	4114
#E9CECB	48193	3.5	4114
#E9CECB	48192.5	3	4114
#D8AEA8	48192.5	4	4115
#D8AEA8	48193	4.5	4115
#D8AEA8	48193.5	4	4115
#D8AEA8	48193	3.5	4115
#D8ADA8	48193	4.5	4116
#D8ADA8	48193.5	5	4116
#D8ADA8	48194	4.5	4116
#D8ADA8	48193.5	4	4116
#CB958F	48193.5	5	4117
#CB958F	48194	5.5	4117
#CB958F	48194.5	5	4117
#CB958F	48194	4.5	4117
#AA6059	48189.5	0	4118
#AA6059	48190	0.5	4118
#AA6059	48190.5	0	4118
#AA6059	48190	-0.5	4118
#C78F88	48190	0.5	4119
#C78F88	48190.5	1	4119
#C78F88	48191	0.5	4119
#C78F88	48190.5	0	4119
#CC9791	48190.5	1	4120
#CC9791	48191	1.5	4120
#CC9791	48191.5	1	4120
#CC9791	48191	0.5	4120
#DBB3AE	48191	1.5	4121
#DBB3AE	48191.5	2	4121
#DBB3AE	48192	1.5	4121
#DBB3AE	48191.5	1	4121
#DDB8B3	48191.5	2	4122
#DDB8B3	48192	2.5	4122
#DDB8B3	48192.5	2	4122
#DDB8B3	48192	1.5	4122
#DEB9B4	48192	2.5	4123
#DEB9B4	48192.5	3	4123
#DEB9B4	48193	2.5	4123
#DEB9B4	48192.5	2	4123
#EBD3CF	48192.5	3	4124
#EBD3CF	48193	3.5	4124
#EBD3CF	48193.5	3	4124
#EBD3CF	48193	2.5	4124
#DDB6B2	48193	3.5	4125
#DDB6B2	48193.5	4	4125
#DDB6B2	48194	3.5	4125
#DDB6B2	48193.5	3	4125
#DEB8B3	48193.5	4	4126
#DEB8B3	48194	4.5	4126
#DEB8B3	48194.5	4	4126
#DEB8B3	48194	3.5	4126
#D1A19B	48194	4.5	4127
#D1A19B	48194.5	5	4127
#D1A19B	48195	4.5	4127
#D1A19B	48194.5	4	4127
#A3554E	48190.5	0	4128
#A3554E	48191	0.5	4128
#A3554E	48191.5	0	4128
#A3554E	48191	-0.5	4128
#C9928B	48191	0.5	4129
#C9928B	48191.5	1	4129
#C9928B	48192	0.5	4129
#C9928B	48191.5	0	4129
#DBB3AE	48191.5	1	4130
#DBB3AE	48192	1.5	4130
#DBB3AE	48192.5	1	4130
#DBB3AE	48192	0.5	4130
#E5C7C4	48192	1.5	4131
#E5C7C4	48192.5	2	4131
#E5C7C4	48193	1.5	4131
#E5C7C4	48192.5	1	4131
#E3C3BF	48192.5	2	4132
#E3C3BF	48193	2.5	4132
#E3C3BF	48193.5	2	4132
#E3C3BF	48193	1.5	4132
#E0BCB8	48193	2.5	4133
#E0BCB8	48193.5	3	4133
#E0BCB8	48194	2.5	4133
#E0BCB8	48193.5	2	4133
#D7ABA6	48193.5	3	4134
#D7ABA6	48194	3.5	4134
#D7ABA6	48194.5	3	4134
#D7ABA6	48194	2.5	4134
#D2A39D	48194	3.5	4135
#D2A39D	48194.5	4	4135
#D2A39D	48195	3.5	4135
#D2A39D	48194.5	3	4135
#C38781	48194.5	4	4136
#C38781	48195	4.5	4136
#C38781	48195.5	4	4136
#C38781	48195	3.5	4136
#C2867F	48191.5	0	4137
#C2867F	48192	0.5	4137
#C2867F	48192.5	0	4137
#C2867F	48192	-0.5	4137
#D7ACA6	48192	0.5	4138
#D7ACA6	48192.5	1	4138
#D7ACA6	48193	0.5	4138
#D7ACA6	48192.5	0	4138
#EDD6D3	48192.5	1	4139
#EDD6D3	48193	1.5	4139
#EDD6D3	48193.5	1	4139
#EDD6D3	48193	0.5	4139
#E3C3BF	48193	1.5	4140
#E3C3BF	48193.5	2	4140
#E3C3BF	48194	1.5	4140
#E3C3BF	48193.5	1	4140
#E9CECB	48193.5	2	4141
#E9CECB	48194	2.5	4141
#E9CECB	48194.5	2	4141
#E9CECB	48194	1.5	4141
#DAB1AC	48194	2.5	4142
#DAB1AC	48194.5	3	4142
#DAB1AC	48195	2.5	4142
#DAB1AC	48194.5	2	4142
#D3A39E	48194.5	3	4143
#D3A39E	48195	3.5	4143
#D3A39E	48195.5	3	4143
#D3A39E	48195	2.5	4143
#D2A29C	48195	3.5	4144
#D2A29C	48195.5	4	4144
#D2A29C	48196	3.5	4144
#D2A29C	48195.5	3	4144
#BB7B74	48192.5	0	4145
#BB7B74	48193	0.5	4145
#BB7B74	48193.5	0	4145
#BB7B74	48193	-0.5	4145
#D5A8A3	48193	0.5	4146
#D5A8A3	48193.5	1	4146
#D5A8A3	48194	0.5	4146
#D5A8A3	48193.5	0	4146
#D4A5A0	48193.5	1	4147
#D4A5A0	48194	1.5	4147
#D4A5A0	48194.5	1	4147
#D4A5A0	48194	0.5	4147
#ECD6D3	48194	1.5	4148
#ECD6D3	48194.5	2	4148
#ECD6D3	48195	1.5	4148
#ECD6D3	48194.5	1	4148
#E1BEBA	48194.5	2	4149
#E1BEBA	48195	2.5	4149
#E1BEBA	48195.5	2	4149
#E1BEBA	48195	1.5	4149
#DCB5B0	48195	2.5	4150
#DCB5B0	48195.5	3	4150
#DCB5B0	48196	2.5	4150
#DCB5B0	48195.5	2	4150
#BB7A73	48195.5	3	4151
#BB7A73	48196	3.5	4151
#BB7A73	48196.5	3	4151
#BB7A73	48196	2.5	4151
#AC625B	48193.5	0	4152
#AC625B	48194	0.5	4152
#AC625B	48194.5	0	4152
#AC625B	48194	-0.5	4152
#D6A9A4	48194	0.5	4153
#D6A9A4	48194.5	1	4153
#D6A9A4	48195	0.5	4153
#D6A9A4	48194.5	0	4153
#E3C2BE	48194.5	1	4154
#E3C2BE	48195	1.5	4154
#E3C2BE	48195.5	1	4154
#E3C2BE	48195	0.5	4154
#DDB7B2	48195	1.5	4155
#DDB7B2	48195.5	2	4155
#DDB7B2	48196	1.5	4155
#DDB7B2	48195.5	1	4155
#D8ADA8	48195.5	2	4156
#D8ADA8	48196	2.5	4156
#D8ADA8	48196.5	2	4156
#D8ADA8	48196	1.5	4156
#B8766F	48196	2.5	4157
#B8766F	48196.5	3	4157
#B8766F	48197	2.5	4157
#B8766F	48196.5	2	4157
#B26B64	48194.5	0	4158
#B26B64	48195	0.5	4158
#B26B64	48195.5	0	4158
#B26B64	48195	-0.5	4158
#CF9C96	48195	0.5	4159
#CF9C96	48195.5	1	4159
#CF9C96	48196	0.5	4159
#CF9C96	48195.5	0	4159
#D4A59F	48195.5	1	4160
#D4A59F	48196	1.5	4160
#D4A59F	48196.5	1	4160
#D4A59F	48196	0.5	4160
#C1847D	48196	1.5	4161
#C1847D	48196.5	2	4161
#C1847D	48197	1.5	4161
#C1847D	48196.5	1	4161
#AE655E	48196.5	2	4162
#AE655E	48197	2.5	4162
#AE655E	48197.5	2	4162
#AE655E	48197	1.5	4162
#B36E67	48195.5	0	4163
#B36E67	48196	0.5	4163
#B36E67	48196.5	0	4163
#B36E67	48196	-0.5	4163
#C48982	48196	0.5	4164
#C48982	48196.5	1	4164
#C48982	48197	0.5	4164
#C48982	48196.5	0	4164
#BE7F78	48196.5	1	4165
#BE7F78	48197	1.5	4165
#BE7F78	48197.5	1	4165
#BE7F78	48197	0.5	4165
#B7746D	48197	1.5	4166
#B7746D	48197.5	2	4166
#B7746D	48198	1.5	4166
#B7746D	48197.5	1	4166
#9F4F48	48196.5	0	4167
#9F4F48	48197	0.5	4167
#9F4F48	48197.5	0	4167
#9F4F48	48197	-0.5	4167
#B8756E	48197	0.5	4168
#B8756E	48197.5	1	4168
#B8756E	48198	0.5	4168
#B8756E	48197.5	0	4168
#BB7B74	48197.5	1	4169
#BB7B74	48198	1.5	4169
#BB7B74	48198.5	1	4169
#BB7B74	48198	0.5	4169
#A1524C	48197.5	0	4170
#A1524C	48198	0.5	4170
#A1524C	48198.5	0	4170
#A1524C	48198	-0.5	4170
#C48A83	48198	0.5	4171
#C48A83	48198.5	1	4171
#C48A83	48199	0.5	4171
#C48A83	48198.5	0	4171
#AC625B	48198.5	0	4172
#AC625B	48199	0.5	4172
#AC625B	48199.5	0	4172
#AC625B	48199	-0.5	4172
